﻿key,title,created,issue_type,reporter,site,site_name,title_clean,title_lower,category,confidence
SD 173228,CSO27 błąd drukarki fiskalnej,2025 07 20 23:56:08.621000 02:00,Incydent,PL 00424 Kornik,424,Kornik,CSO27 błąd drukarki fiskalnej,cso27 błąd drukarki fiskalnej,inne,0.5
SD 173227,POS01 zawiesił się podczas płatności,2025 07 20 23:55:06.042000 02:00,Incydent,PL 00307 Ostrow Wielkopolski,307,Ostrow Wielkopolski,POS01 zawiesił się podczas płatności,pos01 zawiesił się podczas płatności,inne,0.5
SD 173225,POS01 nie działa terminal,2025 07 20 23:51:32.080000 02:00,Incydent,PL 00255 Jarocin,255,Jarocin,POS01 nie działa terminal,pos01 nie działa terminal,Terminal nie działa,0.9
SD 173224,POS01 No response message,2025 07 20 23:50:54.513000 02:00,Incydent,PL 00443 Nowy Dwor Mazowiecki,443,Nowy Dwor Mazowiecki,POS01 No response message,pos01 no response message,inne,0.5
SD 173223,CSO30 uszkodzona drukarka.,2025 07 20 23:50:25.544000 02:00,Incydent,PL 00709 MOP Widoma Wschod,709,MOP Widoma Wschod,CSO30 uszkodzona drukarka.,cso30 uszkodzona drukarka.,inne,0.5
SD 173222,POS01 zawieszona podczas płatność,2025 07 20 23:49:08.775000 02:00,Incydent,PL 00378 Gdansk 09 MPH,378,Gdansk 09 MPH,POS01 zawieszona podczas płatność,pos01 zawieszona podczas płatność,inne,0.5
SD 173219,RHS01 nie uruchomił się po awarii prądu,2025 07 20 23:42:09.404000 02:00,Incydent,PL 00410 Swinoujscie,410,Swinoujscie,RHS01 nie uruchomił się po awarii prądu,rhs01 nie uruchomił się po awarii prądu,inne,0.5
SD 173218,Błędnie wyświetlanie podsumowania zamówienia,2025 07 20 23:39:56.680000 02:00,Incydent,PL 00577 Leszno S5,577,Leszno S5,Błędnie wyświetlanie podsumowania zamówienia,błędnie wyświetlanie podsumowania zamówienia,inne,0.5
SD 173217,CR.240 nie można się zalogować,2025 07 20 23:29:19.128000 02:00,Incydent,PL 00721 Bydgoszcz Jana Pawla,721,Bydgoszcz Jana Pawla,CR.240 nie można się zalogować,cr.240 nie można się zalogować,MyStore background service nie gotowy/nie można się zalogować,0.9
SD 173216,MOP Prośba o włączenie/wyłączenie,2025 07 20 23:26:02.691000 02:00,Usługa,PL 00410 Swinoujscie,410,Swinoujscie,MOP Prośba o włączenie/wyłączenie,mop prośba o włączenie/wyłączenie,MOP Prośba o włączenie/wyłączenie,0.9
SD 173215,MyStore nie wczytują się odbicia.,2025 07 20 23:16:41.337000 02:00,Incydent,pl 00578,578,pl 00578,MyStore nie wczytują się odbicia.,mystore nie wczytują się odbicia.,MyStore Prośba o pomoc w edycji odbić czasowych,0.9
SD 173214,POS06 POS Not Initialized,2025 07 20 23:16:05.573000 02:00,Incydent,PL 00266 Krakow 13 Mogilany,266,Krakow 13 Mogilany,POS06 POS Not Initialized,pos06 pos not initialized,POS not initalized,0.9
SD 173213,POS07 brak możliwości nabicia deserów,2025 07 20 23:12:11.528000 02:00,Incydent,pl 00759,759,pl 00759,POS07 brak możliwości nabicia deserów,pos07 brak możliwości nabicia deserów,POS brak kafelków,0.9
SD 173212,MyStore błąd TR,2025 07 20 23:09:02.440000 02:00,Incydent,PL 00480 Kraków 18 Grodzka,480,Kraków 18 Grodzka,MyStore błąd TR,mystore błąd tr,inne,0.5
SD 173211,"Newpos Zamknięcie nie przeszło na kasie, z której był zamykany dzień.",2025 07 20 23:08:53.672000 02:00,Incydent,PL 00462 Airport Airside,462,Airport Airside,"Newpos Zamknięcie nie przeszło na kasie, z której był zamykany dzień.","newpos zamknięcie nie przeszło na kasie, z której był zamykany dzień.",Newpos Zamknięcie nie przeszło na kasie z której był zamykany dzień,0.9
SD 173210,RHS01 wyłączony po pożarze w restauracji,2025 07 20 23:01:48.751000 02:00,Incydent,PL 00243 Grudziadz,243,Grudziadz,RHS01 wyłączony po pożarze w restauracji,rhs01 wyłączony po pożarze w restauracji,inne,0.5
SD 173208,błędne godziny otwarcia restauracji,2025 07 20 22:57:41.614000 02:00,Incydent,PL 00268 Gdansk 08 Galeria Baltycka,268,Gdansk 08 Galeria Baltycka,błędne godziny otwarcia restauracji,błędne godziny otwarcia restauracji,inne,0.5
SD 173207,Mystore Błąd blokowania TR,2025 07 20 22:57:20.814000 02:00,Incydent,PL 00156 Zgierz 1,156,Zgierz 1,Mystore Błąd blokowania TR,mystore błąd blokowania tr,inne,0.5
SD 173205,Braki w zaktualizowanej liście magazynowej tygodniowej,2025 07 20 22:47:58.431000 02:00,Usługa,PL 00107 Sopot 1,107,Sopot 1,Braki w zaktualizowanej liście magazynowej tygodniowej,braki w zaktualizowanej liście magazynowej tygodniowej,inne,0.5
SD 173204,Waystation prośba o zamknięcie dnia,2025 07 20 22:45:23.564000 02:00,Incydent,PL 00357 Rzeszow 3 Millenium Hall,357,Rzeszow 3 Millenium Hall,Waystation prośba o zamknięcie dnia,waystation prośba o zamknięcie dnia,inne,0.5
SD 173202,MyStore nie można dokonać korekty odbić czasowych,2025 07 20 22:34:22.033000 02:00,Usługa,PL 00332 Poznan 14 Baltycka,332,Poznan 14 Baltycka,MyStore nie można dokonać korekty odbić czasowych,mystore nie można dokonać korekty odbić czasowych,MyStore Prośba o pomoc w edycji odbić czasowych,0.9
SD 173201,Glovo nie przychodzą zamówienia,2025 07 20 22:28:43.757000 02:00,Incydent,PL 00398 Gdansk 11 Lotos,398,Gdansk 11 Lotos,Glovo nie przychodzą zamówienia,glovo nie przychodzą zamówienia,inne,0.5
SD 173197,Oferta lokalna pytanie o kod do zablokowania produktu,2025 07 20 22:17:32.546000 02:00,Incydent,PL 00694 Tarnow,694,Tarnow,Oferta lokalna pytanie o kod do zablokowania produktu,oferta lokalna pytanie o kod do zablokowania produktu,inne,0.5
SD 173196,Problemem jest brak raportów zmianowych z kiosku 25 29.,2025 07 20 22:16:25.857000 02:00,Incydent,PL 00250 Lodz 12 Galeria,250,Lodz 12 Galeria,Problemem jest brak raportów zmianowych z kiosku 25 29.,problemem jest brak raportów zmianowych z kiosku 25 29.,inne,0.5
SD 173195,MOP zamówienia są odrzucane,2025 07 20 22:02:26.578000 02:00,Incydent,PL 00185 Wroclaw 09 Bardzka,185,Wroclaw 09 Bardzka,MOP zamówienia są odrzucane,mop zamówienia są odrzucane,Autorelease nie wpada automatycznie,0.9
SD 173194,POS01 POS Not Initialized,2025 07 20 21:48:32.820000 02:00,Incydent,PL 00501 Mrągowo,501,Mrągowo,POS01 POS Not Initialized,pos01 pos not initialized,POS not initalized,0.9
SD 173192,Prośba o zablokowanie MOP,2025 07 20 21:43:33.365000 02:00,Usługa,pl 00163,163,pl 00163,Prośba o zablokowanie MOP,prośba o zablokowanie mop,MOP Prośba o włączenie/wyłączenie,0.9
SD 173188,COD Skaner nie świeci się,2025 07 20 21:19:29.153000 02:00,Incydent,PL 00568 Pultusk,568,Pultusk,COD Skaner nie świeci się,cod skaner nie świeci się,inne,0.5
SD 173187,POS03 Nie działa skaner COD na 1 linii DT,2025 07 20 21:11:05.271000 02:00,Incydent,PL 00562 Wisznia Mala,562,Wisznia Mala,POS03 Nie działa skaner COD na 1 linii DT,pos03 nie działa skaner cod na 1 linii dt,POS/CSO/DT skaner nie działa,0.9
SD 173186,POS01 Terminal uszkodzony mechanicznie,2025 07 20 21:10:32.030000 02:00,Incydent,PL 00340 MOP Malopole,340,MOP Malopole,POS01 Terminal uszkodzony mechanicznie,pos01 terminal uszkodzony mechanicznie,Terminal nie działa,0.9
SD 173185,CSO25 Wyskakuje krytyczny bład drukarki,2025 07 20 21:06:14.746000 02:00,Incydent,PL 00414 MOP Stanislawice A4 South,414,MOP Stanislawice A4 South,CSO25 Wyskakuje krytyczny bład drukarki,cso25 wyskakuje krytyczny bład drukarki,inne,0.5
SD 173184,GPR Nie drukuje żadna drukarka grillowa.,2025 07 20 21:01:58.919000 02:00,Incydent,PL 00277 Bydgoszcz 5 Galeria,277,Bydgoszcz 5 Galeria,GPR Nie drukuje żadna drukarka grillowa.,gpr nie drukuje żadna drukarka grillowa.,inne,0.5
SD 173183,DT2 nie działa kamera,2025 07 20 21:00:55.755000 02:00,Poważny Incydent,Marcin Woreta,Nieznany,Marcin Woreta,DT2 nie działa kamera,dt2 nie działa kamera,inne,0.5
SD 173182,"Nie działa Wyświetlacz, pinpad nie przyjmuje płatności.",2025 07 20 20:53:30.332000 02:00,Incydent,PL 00559 Swiecie,559,Swiecie,"Nie działa Wyświetlacz, pinpad nie przyjmuje płatności.","nie działa wyświetlacz, pinpad nie przyjmuje płatności.",Terminal nie działa,0.9
SD 173181,"Uszkodzony kabel od Pinpada, płatności są odrzucane, pieniądze pobierane z konta",2025 07 20 20:50:59.408000 02:00,Incydent,PL 00559 Swiecie,559,Swiecie,"Uszkodzony kabel od Pinpada, płatności są odrzucane, pieniądze pobierane z konta","uszkodzony kabel od pinpada, płatności są odrzucane, pieniądze pobierane z konta",inne,0.5
SD 173180,POS01 NewPOS zawiesił się podczas płatności,2025 07 20 20:44:47.344000 02:00,Incydent,PL 00568 Pultusk,568,Pultusk,POS01 NewPOS zawiesił się podczas płatności,pos01 newpos zawiesił się podczas płatności,inne,0.5
SD 173179,MS9 Nie można zapisać korekty odbić czasowych.,2025 07 20 20:35:34.168000 02:00,Incydent,PL 00640 Słupsk 2 Boh. Westerplatte,640,Słupsk 2 Boh. Westerplatte,MS9 Nie można zapisać korekty odbić czasowych.,ms9 nie można zapisać korekty odbić czasowych.,MyStore Prośba o pomoc w edycji odbić czasowych,0.9
SD 173178,POS02 Admin Logon,2025 07 20 20:29:16.489000 02:00,Incydent,PL 00368 Olawa,368,Olawa,POS02 Admin Logon,pos02 admin logon,POS/CSO/KVS admin logon,0.9
SD 173177,POS01 Notorycznie wyskakuje com error,2025 07 20 20:29:12.835000 02:00,Incydent,PL 00140 Mikolow 1,140,Mikolow 1,POS01 Notorycznie wyskakuje com error,pos01 notorycznie wyskakuje com error,inne,0.5
SD 173176,Korekta błędnie wbitych strat,2025 07 20 20:18:00.716000 02:00,Usługa,PL 00648 Wola Korycka,648,Wola Korycka,Korekta błędnie wbitych strat,korekta błędnie wbitych strat,inne,0.5
SD 173158,Waystation offline po otwarciu nowego dnia biznesowego.,2025 07 20 20:12:59.812000 02:00,Incydent,PL 00416 Poznan 16 Avenida Galeria,416,Poznan 16 Avenida Galeria,Waystation offline po otwarciu nowego dnia biznesowego.,waystation offline po otwarciu nowego dnia biznesowego.,POS/CSO waystation offline,0.9
SD 173155,Głuchy telefon,2025 07 20 19:53:44.898000 02:00,Usługa,PL 00484 W Wa Galeria Rondo Wiatraczna,484,WWa Galeria Rondo Wiatraczna,Głuchy telefon,głuchy telefon,inne,0.5
SD 173154,MOP Prośba o właczenie,2025 07 20 19:42:06.942000 02:00,Incydent,PL 00440 Slubice,440,Slubice,MOP Prośba o właczenie,mop prośba o właczenie,inne,0.5
SD 173153,TAP45 prośba o zalogowanie tableta,2025 07 20 19:40:06.039000 02:00,Incydent,PL 00235 Wodzislaw Slaski,235,Wodzislaw Slaski,TAP45 prośba o zalogowanie tableta,tap45 prośba o zalogowanie tableta,inne,0.5
SD 173152,MS9 Błąd podczas przesyłania odbić TR,2025 07 20 19:34:58.111000 02:00,Incydent,pl 00405,405,pl 00405,MS9 Błąd podczas przesyłania odbić TR,ms9 błąd podczas przesyłania odbić tr,inne,0.5
SD 173151,CSO32 Niedostępny,2025 07 20 19:28:29.550000 02:00,Incydent,PL 00479 MOP Machnacz A1 W,479,MOP Machnacz A1 W,CSO32 Niedostępny,cso32 niedostępny,CSOxx niedostępny,0.9
SD 173149,Zaniki zasilania w mieście Prośba o tag w ME,2025 07 20 19:09:43.918000 02:00,Usługa,PL 00440 Slubice,440,Slubice,Zaniki zasilania w mieście Prośba o tag w ME,zaniki zasilania w mieście prośba o tag w me,inne,0.5
SD 173148,CSO26 Błąd drukarki fiskalnej,2025 07 20 19:06:59.082000 02:00,Incydent,pl 00759,759,pl 00759,CSO26 Błąd drukarki fiskalnej,cso26 błąd drukarki fiskalnej,inne,0.5
SD 173147,Kioski blokują się podczas składania zamówienia,2025 07 20 19:01:58.812000 02:00,Incydent,PL 00031 Radom 1,031,Radom 1,Kioski blokują się podczas składania zamówienia,kioski blokują się podczas składania zamówienia,inne,0.5
SD 173144,Głuchy telefon,2025 07 20 18:59:18.799000 02:00,Incydent,PL 00222 Plock 2,222,Plock 2,Głuchy telefon,głuchy telefon,inne,0.5
SD 173142,COD 1 linia nie skanują się kupony,2025 07 20 18:29:03 02:00,Incydent,PL 00652 Myszkow,652,Myszkow,COD 1 linia nie skanują się kupony,cod 1 linia nie skanują się kupony,inne,0.5
SD 173140,POS01 Terminal brak połączenia,2025 07 20 18:26:09.048000 02:00,Incydent,PL 00577 Leszno S5,577,Leszno S5,POS01 Terminal brak połączenia,pos01 terminal brak połączenia,inne,0.5
SD 173138,"Nie ma możliwości zmiany hasła na konto My store, po zalogowaniu.",2025 07 20 18:19:48.744000 02:00,Incydent,PL 00354 Ostroleka,354,Ostroleka,"Nie ma możliwości zmiany hasła na konto My store, po zalogowaniu.","nie ma możliwości zmiany hasła na konto my store, po zalogowaniu.",inne,0.5
SD 173135,MOP prośba o wyłączenie,2025 07 20 18:07:15.652000 02:00,Usługa,PL 00556 Wieliczka,556,Wieliczka,MOP prośba o wyłączenie,mop prośba o wyłączenie,MOP Prośba o włączenie/wyłączenie,0.9
SD 173134,CSO27 nie pinguje,2025 07 20 18:04:19.619000 02:00,Incydent,PL 00635 Prudnik,635,Prudnik,CSO27 nie pinguje,cso27 nie pinguje,inne,0.5
SD 173132,Pożar pytanie o adres ip dla kamer,2025 07 20 17:55:41.264000 02:00,Incydent,PL 00243 Grudziadz,243,Grudziadz,Pożar pytanie o adres ip dla kamer,pożar pytanie o adres ip dla kamer,inne,0.5
SD 173130,monitor nr 9 co jakiś czas sam z siebie sie resetuje,2025 07 20 17:27:50.571000 02:00,Incydent,PL 00539 Srem,539,Srem,monitor nr 9 co jakiś czas sam z siebie sie resetuje,monitor nr 9 co jakiś czas sam z siebie sie resetuje,inne,0.5
SD 173123,ODMB na POS2 pokazuje się komunikat że COD jest używany przez inny POS,2025 07 20 17:05:38.714000 02:00,Incydent,PL 00565 W wa Radzymińska 2,565,Wwa Radzymińska 2,ODMB na POS2 pokazuje się komunikat że COD jest używany przez inny POS,odmb na pos2 pokazuje się komunikat że cod jest używany przez inny pos,inne,0.5
SD 173122,POS03 Terminal nie odpowiada,2025 07 20 16:59:14.852000 02:00,Incydent,PL 00562 Wisznia Mala,562,Wisznia Mala,POS03 Terminal nie odpowiada,pos03 terminal nie odpowiada,Terminal nie działa,0.9
SD 173121,DT CFS Nie wyświetla się podsumowanie.,2025 07 20 16:57:56.111000 02:00,Incydent,pl 00759,759,pl 00759,DT CFS Nie wyświetla się podsumowanie.,dt cfs nie wyświetla się podsumowanie.,inne,0.5
SD 173120,oDMB CFS zawieszone podsumowanie,2025 07 20 16:56:39.502000 02:00,Incydent,PL 00565 W wa Radzymińska 2,565,Wwa Radzymińska 2,oDMB CFS zawieszone podsumowanie,odmb cfs zawieszone podsumowanie,inne,0.5
SD 173119,MS Stary wrin powoduje niezgodności w raportach,2025 07 20 16:51:46.046000 02:00,Incydent,PL 00631 Zory Sokola,631,Zory Sokola,MS Stary wrin powoduje niezgodności w raportach,ms stary wrin powoduje niezgodności w raportach,inne,0.5
SD 173118,spadek,2025 07 20 16:50:34.336000 02:00,Usługa,PL 00565 W wa Radzymińska 2,565,Wwa Radzymińska 2,spadek,spadek,inne,0.5
SD 173116,POS19 Waystation offline,2025 07 20 16:39:29.243000 02:00,Incydent,PL 00343 Garwolin,343,Garwolin,POS19 Waystation offline,pos19 waystation offline,POS/CSO waystation offline,0.9
SD 173115,ABS nie nalewa napojów,2025 07 20 16:24:46.044000 02:00,Incydent,pl 00668,668,pl 00668,ABS nie nalewa napojów,abs nie nalewa napojów,inne,0.5
SD 173114,POS01 Kasa zawiesiła się,2025 07 20 16:24:26.349000 02:00,Incydent,PL 00501 Mrągowo,501,Mrągowo,POS01 Kasa zawiesiła się,pos01 kasa zawiesiła się,POS/CSO zawieszony,0.9
SD 173113,KVS11 nie reaguje na dotyk.,2025 07 20 16:22:25.444000 02:00,Incydent,PL 00458 Airport Landside,458,Airport Landside,KVS11 nie reaguje na dotyk.,kvs11 nie reaguje na dotyk.,inne,0.5
SD 173111,GRP BEV KVS18 nie drukuje slipów,2025 07 20 16:04:07.995000 02:00,Incydent,PL 00293 MOP Rachowice,293,MOP Rachowice,GRP BEV KVS18 nie drukuje slipów,grp bev kvs18 nie drukuje slipów,inne,0.5
SD 173110,Kamer linia 2 rozmazany obraz,2025 07 20 15:57:24.583000 02:00,Incydent,PL 00419 MOP Brwinow A2 North,419,MOP Brwinow A2 North,Kamer linia 2 rozmazany obraz,kamer linia 2 rozmazany obraz,inne,0.5
SD 173109,KVS11 Nie wyświetla obrazu.,2025 07 20 15:54:58.221000 02:00,Incydent,PL 00333 MOP Wymyslow,333,MOP Wymyslow,KVS11 Nie wyświetla obrazu.,kvs11 nie wyświetla obrazu.,inne,0.5
SD 173108,"POS01, 03 Brak kafelków",2025 07 20 15:48:49.852000 02:00,Incydent,PL 00036 Krakow 02 Rondo Mateczny,036,Krakow 02 Rondo Mateczny,"POS01, 03 Brak kafelków","pos01, 03 brak kafelków",POS brak kafelków,0.9
SD 173107,MOP Prośba o włączenie MOP,2025 07 20 15:40:58.293000 02:00,Usługa,PL 00420 MOP Brwinow A2 South,420,MOP Brwinow A2 South,MOP Prośba o włączenie MOP,mop prośba o włączenie mop,MOP Prośba o włączenie/wyłączenie,0.9
SD 173106,OAT Nie drukuje slipów.,2025 07 20 15:31:59.760000 02:00,Incydent,Bialogard PL 00674,674,Bialogard,OAT Nie drukuje slipów.,oat nie drukuje slipów.,inne,0.5
SD 173105,TELEFON SERWISOWY RHS03 Nie właczył się po awarii prądu,2025 07 20 15:27:17.901000 02:00,Incydent,PL 00419 MOP Brwinow A2 North,419,MOP Brwinow A2 North,TELEFON SERWISOWY RHS03 Nie właczył się po awarii prądu,telefon serwisowy rhs03 nie właczył się po awarii prądu,telefon serwisowy,0.9
SD 173104,MS Nie można uruchomić,2025 07 20 15:25:23.516000 02:00,Incydent,PL 00495 MOP Gorzyczki A1 W,495,MOP Gorzyczki A1 W,MS Nie można uruchomić,ms nie można uruchomić,inne,0.5
SD 173103,Po zamianie SBS: CFS Linii 1 nie wyświetla obrazu nad POS#19,2025 07 20 15:23:02.189000 02:00,Incydent,PL 00735 Oborniki,735,Oborniki,Po zamianie SBS: CFS Linii 1 nie wyświetla obrazu nad POS#19,po zamianie sbs: cfs linii 1 nie wyświetla obrazu nad pos#19,inne,0.5
SD 173101,MS Duża dewiacja,2025 07 20 15:14:55.083000 02:00,Incydent,PL 00643 Bytow,643,Bytow,MS Duża dewiacja,ms duża dewiacja,inne,0.5
SD 173100,CSO25 Nie pinguje.,2025 07 20 15:09:54.173000 02:00,Incydent,PL 00325 Chrzanow,325,Chrzanow,CSO25 Nie pinguje.,cso25 nie pinguje.,inne,0.5
SD 173099,Pos03 Drukarka offline,2025 07 20 15:06:45.310000 02:00,Incydent,PL 00479 MOP Machnacz A1 W,479,MOP Machnacz A1 W,Pos03 Drukarka offline,pos03 drukarka offline,inne,0.5
SD 173098,Brak uprawnień u kierownika restauracji,2025 07 20 15:04:46.623000 02:00,Incydent,PL 00279 Koszalin 2,279,Koszalin 2,Brak uprawnień u kierownika restauracji,brak uprawnień u kierownika restauracji,inne,0.5
SD 173096,"POS, KVS Czas o godzine do przodu",2025 07 20 14:55:37.088000 02:00,Incydent,PL 00479 MOP Machnacz A1 W,479,MOP Machnacz A1 W,"POS, KVS Czas o godzine do przodu","pos, kvs czas o godzine do przodu",inne,0.5
SD 173095,Korekta błędnie wbitych strat,2025 07 20 14:54:28.655000 02:00,Usługa,pl 00668,668,pl 00668,Korekta błędnie wbitych strat,korekta błędnie wbitych strat,inne,0.5
SD 173093,POS24 error 2064,2025 07 20 14:45:39.724000 02:00,Incydent,PL 00254 Szczecin 6 Galaxy,254,Szczecin 6 Galaxy,POS24 error 2064,pos24 error 2064,inne,0.5
SD 173092,Kiosk CSO 27 Niedostępny zły dzień biznesowy,2025 07 20 14:44:51.880000 02:00,Incydent,Grzegorz Kalafarski,Nieznany,Grzegorz Kalafarski,Kiosk CSO 27 Niedostępny zły dzień biznesowy,kiosk cso 27 niedostępny zły dzień biznesowy,CSOxx niedostępny,0.9
SD 173091,GPR MCC nie drukuje slipów,2025 07 20 14:41:32.887000 02:00,Incydent,PL 00329 Pulawy,329,Pulawy,GPR MCC nie drukuje slipów,gpr mcc nie drukuje slipów,inne,0.5
SD 173090,Korekta błędnie wbitych strat,2025 07 20 14:38:22.924000 02:00,Usługa,PL 00138 Lodz 09 Retkinia,138,Lodz 09 Retkinia,Korekta błędnie wbitych strat,korekta błędnie wbitych strat,inne,0.5
SD 173089,drukarka beverage drukuje po kilkanaście opisów na specjalne produkty,2025 07 20 14:35:35.065000 02:00,Incydent,Dagmara,Nieznany,Dagmara,drukarka beverage drukuje po kilkanaście opisów na specjalne produkty,drukarka beverage drukuje po kilkanaście opisów na specjalne produkty,inne,0.5
SD 173088,Błędnie wbite straty,2025 07 20 14:35:23.991000 02:00,Incydent,PL 00217 W wa 28 Galeria,217,Wwa 28 Galeria,Błędnie wbite straty,błędnie wbite straty,inne,0.5
SD 173087,Kamery DT Rozmazany podglad,2025 07 20 14:34:19.347000 02:00,Incydent,PL 00068 Gorzow Wlkp 1,068,Gorzow Wlkp 1,Kamery DT Rozmazany podglad,kamery dt rozmazany podglad,inne,0.5
SD 173086,MFY2 GPR Nie drukuje opisek.,2025 07 20 14:17:37.303000 02:00,Incydent,PL 00111 Pszczyna 1,111,Pszczyna 1,MFY2 GPR Nie drukuje opisek.,mfy2 gpr nie drukuje opisek.,inne,0.5
SD 173084,Korekta błędnie wbitych strat,2025 07 20 14:14:19.611000 02:00,Usługa,PL 00519 Krotoszyn,519,Krotoszyn,Korekta błędnie wbitych strat,korekta błędnie wbitych strat,inne,0.5
SD 173083,kiosk nr 25 nie uruchamia się,2025 07 20 14:13:31.844000 02:00,Incydent,PL 00404 Kolbuszowa,404,Kolbuszowa,kiosk nr 25 nie uruchamia się,kiosk nr 25 nie uruchamia się,inne,0.5
SD 173082,ODMB czarny ekran,2025 07 20 13:56:42.427000 02:00,Incydent,PL 00420 MOP Brwinow A2 South,420,MOP Brwinow A2 South,ODMB czarny ekran,odmb czarny ekran,inne,0.5
SD 173080,POS01 zablokowana kasa na refund,2025 07 20 13:54:45.122000 02:00,Incydent,PL 00311 Nowy Dwor Gdanski,311,Nowy Dwor Gdanski,POS01 zablokowana kasa na refund,pos01 zablokowana kasa na refund,inne,0.5
SD 173079,Ms9 Błędnie wbite straty,2025 07 20 13:52:23.078000 02:00,Incydent,PL 00217 W wa 28 Galeria,217,Wwa 28 Galeria,Ms9 Błędnie wbite straty,ms9 błędnie wbite straty,inne,0.5
SD 173078,Spadek,2025 07 20 13:51:45.767000 02:00,Usługa,pl asista,Asystent,Asystent systemowy,Spadek,spadek,inne,0.5
SD 173077,MOP prośba o włączenie,2025 07 20 13:49:43.819000 02:00,Usługa,PL 00652 Myszkow,652,Myszkow,MOP prośba o włączenie,mop prośba o włączenie,MOP Prośba o włączenie/wyłączenie,0.9
SD 173076,Havi connect brak,2025 07 20 13:48:27.525000 02:00,Usługa,PL 00552 Jawczyce,552,Jawczyce,Havi connect brak,havi connect brak,inne,0.5
SD 173075,brak dnia 10.07,2025 07 20 13:36:38.778000 02:00,Incydent,PL 00455 Grodzisk Wielkopolski,455,Grodzisk Wielkopolski,brak dnia 10.07,brak dnia 10.07,inne,0.5
SD 173073,KVSy nie uruchomione w pełni po awarii,2025 07 20 13:32:11.779000 02:00,Usługa,PL 00420 MOP Brwinow A2 South,420,MOP Brwinow A2 South,KVSy nie uruchomione w pełni po awarii,kvsy nie uruchomione w pełni po awarii,inne,0.5
SD 173072,Głuchy telefon,2025 07 20 13:27:03.755000 02:00,Usługa,PL 00420 MOP Brwinow A2 South,420,MOP Brwinow A2 South,Głuchy telefon,głuchy telefon,inne,0.5
SD 173071,RHS01 wyłączony po awarii zasilania,2025 07 20 13:25:25.320000 02:00,Incydent,PL 00420 MOP Brwinow A2 South,420,MOP Brwinow A2 South,RHS01 wyłączony po awarii zasilania,rhs01 wyłączony po awarii zasilania,inne,0.5
SD 173070,Głuchy telefon,2025 07 20 13:22:27.573000 02:00,Usługa,PL 00420 MOP Brwinow A2 South,420,MOP Brwinow A2 South,Głuchy telefon,głuchy telefon,inne,0.5
SD 173069,POS 6 i 7 kasy pobrały płatność a nie wydrukował się paragon,2025 07 20 13:14:45.815000 02:00,Incydent,pl 00702,702,pl 00702,POS 6 i 7 kasy pobrały płatność a nie wydrukował się paragon,pos 6 i 7 kasy pobrały płatność a nie wydrukował się paragon,inne,0.5
SD 173068,MOP Prośba o włączenie,2025 07 20 13:13:04.036000 02:00,Usługa,PL 00419 MOP Brwinow A2 North,419,MOP Brwinow A2 North,MOP Prośba o włączenie,mop prośba o włączenie,MOP Prośba o włączenie/wyłączenie,0.9
SD 173067,Pos19 Abs nie nalewa automatycznie napojów,2025 07 20 13:07:26.392000 02:00,Incydent,pl 00708,708,pl 00708,Pos19 Abs nie nalewa automatycznie napojów,pos19 abs nie nalewa automatycznie napojów,inne,0.5
SD 173066,Bita smietana w personalizacji,2025 07 20 13:05:33.133000 02:00,Incydent,PL 00264 Lodz 13 Manufaktura,264,Lodz 13 Manufaktura,Bita smietana w personalizacji,bita smietana w personalizacji,inne,0.5
SD 173065,Korekta błędnie wbitych strat,2025 07 20 13:02:13.935000 02:00,Usługa,PL 00562 Wisznia Mala,562,Wisznia Mala,Korekta błędnie wbitych strat,korekta błędnie wbitych strat,inne,0.5
SD 173064,nie drukuje slipów,2025 07 20 12:51:39.628000 02:00,Incydent,PL 00264 Lodz 13 Manufaktura,264,Lodz 13 Manufaktura,nie drukuje slipów,nie drukuje slipów,inne,0.5
SD 173063,Włączenie/Wyłączenie usługi MOP,2025 07 20 12:47:01.671000 02:00,Usługa,PL 00243 Grudziadz,243,Grudziadz,Włączenie/Wyłączenie usługi MOP,włączenie/wyłączenie usługi mop,MOP Prośba o włączenie/wyłączenie,0.9
SD 173062,CSO26 Bluescreen,2025 07 20 12:46:09.302000 02:00,Incydent,PL 00271 Siedlce,271,Siedlce,CSO26 Bluescreen,cso26 bluescreen,inne,0.5
SD 173061,Rozmazany obraz kamery Merge Point,2025 07 20 12:41:22.796000 02:00,Incydent,PL 00186 Walbrzych,186,Walbrzych,Rozmazany obraz kamery Merge Point,rozmazany obraz kamery merge point,inne,0.5
SD 173060,rzy podsumowaniu zamówienia z perspektywy gościa wyświetla się 2 ostatnie cyfry z numeru zamówienia.,2025 07 20 12:41:20.048000 02:00,Incydent,PL 00395 Siedlce 02 Galeria S,395,Siedlce 02 Galeria S,rzy podsumowaniu zamówienia z perspektywy gościa wyświetla się 2 ostatnie cyfry z numeru zamówienia.,rzy podsumowaniu zamówienia z perspektywy gościa wyświetla się 2 ostatnie cyfry z numeru zamówienia.,inne,0.5
SD 173059,POS01 zawieszona,2025 07 20 12:40:26.887000 02:00,Incydent,PL 00557 Lowicz,557,Lowicz,POS01 zawieszona,pos01 zawieszona,inne,0.5
SD 173058,MS9 nie można uruchomić programu,2025 07 20 12:36:56.928000 02:00,Usługa,PL 00466 W wa 50 Zachodnia,466,Wwa 50 Zachodnia,MS9 nie można uruchomić programu,ms9 nie można uruchomić programu,inne,0.5
SD 173057,DT pogłos na słuchawce 1szej linii,2025 07 20 12:36:48.418000 02:00,Incydent,PL 00603 Rybnik A1 Autohof,603,Rybnik A1 Autohof,DT pogłos na słuchawce 1szej linii,dt pogłos na słuchawce 1szej linii,inne,0.5
SD 173056,MOP prośba o wyłączenie,2025 07 20 12:32:38.642000 02:00,Usługa,PL 00652 Myszkow,652,Myszkow,MOP prośba o wyłączenie,mop prośba o wyłączenie,MOP Prośba o włączenie/wyłączenie,0.9
SD 173055,DF MOP nie prawidłowy dzień biznesowy,2025 07 20 12:31:59.962000 02:00,Incydent,PL 00594 Paslek,594,Paslek,DF MOP nie prawidłowy dzień biznesowy,df mop nie prawidłowy dzień biznesowy,inne,0.5
SD 173054,Rhs nie wstały po awari prądu,2025 07 20 12:31:02.392000 02:00,Incydent,PL 00419 MOP Brwinow A2 North,419,MOP Brwinow A2 North,Rhs nie wstały po awari prądu,rhs nie wstały po awari prądu,inne,0.5
SD 173053,COD skanery nie skanują kuponów,2025 07 20 12:30:59.042000 02:00,Incydent,PL 00147 W wa 22 Pulkowa,147,Wwa 22 Pulkowa,COD skanery nie skanują kuponów,cod skanery nie skanują kuponów,inne,0.5
SD 173052,KVS19 drukarka grillowa nie drukuje,2025 07 20 12:26:42.005000 02:00,Incydent,PL 00264 Lodz 13 Manufaktura,264,Lodz 13 Manufaktura,KVS19 drukarka grillowa nie drukuje,kvs19 drukarka grillowa nie drukuje,inne,0.5
SD 173051,CSO25 32 tapetą z przestarzałą ofertą Hit Maka!,2025 07 20 12:21:39.256000 02:00,Incydent,pl 00733,733,pl 00733,CSO25 32 tapetą z przestarzałą ofertą Hit Maka!,cso25 32 tapetą z przestarzałą ofertą hit maka!,inne,0.5
SD 173050,HWA01 zawieszony i nieresponsywny,2025 07 20 12:18:53.400000 02:00,Incydent,PL 00476 Bydgoszcz 07 Focus,476,Bydgoszcz 07 Focus,HWA01 zawieszony i nieresponsywny,hwa01 zawieszony i nieresponsywny,inne,0.5
SD 173049,Rhs nie wstały po awari prądu,2025 07 20 12:17:41.557000 02:00,Incydent,PL 00652 Myszkow,652,Myszkow,Rhs nie wstały po awari prądu,rhs nie wstały po awari prądu,inne,0.5
SD 173048,COD skanery nie skanują kuponów,2025 07 20 12:07:07.326000 02:00,Incydent,PL 00598 Opole Obwodnica,598,Opole Obwodnica,COD skanery nie skanują kuponów,cod skanery nie skanują kuponów,inne,0.5
SD 173047,iDMB FC czarne ekrany,2025 07 20 11:59:24.138000 02:00,Incydent,PL 00395 Siedlce 02 Galeria S,395,Siedlce 02 Galeria S,iDMB FC czarne ekrany,idmb fc czarne ekrany,inne,0.5
SD 173046,Kvs18 czerwony napis z off,2025 07 20 11:51:03.518000 02:00,Incydent,PL 00418 Kalisz 02 Echo CH Amber,418,Kalisz 02 Echo CH Amber,Kvs18 czerwony napis z off,kvs18 czerwony napis z off,inne,0.5
SD 173041,POS03 ABS nie nalewa automatycznie napoi,2025 07 20 11:33:54.233000 02:00,Incydent,PL 00378 Gdansk 09 MPH,378,Gdansk 09 MPH,POS03 ABS nie nalewa automatycznie napoi,pos03 abs nie nalewa automatycznie napoi,inne,0.5
SD 173040,iDMB FC nie działają,2025 07 20 11:27:43.460000 02:00,Incydent,PL 00263 Krakow 12 ECE Mall,263,Krakow 12 ECE Mall,iDMB FC nie działają,idmb fc nie działają,inne,0.5
SD 173037,KVS01 drukarka grillowa nie drukuje,2025 07 20 11:13:23.435000 02:00,Incydent,MOP Wozniki PL 00683,683,MOP Wozniki,KVS01 drukarka grillowa nie drukuje,kvs01 drukarka grillowa nie drukuje,inne,0.5
SD 173036,RE: McDonald s Poland Coates Support Case 00378137 Acknowledgment,2025 07 20 10:54:21.407000 02:00,Usługa,pl asista,Asystent,Asystent systemowy,RE: McDonald s Poland Coates Support Case 00378137 Acknowledgment,re: mcdonald s poland coates support case 00378137 acknowledgment,inne,0.5
SD 173034,OfficePC nie da się zalogować,2025 07 20 10:48:34.023000 02:00,Incydent,PL 00579 Bytom Karb II,579,Bytom Karb II,OfficePC nie da się zalogować,officepc nie da się zalogować,inne,0.5
SD 173033,ACTION NEEDED : We are awaiting a response for Case : 00377226 for McDonald s PL 61600207,2025 07 20 10:45:20.966000 02:00,Usługa,pl asista,Asystent,Asystent systemowy,ACTION NEEDED : We are awaiting a response for Case : 00377226 for McDonald s PL 61600207,action needed : we are awaiting a response for case : 00377226 for mcdonald s pl 61600207,inne,0.5
SD 173032,ACTION NEEDED : We are awaiting a response for Case : 00376866 for McDonald s PL Radom 61600105,2025 07 20 10:44:21.706000 02:00,Usługa,PL 00105 Radom 2 Ustronie,105,Radom 2 Ustronie,ACTION NEEDED : We are awaiting a response for Case : 00376866 for McDonald s PL Radom 61600105,action needed : we are awaiting a response for case : 00376866 for mcdonald s pl radom 61600105,inne,0.5
SD 173031,ACTION NEEDED : We are awaiting a response for Case : 00376559 for McDonald s PL Koszalin 61600339,2025 07 20 10:41:21.873000 02:00,Usługa,pl asista,Asystent,Asystent systemowy,ACTION NEEDED : We are awaiting a response for Case : 00376559 for McDonald s PL Koszalin 61600339,action needed : we are awaiting a response for case : 00376559 for mcdonald s pl koszalin 61600339,inne,0.5
SD 173030,Bev nieskalibrowany wydruk jest za duzy,2025 07 20 10:40:08.464000 02:00,Incydent,pl 00754,754,pl 00754,Bev nieskalibrowany wydruk jest za duzy,bev nieskalibrowany wydruk jest za duzy,inne,0.5
SD 173029,ACTION NEEDED : We are awaiting a response for Case : 00375442 for McDonald s PL Sochaczew 61600386,2025 07 20 10:37:21.555000 02:00,Usługa,pl asista,Asystent,Asystent systemowy,ACTION NEEDED : We are awaiting a response for Case : 00375442 for McDonald s PL Sochaczew 61600386,action needed : we are awaiting a response for case : 00375442 for mcdonald s pl sochaczew 61600386,inne,0.5
SD 173027,Pos01 brak podsumowania na kafelku przywolaj z pamieci,2025 07 20 10:12:54.114000 02:00,Incydent,PL 00178 Rumia 1 Grunwaldzka,178,Rumia 1 Grunwaldzka,Pos01 brak podsumowania na kafelku przywolaj z pamieci,pos01 brak podsumowania na kafelku przywolaj z pamieci,POS brak kafelków,0.9
SD 173025,Zmiana godzin dostaw,2025 07 20 10:11:23.065000 02:00,Incydent,pl 00706,706,pl 00706,Zmiana godzin dostaw,zmiana godzin dostaw,inne,0.5
SD 173024,Pos01 No response Message,2025 07 20 10:08:44.604000 02:00,Incydent,PL 00274 Gniezno,274,Gniezno,Pos01 No response Message,pos01 no response message,inne,0.5
SD 173023,Podczas wymiany rolki z papierem zauważyliśmy odłamany biały element,2025 07 20 09:57:57.295000 02:00,Incydent,PL 00496 Knurow,496,Knurow,Podczas wymiany rolki z papierem zauważyliśmy odłamany biały element,podczas wymiany rolki z papierem zauważyliśmy odłamany biały element,inne,0.5
SD 173022,KVS01 brak komunikatu dźwiękowego,2025 07 20 09:55:34.911000 02:00,Incydent,PL 00248 W wa 34 Park Wola,248,Wwa 34 Park Wola,KVS01 brak komunikatu dźwiękowego,kvs01 brak komunikatu dźwiękowego,inne,0.5
SD 173020,Skaner na 2 linii DT nie ma wiązki światła,2025 07 20 09:49:31.074000 02:00,Incydent,PL 00237 Torun 3,237,Torun 3,Skaner na 2 linii DT nie ma wiązki światła,skaner na 2 linii dt nie ma wiązki światła,POS/CSO/DT skaner nie działa,0.9
SD 173019,KVS czasy 0/0 na Monitorach,2025 07 20 09:46:32.227000 02:00,Incydent,PL 00580 Wagrowiec,580,Wagrowiec,KVS czasy 0/0 na Monitorach,kvs czasy 0/0 na monitorach,inne,0.5
SD 173018,Brak zamówień na POS i AR,2025 07 20 09:31:55.111000 02:00,Incydent,Natalia Chrzanowska,Nieznany,Natalia Chrzanowska,Brak zamówień na POS i AR,brak zamówień na pos i ar,POS brak kafelków,0.9
SD 173017,GSC01 brak zasilania,2025 07 20 09:17:19.017000 02:00,Incydent,PL 00440 Slubice,440,Slubice,GSC01 brak zasilania,gsc01 brak zasilania,inne,0.5
SD 173015,IDMB nie pokazuje obrazu,2025 07 20 09:13:19.895000 02:00,Incydent,PL 00303 Krakow 14 Bonarka,303,Krakow 14 Bonarka,IDMB nie pokazuje obrazu,idmb nie pokazuje obrazu,inne,0.5
SD 173014,FRY nie wyświetla frytek,2025 07 20 09:06:06.241000 02:00,Incydent,PL 00457 Wroclaw 20 Dworzec PKP 2,457,Wroclaw 20 Dworzec PKP 2,FRY nie wyświetla frytek,fry nie wyświetla frytek,inne,0.5
SD 173013,IDMB Nie podłączono kabla,2025 07 20 09:04:43.532000 02:00,Incydent,PL 00354 Ostroleka,354,Ostroleka,IDMB Nie podłączono kabla,idmb nie podłączono kabla,inne,0.5
SD 173012,POS błąd na kasie,2025 07 20 08:55:29.109000 02:00,Incydent,PL 00678 Kedzierzyn Kozle,678,Kedzierzyn Kozle,POS błąd na kasie,pos błąd na kasie,inne,0.5
SD 173010,POS 1 i 2 nie można wylogować i zalogować kasjera,2025 07 20 08:52:15.511000 02:00,Incydent,PL 00289 MOP Leka,289,MOP Leka,POS 1 i 2 nie można wylogować i zalogować kasjera,pos 1 i 2 nie można wylogować i zalogować kasjera,inne,0.5
SD 173008,MS zmiana hasła,2025 07 20 08:44:50.693000 02:00,Incydent,PL 00577 Leszno S5,577,Leszno S5,MS zmiana hasła,ms zmiana hasła,inne,0.5
SD 173007,Oddzwonienie w sprawie awarii zasilania,2025 07 20 08:42:09.539000 02:00,Incydent,PL 00419 MOP Brwinow A2 North,419,MOP Brwinow A2 North,Oddzwonienie w sprawie awarii zasilania,oddzwonienie w sprawie awarii zasilania,inne,0.5
SD 173006,Brak dzwięku przy wpadnięciu zamówienia.,2025 07 20 08:40:32.123000 02:00,Incydent,PL 00494 Naklo nad Notecia,494,Naklo nad Notecia,Brak dzwięku przy wpadnięciu zamówienia.,brak dzwięku przy wpadnięciu zamówienia.,inne,0.5
SD 173005,MOP błędy unknown error z dnia 20250719,2025 07 20 08:39:09.207000 02:00,Incydent,PL 00188 Plock 1,188,Plock 1,MOP błędy unknown error z dnia 20250719,mop błędy unknown error z dnia 20250719,inne,0.5
SD 173004,"Terminal przy kasie 01, nie łączy się z internetem, aby przyjąć płatność trzeba próbować kilka razy przyłożyć kartę płatniczą, wszystkie inne terminale działają bezproblemowo, restart terminala nie pomaga, terminal jest prawidłowo podpięty .",2025 07 20 08:31:21.936000 02:00,Incydent,PL 00423 Strzegom,423,Strzegom,"Terminal przy kasie 01, nie łączy się z internetem, aby przyjąć płatność trzeba próbować kilka razy przyłożyć kartę płatniczą, wszystkie inne terminale działają bezproblemowo, restart terminala nie pomaga, terminal jest prawidłowo podpięty .","terminal przy kasie 01, nie łączy się z internetem, aby przyjąć płatność trzeba próbować kilka razy przyłożyć kartę płatniczą, wszystkie inne terminale działają bezproblemowo, restart terminala nie pomaga, terminal jest prawidłowo podpięty .",Terminal nie działa,0.9
SD 173003,CFS nieprawidłowe podsumowanie zamówienia,2025 07 20 08:28:53.689000 02:00,Incydent,PL 00080 Krakow 03 Opolska,080,Krakow 03 Opolska,CFS nieprawidłowe podsumowanie zamówienia,cfs nieprawidłowe podsumowanie zamówienia,inne,0.5
SD 173002,DT1 nie działa skaner,2025 07 20 08:27:54.162000 02:00,Incydent,pl 00702,702,pl 00702,DT1 nie działa skaner,dt1 nie działa skaner,POS/CSO/DT skaner nie działa,0.9
SD 173001,MOP DF nie pinguje,2025 07 20 08:27:42.380000 02:00,Incydent,PL 00479 MOP Machnacz A1 W,479,MOP Machnacz A1 W,MOP DF nie pinguje,mop df nie pinguje,inne,0.5
SD 173000,"po nabiciu na kasę kiosk kawy Iced, abs nie daje lodu do kubka",2025 07 20 08:27:07.665000 02:00,Incydent,PL 00058 W wa 17 Wilanow,058,Wwa 17 Wilanow,"po nabiciu na kasę kiosk kawy Iced, abs nie daje lodu do kubka","po nabiciu na kasę kiosk kawy iced, abs nie daje lodu do kubka",inne,0.5
SD 172999,MS nieprawidłowe czasy,2025 07 20 08:16:38.304000 02:00,Incydent,PL 00662 MOP S8 Przyjmy,662,MOP S8 Przyjmy,MS nieprawidłowe czasy,ms nieprawidłowe czasy,inne,0.5
SD 172997,DT1/DT2 brak podglądu na kamery,2025 07 20 08:08:09.725000 02:00,Incydent,PL 00340 MOP Malopole,340,MOP Malopole,DT1/DT2 brak podglądu na kamery,dt1/dt2 brak podglądu na kamery,inne,0.5
SD 172996,MS wysokie czasy obsługi,2025 07 20 08:05:39.106000 02:00,Incydent,pl 00754,754,pl 00754,MS wysokie czasy obsługi,ms wysokie czasy obsługi,MyStore brak czasów szybkości obsługi,0.9
SD 172995,Włączenie usuługi MOP,2025 07 20 08:00:11.482000 02:00,Usługa,PL 00367 Wroclaw 18 SkyTower,367,Wroclaw 18 SkyTower,Włączenie usuługi MOP,włączenie usuługi mop,MOP Prośba o włączenie/wyłączenie,0.9
SD 172994,HWA01 nie pinguje,2025 07 20 07:53:49.794000 02:00,Incydent,PL 00368 Olawa,368,Olawa,HWA01 nie pinguje,hwa01 nie pinguje,inne,0.5
SD 172993,KVS19 nie pinguje,2025 07 20 07:36:47.792000 02:00,Incydent,PL 00218 Krakow 09 Bora,218,Krakow 09 Bora,KVS19 nie pinguje,kvs19 nie pinguje,inne,0.5
SD 172991,MOP prośba o włączenie,2025 07 20 07:22:53.323000 02:00,Usługa,PL 00288 MOP Police,288,MOP Police,MOP prośba o włączenie,mop prośba o włączenie,MOP Prośba o włączenie/wyłączenie,0.9
SD 172990,McDonald s PL Jarocin 61600255 Coates Support Case 00378396 Acknowledgment,2025 07 20 07:22:21.536000 02:00,Usługa,pl asista,Asystent,Asystent systemowy,McDonald s PL Jarocin 61600255 Coates Support Case 00378396 Acknowledgment,mcdonald s pl jarocin 61600255 coates support case 00378396 acknowledgment,inne,0.5
SD 172989,KVS09 nie działa,2025 07 20 07:15:54.602000 02:00,Incydent,PL 00304 Ostrowiec Swietokrzyski,304,Ostrowiec Swietokrzyski,KVS09 nie działa,kvs09 nie działa,inne,0.5
SD 172988,POS03 terminal No Response Message,2025 07 20 07:07:29.183000 02:00,Incydent,PL 00130 W wa 19 Mlyn,130,Wwa 19 Mlyn,POS03 terminal No Response Message,pos03 terminal no response message,inne,0.5
SD 172987,Shake rekalkulacja,2025 07 20 07:00:48.660000 02:00,Usługa,PL 00522 Piekary Slaskie,522,Piekary Slaskie,Shake rekalkulacja,shake rekalkulacja,inne,0.5
SD 172986,Map01 nie działa myszka i klawaitura,2025 07 20 07:00:32.101000 02:00,Incydent,PL 00528 Jozefow,528,Jozefow,Map01 nie działa myszka i klawaitura,map01 nie działa myszka i klawaitura,inne,0.5
SD 172985,Problemy po awarii prądu,2025 07 20 06:58:34.785000 02:00,Incydent,PL 00288 MOP Police,288,MOP Police,Problemy po awarii prądu,problemy po awarii prądu,inne,0.5
SD 172983,"Newpos Zamknięcie nie przeszło na kasie, z której był zamykany dzień",2025 07 20 06:53:11.437000 02:00,Incydent,PL 00639 Olsztyn Sikorskiego,639,Olsztyn Sikorskiego,"Newpos Zamknięcie nie przeszło na kasie, z której był zamykany dzień","newpos zamknięcie nie przeszło na kasie, z której był zamykany dzień",Newpos Zamknięcie nie przeszło na kasie z której był zamykany dzień,0.9
SD 172982,POS19 No Response Message,2025 07 20 06:51:08.986000 02:00,Incydent,PL 00234 Olkusz,234,Olkusz,POS19 No Response Message,pos19 no response message,inne,0.5
SD 172981,Prośba o bezpieczne wyłączenie serwerów,2025 07 20 06:50:45.074000 02:00,Usługa,PL 00288 MOP Police,288,MOP Police,Prośba o bezpieczne wyłączenie serwerów,prośba o bezpieczne wyłączenie serwerów,inne,0.5
SD 172980,KVS42 czarny pasek,2025 07 20 06:49:17.422000 02:00,Incydent,PL 00484 W Wa Galeria Rondo Wiatraczna,484,WWa Galeria Rondo Wiatraczna,KVS42 czarny pasek,kvs42 czarny pasek,inne,0.5
SD 172979,Pos24 brak kafelków,2025 07 20 06:45:39.501000 02:00,Incydent,PL 00101 Lublin 3 Centrum,101,Lublin 3 Centrum,Pos24 brak kafelków,pos24 brak kafelków,POS brak kafelków,0.9
SD 172976,Wprowadzenie sprzedaży za dzień 19.07.2025,2025 07 20 06:42:22.824000 02:00,Usługa,Slawomir Malewicz,Nieznany,Slawomir Malewicz,Wprowadzenie sprzedaży za dzień 19.07.2025,wprowadzenie sprzedaży za dzień 19.07.2025,inne,0.5
SD 172974,CSO25/CSO27 nie działają,2025 07 20 06:13:00.806000 02:00,Incydent,PL 00378 Gdansk 09 MPH,378,Gdansk 09 MPH,CSO25/CSO27 nie działają,cso25/cso27 nie działają,inne,0.5
SD 172973,RHSy Wyłączenie serwerów,2025 07 20 06:10:21.032000 02:00,Poważny Incydent,PL 00652 Myszkow,652,Myszkow,RHSy Wyłączenie serwerów,rhsy wyłączenie serwerów,inne,0.5
SD 172972,"Newpos Zamknięcie nie przeszło na kasie, z której był zamykany dzień",2025 07 20 06:08:34.979000 02:00,Incydent,PL 00444 W wa 49 Swietokrzyska,444,Wwa 49 Swietokrzyska,"Newpos Zamknięcie nie przeszło na kasie, z której był zamykany dzień","newpos zamknięcie nie przeszło na kasie, z której był zamykany dzień",Newpos Zamknięcie nie przeszło na kasie z której był zamykany dzień,0.9
SD 172971,iDMB/oDMB brak produktów,2025 07 20 06:07:05.302000 02:00,Incydent,PL 00378 Gdansk 09 MPH,378,Gdansk 09 MPH,iDMB/oDMB brak produktów,idmb/odmb brak produktów,inne,0.5
SD 172968,POS1 blocked.,2025 07 20 05:55:28.294000 02:00,Incydent,PL 00105 Radom 2 Ustronie,105,Radom 2 Ustronie,POS1 blocked.,pos1 blocked.,inne,0.5
SD 172965,Nie da się zalogować :,2025 07 20 05:36:45.864000 02:00,Incydent,PL 00266 Krakow 13 Mogilany,266,Krakow 13 Mogilany,Nie da się zalogować :,nie da się zalogować :,inne,0.5
SD 172964,Waystation prośba o zamknięcie systemu,2025 07 20 05:18:18.685000 02:00,Incydent,PL 00480 Kraków 18 Grodzka,480,Kraków 18 Grodzka,Waystation prośba o zamknięcie systemu,waystation prośba o zamknięcie systemu,inne,0.5
SD 172963,POS24 nie otwiera się szuflada,2025 07 20 05:07:37.396000 02:00,Incydent,PL 00458 Airport Landside,458,Airport Landside,POS24 nie otwiera się szuflada,pos24 nie otwiera się szuflada,inne,0.5
SD 172961,"Newpos Zamknięcie nie przeszło na kasie, z której był zamykany dzień.",2025 07 20 04:47:33.603000 02:00,Incydent,MOP Stobiecko Szlacheckie Wschod,Nieznany,MOP Stobiecko Szlacheckie Wschod,"Newpos Zamknięcie nie przeszło na kasie, z której był zamykany dzień.","newpos zamknięcie nie przeszło na kasie, z której był zamykany dzień.",Newpos Zamknięcie nie przeszło na kasie z której był zamykany dzień,0.9
SD 172960,CSO29 Czerwone M,2025 07 20 04:37:00.904000 02:00,Incydent,PL 00556 Wieliczka,556,Wieliczka,CSO29 Czerwone M,cso29 czerwone m,inne,0.5
SD 172959,"Newpos Zamknięcie nie przeszło na kasie, z której był zamykany dzień.",2025 07 20 04:31:42.499000 02:00,Incydent,pl 00745,745,pl 00745,"Newpos Zamknięcie nie przeszło na kasie, z której był zamykany dzień.","newpos zamknięcie nie przeszło na kasie, z której był zamykany dzień.",Newpos Zamknięcie nie przeszło na kasie z której był zamykany dzień,0.9
SD 172957,MyStore zerowe wartości w dziennym rozliczeniu pieniędzy,2025 07 20 04:20:00.909000 02:00,Incydent,PL 00427 W wa 46 Dworzec Centralny,427,Wwa 46 Dworzec Centralny,MyStore zerowe wartości w dziennym rozliczeniu pieniędzy,mystore zerowe wartości w dziennym rozliczeniu pieniędzy,MyStore zerowe wartości w dziennym rozliczeniu pieniędzy,0.9
SD 172954,Problem z otwarciem dnia biznesowego,2025 07 20 04:07:15.185000 02:00,Incydent,PL 00131 W wa 25 Bazar,131,Wwa 25 Bazar,Problem z otwarciem dnia biznesowego,problem z otwarciem dnia biznesowego,inne,0.5
SD 172953,POS01 zawiesza się terminal,2025 07 20 04:05:46.717000 02:00,Incydent,PL 00528 Jozefow,528,Jozefow,POS01 zawiesza się terminal,pos01 zawiesza się terminal,inne,0.5
SD 172952,MyStore wysoka dewiacja w raporcie odchyleń statystycznych,2025 07 20 03:56:58.131000 02:00,Usługa,PL 00130 W wa 19 Mlyn,130,Wwa 19 Mlyn,MyStore wysoka dewiacja w raporcie odchyleń statystycznych,mystore wysoka dewiacja w raporcie odchyleń statystycznych,inne,0.5
SD 172951,KVS11 źle odczytuje dotyk,2025 07 20 03:56:55.400000 02:00,Incydent,PL 00485 Ciechanow,485,Ciechanow,KVS11 źle odczytuje dotyk,kvs11 źle odczytuje dotyk,inne,0.5
SD 172950,Zamknij / otwórz system POS nie można zamknąć systemu,2025 07 20 03:49:48.110000 02:00,Incydent,PL 00334 Tarnobrzeg,334,Tarnobrzeg,Zamknij / otwórz system POS nie można zamknąć systemu,zamknij / otwórz system pos nie można zamknąć systemu,inne,0.5
SD 172949,Mystore Problem z zamknięciem POS,2025 07 20 03:49:20.785000 02:00,Incydent,PL 00427 W wa 46 Dworzec Centralny,427,Wwa 46 Dworzec Centralny,Mystore Problem z zamknięciem POS,mystore problem z zamknięciem pos,inne,0.5
SD 172948,Wyłączone serwery po awarii prądu,2025 07 20 03:46:14.544000 02:00,Incydent,PL 00298 Konin 2,298,Konin 2,Wyłączone serwery po awarii prądu,wyłączone serwery po awarii prądu,inne,0.5
SD 172947,Zamknij / otwórz system POS nie można zamknąć systemu,2025 07 20 03:45:57.371000 02:00,Incydent,PL 00544 MOP Dabrowa Gornicza S1 W,544,MOP Dabrowa Gornicza S1 W,Zamknij / otwórz system POS nie można zamknąć systemu,zamknij / otwórz system pos nie można zamknąć systemu,inne,0.5
SD 172946,Nie włącza się aplikacja CR na CSO30,2025 07 20 03:41:18.773000 02:00,Incydent,pl 00759,759,pl 00759,Nie włącza się aplikacja CR na CSO30,nie włącza się aplikacja cr na cso30,inne,0.5
SD 172945,Brak drawera z POS06,2025 07 20 03:39:43.695000 02:00,Usługa,PL 00362 Olesnica Autohof S8,362,Olesnica Autohof S8,Brak drawera z POS06,brak drawera z pos06,POS brak kafelków,0.9
SD 172944,Korekta błędnie wbitych strat,2025 07 20 03:37:20.333000 02:00,Usługa,PL 00481 MOP Chojny Wieluń S8 E,481,MOP Chojny Wieluń S8 E,Korekta błędnie wbitych strat,korekta błędnie wbitych strat,inne,0.5
SD 172942,"Newpos Zamknięcie nie przeszło na kasie, z której był zamykany dzień. POS6",2025 07 20 03:31:33.723000 02:00,Incydent,PL 00427 W wa 46 Dworzec Centralny,427,Wwa 46 Dworzec Centralny,"Newpos Zamknięcie nie przeszło na kasie, z której był zamykany dzień. POS6","newpos zamknięcie nie przeszło na kasie, z której był zamykany dzień. pos6",Newpos Zamknięcie nie przeszło na kasie z której był zamykany dzień,0.9
SD 172941,MyStore zamknięcie/otwarcie inwentaryzacja wymaga uwagi,2025 07 20 03:29:24.224000 02:00,Incydent,PL 00646 Tuchola,646,Tuchola,MyStore zamknięcie/otwarcie inwentaryzacja wymaga uwagi,mystore zamknięcie/otwarcie inwentaryzacja wymaga uwagi,inne,0.5
SD 172940,"Newpos Zamknięcie nie przeszło na kasie, z której był zamykany dzień. POS24",2025 07 20 03:17:44.796000 02:00,Incydent,PL 00131 W wa 25 Bazar,131,Wwa 25 Bazar,"Newpos Zamknięcie nie przeszło na kasie, z której był zamykany dzień. POS24","newpos zamknięcie nie przeszło na kasie, z której był zamykany dzień. pos24",Newpos Zamknięcie nie przeszło na kasie z której był zamykany dzień,0.9
SD 172939,Nie poprawne zużycie produktu,2025 07 20 03:08:40.120000 02:00,Usługa,Hrubieszów PL 00672,672,Hrubieszów,Nie poprawne zużycie produktu,nie poprawne zużycie produktu,inne,0.5
SD 172938,POS01 nie zamknął się dzień,2025 07 20 03:06:55.772000 02:00,Incydent,Stargard 2 PL 00699,699,Stargard 2,POS01 nie zamknął się dzień,pos01 nie zamknął się dzień,inne,0.5
SD 172937,CSO27 zaciął się,2025 07 20 03:05:19.472000 02:00,Incydent,PL 00131 W wa 25 Bazar,131,Wwa 25 Bazar,CSO27 zaciął się,cso27 zaciął się,inne,0.5
SD 172936,MS9 prośba o zmianę hasła,2025 07 20 03:03:42.112000 02:00,Incydent,PL 00656 Szczuczyn,656,Szczuczyn,MS9 prośba o zmianę hasła,ms9 prośba o zmianę hasła,inne,0.5
SD 172935,CSO26 drukuje się zerowy raport dobowy za 19.07,2025 07 20 03:01:27.488000 02:00,Incydent,PL 00243 Grudziadz,243,Grudziadz,CSO26 drukuje się zerowy raport dobowy za 19.07,cso26 drukuje się zerowy raport dobowy za 19.07,inne,0.5
SD 172934,MyStore nie można się zalogować,2025 07 20 03:00:38.937000 02:00,Incydent,PL 00457 Wroclaw 20 Dworzec PKP 2,457,Wroclaw 20 Dworzec PKP 2,MyStore nie można się zalogować,mystore nie można się zalogować,MyStore background service nie gotowy/nie można się zalogować,0.9
SD 172933,CSO27 nie pinguje,2025 07 20 02:59:51.414000 02:00,Incydent,PL 00139 W wa 20 Stara Milosna,139,Wwa 20 Stara Milosna,CSO27 nie pinguje,cso27 nie pinguje,inne,0.5
SD 172932,MyStore brak dostawy w raporcie zużycia,2025 07 20 02:55:31.682000 02:00,Incydent,PL 00604 Chorzów Nomiarki,604,Chorzów Nomiarki,MyStore brak dostawy w raporcie zużycia,mystore brak dostawy w raporcie zużycia,Mystore brak zużycia,0.9
SD 172931,"Newpos Zamknięcie nie przeszło na kasie, z której był zamykany dzień.",2025 07 20 02:49:39.299000 02:00,Incydent,PL 00667 Lidzbark Warminski,667,Lidzbark Warminski,"Newpos Zamknięcie nie przeszło na kasie, z której był zamykany dzień.","newpos zamknięcie nie przeszło na kasie, z której był zamykany dzień.",Newpos Zamknięcie nie przeszło na kasie z której był zamykany dzień,0.9
SD 172929,MyStore pytanie o inwentaryzację,2025 07 20 02:36:32.904000 02:00,Usługa,PL 00424 Kornik,424,Kornik,MyStore pytanie o inwentaryzację,mystore pytanie o inwentaryzację,inne,0.5
SD 172928,MyStore dużo na plusie w raporcie statystycznym,2025 07 20 02:32:28.923000 02:00,Usługa,PL 00666 Radzymin,666,Radzymin,MyStore dużo na plusie w raporcie statystycznym,mystore dużo na plusie w raporcie statystycznym,inne,0.5
SD 172927,my store produkt zabawki,2025 07 20 02:31:03.006000 02:00,Incydent,PL 00320 Klodzko,320,Klodzko,my store produkt zabawki,my store produkt zabawki,inne,0.5
SD 172926,"Newpos Zamknięcie nie przeszło na kasie, z której był zamykany dzień.",2025 07 20 02:28:20.505000 02:00,Incydent,PL 00484 W Wa Galeria Rondo Wiatraczna,484,WWa Galeria Rondo Wiatraczna,"Newpos Zamknięcie nie przeszło na kasie, z której był zamykany dzień.","newpos zamknięcie nie przeszło na kasie, z której był zamykany dzień.",Newpos Zamknięcie nie przeszło na kasie z której był zamykany dzień,0.9
SD 172924,MS9 nie przechodzi zamknięcie POS,2025 07 20 02:15:32.100000 02:00,Incydent,PL 00575 Czechowice Dziedzice,575,Czechowice Dziedzice,MS9 nie przechodzi zamknięcie POS,ms9 nie przechodzi zamknięcie pos,inne,0.5
SD 172923,"Newpos Zamknięcie nie przeszło na kasie, z której był zamykany dzień.",2025 07 20 02:11:19.931000 02:00,Incydent,PL 00587 Walcz,587,Walcz,"Newpos Zamknięcie nie przeszło na kasie, z której był zamykany dzień.","newpos zamknięcie nie przeszło na kasie, z której był zamykany dzień.",Newpos Zamknięcie nie przeszło na kasie z której był zamykany dzień,0.9
SD 172922,CSO28 nie uruchamia newposa,2025 07 20 02:08:02.909000 02:00,Incydent,PL 00467 Zary,467,Zary,CSO28 nie uruchamia newposa,cso28 nie uruchamia newposa,inne,0.5
SD 172921,McDonald s Poland Coates Support Case 00378396 Acknowledgment,2025 07 20 02:06:21.587000 02:00,Usługa,pl asista,Asystent,Asystent systemowy,McDonald s Poland Coates Support Case 00378396 Acknowledgment,mcdonald s poland coates support case 00378396 acknowledgment,inne,0.5
SD 172920,Zmiana roli POS rejestrujących sprzedaż na linii DT 19/20.07.2025,2025 07 20 02:00:05.071000 02:00,Incydent,PL 00640 Słupsk 2 Boh. Westerplatte,640,Słupsk 2 Boh. Westerplatte,Zmiana roli POS rejestrujących sprzedaż na linii DT 19/20.07.2025,zmiana roli pos rejestrujących sprzedaż na linii dt 19/20.07.2025,inne,0.5
SD 172919,POS24 nie zamknął się dzień biznesowy,2025 07 20 01:55:52.298000 02:00,Incydent,PL 00458 Airport Landside,458,Airport Landside,POS24 nie zamknął się dzień biznesowy,pos24 nie zamknął się dzień biznesowy,inne,0.5
SD 172918,MyStore Prośba o pomoc w edycji odbić czasowych,2025 07 20 01:49:14.457000 02:00,Usługa,PL 00315 MOP Worow Grojec,315,MOP Worow Grojec,MyStore Prośba o pomoc w edycji odbić czasowych,mystore prośba o pomoc w edycji odbić czasowych,MyStore Prośba o pomoc w edycji odbić czasowych,0.9
SD 172916,CSO32 Czerwone M,2025 07 20 01:37:25.714000 02:00,Incydent,PL 00479 MOP Machnacz A1 W,479,MOP Machnacz A1 W,CSO32 Czerwone M,cso32 czerwone m,inne,0.5
SD 172915,Prośba o zmianę by srebrna karta działała jak złota,2025 07 20 01:36:41.099000 02:00,Incydent,PL 00611 MOP Kleszczewko Zachod,611,MOP Kleszczewko Zachod,Prośba o zmianę by srebrna karta działała jak złota,prośba o zmianę by srebrna karta działała jak złota,inne,0.5
SD 172914,POS/CSOXX waystation offline. POS6,2025 07 20 01:36:11.854000 02:00,Incydent,PL 00604 Chorzów Nomiarki,604,Chorzów Nomiarki,POS/CSOXX waystation offline. POS6,pos/csoxx waystation offline. pos6,POS/CSO waystation offline,0.9
SD 172913,MyStore dostawa nie zaksięgowała się,2025 07 20 01:34:19.547000 02:00,Incydent,PL 00287 Jaworzno,287,Jaworzno,MyStore dostawa nie zaksięgowała się,mystore dostawa nie zaksięgowała się,MyStore dostawa nie zaksięgowała się,0.9
SD 172912,POS07 zły dzień biznesowy,2025 07 20 01:28:19.519000 02:00,Incydent,PL 00652 Myszkow,652,Myszkow,POS07 zły dzień biznesowy,pos07 zły dzień biznesowy,inne,0.5
SD 172911,MyStore zamknięcie/otwarcie nie można uruchomić,2025 07 20 01:23:24.760000 02:00,Incydent,PL 00597 Krasnystaw,597,Krasnystaw,MyStore zamknięcie/otwarcie nie można uruchomić,mystore zamknięcie/otwarcie nie można uruchomić,inne,0.5
SD 172910,"Newpos Zamknięcie nie przeszło na kasie, z której był zamykany dzień.",2025 07 20 01:20:42.994000 02:00,Incydent,PL 00629 Lodz Aleksandrowska,629,Lodz Aleksandrowska,"Newpos Zamknięcie nie przeszło na kasie, z której był zamykany dzień.","newpos zamknięcie nie przeszło na kasie, z której był zamykany dzień.",Newpos Zamknięcie nie przeszło na kasie z której był zamykany dzień,0.9
SD 172909,MyStore dostawa nie zaksięgowała się,2025 07 20 01:19:20.844000 02:00,Usługa,PL 00226 Glogow,226,Glogow,MyStore dostawa nie zaksięgowała się,mystore dostawa nie zaksięgowała się,MyStore dostawa nie zaksięgowała się,0.9
SD 172908,Korekta błędnie wbitych strat,2025 07 20 01:18:09.160000 02:00,Usługa,pl 00702,702,pl 00702,Korekta błędnie wbitych strat,korekta błędnie wbitych strat,inne,0.5
SD 172907,Waystation prośba o otwarcie dnia,2025 07 20 01:17:32.947000 02:00,Incydent,PL 00563 Skarzysko Kamienna,563,Skarzysko Kamienna,Waystation prośba o otwarcie dnia,waystation prośba o otwarcie dnia,inne,0.5
SD 172906,Korekta błędnie wbitych strat,2025 07 20 01:17:27.647000 02:00,Usługa,pl 00702,702,pl 00702,Korekta błędnie wbitych strat,korekta błędnie wbitych strat,inne,0.5
SD 172905,Korekta błędnie wbitych strat,2025 07 20 01:16:37.117000 02:00,Usługa,pl 00702,702,pl 00702,Korekta błędnie wbitych strat,korekta błędnie wbitych strat,inne,0.5
SD 172904,Drive SBS po zamianie skanerów w szafie dalej tak samo skanuje jak wcześniej,2025 07 20 01:12:54.337000 02:00,Incydent,PL 00640 Słupsk 2 Boh. Westerplatte,640,Słupsk 2 Boh. Westerplatte,Drive SBS po zamianie skanerów w szafie dalej tak samo skanuje jak wcześniej,drive sbs po zamianie skanerów w szafie dalej tak samo skanuje jak wcześniej,inne,0.5
SD 172903,Błąd zamknięcia,2025 07 20 01:12:50.788000 02:00,Incydent,Bialogard PL 00674,674,Bialogard,Błąd zamknięcia,błąd zamknięcia,inne,0.5
SD 172900,Zawieszona aplikacja CR na CSO30,2025 07 20 01:04:37.945000 02:00,Incydent,PL 00658 Ozimek,658,Ozimek,Zawieszona aplikacja CR na CSO30,zawieszona aplikacja cr na cso30,inne,0.5
SD 172899,Drukarka MOP błąd mechanizmu numer 14,2025 07 20 01:02:07.696000 02:00,Incydent,PL 00594 Paslek,594,Paslek,Drukarka MOP błąd mechanizmu numer 14,drukarka mop błąd mechanizmu numer 14,inne,0.5
SD 172898,Wyse.5 nie pinguje,2025 07 20 01:01:43.473000 02:00,Incydent,PL 00211 W wa 29 Lazurowa,211,Wwa 29 Lazurowa,Wyse.5 nie pinguje,wyse.5 nie pinguje,inne,0.5
SD 172897,FOE63 widnieje jako zalogowana,2025 07 20 01:00:22.128000 02:00,Incydent,PL 00686 Słupca,686,Słupca,FOE63 widnieje jako zalogowana,foe63 widnieje jako zalogowana,inne,0.5
SD 172896,Brak możliwości wpisania wartości w inwentaryzacji dla chicken strips,2025 07 20 00:57:22.074000 02:00,Usługa,PL 00281 W wa 40 Wilenska,281,Wwa 40 Wilenska,Brak możliwości wpisania wartości w inwentaryzacji dla chicken strips,brak możliwości wpisania wartości w inwentaryzacji dla chicken strips,inne,0.5
SD 172894,CR logowanie przez zebrę,2025 07 20 00:50:18.862000 02:00,Usługa,PL 00622 Lukow,622,Lukow,CR logowanie przez zebrę,cr logowanie przez zebrę,inne,0.5
SD 172893,MOP Brak fiskalizacji,2025 07 20 00:49:03.434000 02:00,Incydent,PL 00231 W wa 32 Sluzewiec,231,Wwa 32 Sluzewiec,MOP Brak fiskalizacji,mop brak fiskalizacji,MOP brak fiskalizacji,0.9
SD 172891,Mystore Prośba o restart hasla,2025 07 20 00:46:06.133000 02:00,Usługa,PL 00582 MOP Kochlice Wschód,582,MOP Kochlice Wschód,Mystore Prośba o restart hasla,mystore prośba o restart hasla,inne,0.5
SD 172890,MyStore pytanie o zamknięcie dnia,2025 07 20 00:44:59.266000 02:00,Usługa,PL 00182 Wroclaw 08 Dlugoleka,182,Wroclaw 08 Dlugoleka,MyStore pytanie o zamknięcie dnia,mystore pytanie o zamknięcie dnia,inne,0.5
SD 172888,"Newpos Zamknięcie nie przeszło na kasie, z której był zamykany dzień.",2025 07 20 00:40:51.609000 02:00,Incydent,PL 00347 Szczecin 08 PZ,347,Szczecin 08 PZ,"Newpos Zamknięcie nie przeszło na kasie, z której był zamykany dzień.","newpos zamknięcie nie przeszło na kasie, z której był zamykany dzień.",Newpos Zamknięcie nie przeszło na kasie z której był zamykany dzień,0.9
SD 172887,MyStore nie można się zalogować,2025 07 20 00:40:19.035000 02:00,Incydent,pl 00702,702,pl 00702,MyStore nie można się zalogować,mystore nie można się zalogować,MyStore background service nie gotowy/nie można się zalogować,0.9
SD 172886,"Newpos Zamknięcie nie przeszło na kasie, z której był zamykany dzień. POS1",2025 07 20 00:40:18.144000 02:00,Incydent,PL 00378 Gdansk 09 MPH,378,Gdansk 09 MPH,"Newpos Zamknięcie nie przeszło na kasie, z której był zamykany dzień. POS1","newpos zamknięcie nie przeszło na kasie, z której był zamykany dzień. pos1",Newpos Zamknięcie nie przeszło na kasie z której był zamykany dzień,0.9
SD 172885,MyStore brak czasów obsługi 16:00 17:00,2025 07 20 00:37:13.102000 02:00,Incydent,PL 00367 Wroclaw 18 SkyTower,367,Wroclaw 18 SkyTower,MyStore brak czasów obsługi 16:00 17:00,mystore brak czasów obsługi 16:00 17:00,MyStore brak czasów szybkości obsługi,0.9
SD 172884,Głuchy telefon,2025 07 20 00:34:44.010000 02:00,Incydent,PL 00367 Wroclaw 18 SkyTower,367,Wroclaw 18 SkyTower,Głuchy telefon,głuchy telefon,inne,0.5
SD 172881,Cash recycler nie można się połączyć,2025 07 20 00:25:10.475000 02:00,Incydent,PL 00234 Olkusz,234,Olkusz,Cash recycler nie można się połączyć,cash recycler nie można się połączyć,inne,0.5
SD 172880,Waystation Prośba o otwarcie,2025 07 20 00:23:34.688000 02:00,Incydent,PL 00503 Gdańsk 12 Lotnisko Airside,503,Gdańsk 12 Lotnisko Airside,Waystation Prośba o otwarcie,waystation prośba o otwarcie,inne,0.5
SD 172878,Brak możliwości zamknięcia dnia,2025 07 20 00:19:20.640000 02:00,Incydent,PL 00084 Zielona Gora 1,084,Zielona Gora 1,Brak możliwości zamknięcia dnia,brak możliwości zamknięcia dnia,inne,0.5
SD 172877,ODMB wyłączyły się wcześniej niż powinny.,2025 07 20 00:17:09.398000 02:00,Incydent,PL 00255 Jarocin,255,Jarocin,ODMB wyłączyły się wcześniej niż powinny.,odmb wyłączyły się wcześniej niż powinny.,inne,0.5
SD 172876,POS01 call cashless dll error,2025 07 20 00:14:12.618000 02:00,Incydent,PL 00235 Wodzislaw Slaski,235,Wodzislaw Slaski,POS01 call cashless dll error,pos01 call cashless dll error,inne,0.5
SD 172875,POS/CSO27 waystation offline.,2025 07 20 00:12:14.073000 02:00,Incydent,PL 00575 Czechowice Dziedzice,575,Czechowice Dziedzice,POS/CSO27 waystation offline.,pos/cso27 waystation offline.,POS/CSO waystation offline,0.9
SD 172874,Waystation Prośba o otworzenie nowego dnia,2025 07 20 00:06:50.887000 02:00,Incydent,PL 00404 Kolbuszowa,404,Kolbuszowa,Waystation Prośba o otworzenie nowego dnia,waystation prośba o otworzenie nowego dnia,inne,0.5
SD 172872,Drukarki grillowe BEV nie drukują,2025 07 20 00:02:42.262000 02:00,Incydent,PL 00072 Rzeszow 1,072,Rzeszow 1,Drukarki grillowe BEV nie drukują,drukarki grillowe bev nie drukują,inne,0.5
SD 172871,Zamknij / otwórz system POS nie można zamknąć systemu,2025 07 20 00:01:02.192000 02:00,Incydent,PL 00686 Słupca,686,Słupca,Zamknij / otwórz system POS nie można zamknąć systemu,zamknij / otwórz system pos nie można zamknąć systemu,inne,0.5
