﻿key,title,created,issue_type,reporter,site,site_name,title_clean,title_lower,category,confidence
SD 174417,MyStore nie można dodać do eprod 2967,2025 07 22 23:58:18.633000 02:00,Incydent,PL 00340 MOP Malopole,340,MOP Malopole,MyStore nie można dodać do eprod 2967,mystore nie można dodać do eprod 2967,inne,0.5
SD 174415,"Newpos Zamknięcie nie przeszło na kasie, z której był zamykany dzień.",2025 07 22 23:47:05.107000 02:00,Incydent,PL 00462 Airport Airside,462,Airport Airside,"Newpos Zamknięcie nie przeszło na kasie, z której był zamykany dzień.","newpos zamknięcie nie przeszło na kasie, z której był zamykany dzień.",Newpos Zamknięcie nie przeszło na kasie z której był zamykany dzień,0.9
SD 174414,Połączenie spadek,2025 07 22 23:40:03.684000 02:00,Incydent,PL 00269 Wroclaw 15 Magnolia,269,Wroclaw 15 Magnolia,Połączenie spadek,połączenie spadek,inne,0.5
SD 174411,Korekta błędnie wbitych strat,2025 07 22 23:35:26.001000 02:00,Usługa,PL 00502 Sieradz,502,Sieradz,Korekta błędnie wbitych strat,korekta błędnie wbitych strat,inne,0.5
SD 174409,"KVS05,06 0/0",2025 07 22 23:24:55.871000 02:00,Incydent,PL 00411 MOP Markuszow S17 North,411,MOP Markuszow S17 North,"KVS05,06 0/0","kvs05,06 0/0",inne,0.5
SD 174407,CSO25 prośba o detach,2025 07 22 23:13:31.069000 02:00,Usługa,PL 00016 Torun 1,016,Torun 1,CSO25 prośba o detach,cso25 prośba o detach,inne,0.5
SD 174404,Kiosk pokazuje error,2025 07 22 23:05:46.943000 02:00,Incydent,PL 00486 Lublin 06 Plaza,486,Lublin 06 Plaza,Kiosk pokazuje error,kiosk pokazuje error,inne,0.5
SD 174403,Korekta błędnie wbitych strat,2025 07 22 23:04:43.848000 02:00,Usługa,PL 00296 Czestochowa 5,296,Czestochowa 5,Korekta błędnie wbitych strat,korekta błędnie wbitych strat,inne,0.5
SD 174402,Nie otwiera się kasetka,2025 07 22 23:04:37.228000 02:00,Incydent,PL 00279 Koszalin 2,279,Koszalin 2,Nie otwiera się kasetka,nie otwiera się kasetka,inne,0.5
SD 174401,Mystore Zawiesił się,2025 07 22 23:02:57.607000 02:00,Incydent,PL 00277 Bydgoszcz 5 Galeria,277,Bydgoszcz 5 Galeria,Mystore Zawiesił się,mystore zawiesił się,inne,0.5
SD 174400,TAP45 network off,2025 07 22 22:55:57.549000 02:00,Incydent,PL 00071 Lodz 03 Piotrkowska,071,Lodz 03 Piotrkowska,TAP45 network off,tap45 network off,inne,0.5
SD 174399,Połączenie spadek,2025 07 22 22:55:12.642000 02:00,Incydent,PL 00071 Lodz 03 Piotrkowska,071,Lodz 03 Piotrkowska,Połączenie spadek,połączenie spadek,inne,0.5
SD 174398,POS24 drukarka fiskalna nie pinguje,2025 07 22 22:55:00.894000 02:00,Incydent,PL 00363 Sosnowiec 3 Plaza,363,Sosnowiec 3 Plaza,POS24 drukarka fiskalna nie pinguje,pos24 drukarka fiskalna nie pinguje,inne,0.5
SD 174396,CSO30 Admin logon,2025 07 22 22:49:35.174000 02:00,Poważny Incydent,PL 00343 Garwolin,343,Garwolin,CSO30 Admin logon,cso30 admin logon,POS/CSO/KVS admin logon,0.9
SD 174395,Brak ziemniaczków do e producktion,2025 07 22 22:45:09.825000 02:00,Incydent,PL 00136 Lomza 1,136,Lomza 1,Brak ziemniaczków do e producktion,brak ziemniaczków do e producktion,inne,0.5
SD 174393,Połączenie,2025 07 22 22:30:44.818000 02:00,Usługa,PL 00593 Warszawa Senatorska,593,Warszawa Senatorska,Połączenie,połączenie,inne,0.5
SD 174392,MyStore błędnie rozliczona kasetka,2025 07 22 22:16:23.885000 02:00,Incydent,PL 00503 Gdańsk 12 Lotnisko Airside,503,Gdańsk 12 Lotnisko Airside,MyStore błędnie rozliczona kasetka,mystore błędnie rozliczona kasetka,inne,0.5
SD 174391,Skaner COD na drive nie działa,2025 07 22 22:16:15.823000 02:00,Incydent,PL 00627 MOP Paszczyna Polnoc,627,MOP Paszczyna Polnoc,Skaner COD na drive nie działa,skaner cod na drive nie działa,POS/CSO/DT skaner nie działa,0.9
SD 174390,"CSO30 Cash recylcer zaciał się,brak mozliwosci rozliczenia jego",2025 07 22 22:10:44.066000 02:00,Incydent,PL 00348 Plonsk,348,Plonsk,"CSO30 Cash recylcer zaciał się,brak mozliwosci rozliczenia jego","cso30 cash recylcer zaciał się,brak mozliwosci rozliczenia jego",inne,0.5
SD 174389,Zamknięcie POS smartupdate,2025 07 22 22:07:05.804000 02:00,Incydent,PL 00261 Katowice 5,261,Katowice 5,Zamknięcie POS smartupdate,zamknięcie pos smartupdate,inne,0.5
SD 174388,Korekta błędnie wbitych strat,2025 07 22 22:06:53.247000 02:00,Usługa,PL 00156 Zgierz 1,156,Zgierz 1,Korekta błędnie wbitych strat,korekta błędnie wbitych strat,inne,0.5
SD 174387,"Newpos Zamknięcie nie przeszło na kasie, z której był zamykany dzień.",2025 07 22 21:59:52.666000 02:00,Incydent,PL 00451 Olsztyn 03 Galeria Warminska,451,Olsztyn 03 Galeria Warminska,"Newpos Zamknięcie nie przeszło na kasie, z której był zamykany dzień.","newpos zamknięcie nie przeszło na kasie, z której był zamykany dzień.",Newpos Zamknięcie nie przeszło na kasie z której był zamykany dzień,0.9
SD 174386,Kiosk nie odpowiada,2025 07 22 21:54:04.469000 02:00,Incydent,PL 00486 Lublin 06 Plaza,486,Lublin 06 Plaza,Kiosk nie odpowiada,kiosk nie odpowiada,inne,0.5
SD 174384,mystore bład tr,2025 07 22 21:40:42.114000 02:00,Incydent,PL 00371 MOP Rogoziniec,371,MOP Rogoziniec,mystore bład tr,mystore bład tr,inne,0.5
SD 174383,Korekta błędnie wbitych strat,2025 07 22 21:39:56.331000 02:00,Usługa,PL 00058 W wa 17 Wilanow,058,Wwa 17 Wilanow,Korekta błędnie wbitych strat,korekta błędnie wbitych strat,inne,0.5
SD 174381,POS06 Nie pinguje,2025 07 22 21:38:09.743000 02:00,Incydent,PL 00503 Gdańsk 12 Lotnisko Airside,503,Gdańsk 12 Lotnisko Airside,POS06 Nie pinguje,pos06 nie pinguje,inne,0.5
SD 174380,mystore różnica między kwotami w kasetkach,2025 07 22 21:26:31.766000 02:00,Incydent,PL 00168 Tarnow 2,168,Tarnow 2,mystore różnica między kwotami w kasetkach,mystore różnica między kwotami w kasetkach,inne,0.5
SD 174378,KVSy nie liczą się czasy szybkości obsługi,2025 07 22 21:16:43.823000 02:00,Incydent,PL 00522 Piekary Slaskie,522,Piekary Slaskie,KVSy nie liczą się czasy szybkości obsługi,kvsy nie liczą się czasy szybkości obsługi,inne,0.5
SD 174376,MyStore Nie zaczytała się transfer wychodzący w Raporcie zużycia półproduktów,2025 07 22 21:11:16.263000 02:00,Usługa,PL 00376 Nowy Sacz 02 Trzy Korony,376,Nowy Sacz 02 Trzy Korony,MyStore Nie zaczytała się transfer wychodzący w Raporcie zużycia półproduktów,mystore nie zaczytała się transfer wychodzący w raporcie zużycia półproduktów,inne,0.5
SD 174375,MOP prośba o wyłączenie,2025 07 22 21:08:40.411000 02:00,Usługa,PL 00657 Konin 3,657,Konin 3,MOP prośba o wyłączenie,mop prośba o wyłączenie,MOP Prośba o włączenie/wyłączenie,0.9
SD 174374,POS08 Drukarka fiskalna nie pinguje,2025 07 22 20:59:29.201000 02:00,Incydent,PL 00352 MOP Lozienica,352,MOP Lozienica,POS08 Drukarka fiskalna nie pinguje,pos08 drukarka fiskalna nie pinguje,inne,0.5
SD 174373,pos01 płatności nie przechodza,2025 07 22 20:51:04.912000 02:00,Incydent,PL 00527 Elk,527,Elk,pos01 płatności nie przechodza,pos01 płatności nie przechodza,inne,0.5
SD 174372,Głuchy telefon,2025 07 22 20:48:21.341000 02:00,Usługa,PL 00527 Elk,527,Elk,Głuchy telefon,głuchy telefon,inne,0.5
SD 174370,POS01 Terminal nie działa,2025 07 22 20:24:28.188000 02:00,Usługa,PL 00234 Olkusz,234,Olkusz,POS01 Terminal nie działa,pos01 terminal nie działa,Terminal nie działa,0.9
SD 174369,Głuchy telefon,2025 07 22 20:24:14.865000 02:00,Incydent,PL 00141 Wroclaw 07 Rynek,141,Wroclaw 07 Rynek,Głuchy telefon,głuchy telefon,inne,0.5
SD 174368,skaner cod nie świeci się,2025 07 22 20:18:36.057000 02:00,Incydent,PL 00419 MOP Brwinow A2 North,419,MOP Brwinow A2 North,skaner cod nie świeci się,skaner cod nie świeci się,inne,0.5
SD 174367,KVS08 Nie pokazują się ilości smażenia frytek,2025 07 22 20:16:21.293000 02:00,Incydent,PL 00141 Wroclaw 07 Rynek,141,Wroclaw 07 Rynek,KVS08 Nie pokazują się ilości smażenia frytek,kvs08 nie pokazują się ilości smażenia frytek,inne,0.5
SD 174366,Zepsuta klapka w obudowie kiosku.,2025 07 22 20:16:17.609000 02:00,Incydent,PL 00309 W wa 42 Janki 2,309,Wwa 42 Janki 2,Zepsuta klapka w obudowie kiosku.,zepsuta klapka w obudowie kiosku.,inne,0.5
SD 174365,w MojeM występuje dalej kupon na nieaktualną już ofertę,2025 07 22 20:12:22.010000 02:00,Incydent,PL 00162 Poznan 09 Obornicka,162,Poznan 09 Obornicka,w MojeM występuje dalej kupon na nieaktualną już ofertę,w mojem występuje dalej kupon na nieaktualną już ofertę,inne,0.5
SD 174364,MS brakuje wrinu 437/217,2025 07 22 19:59:03.649000 02:00,Incydent,PL 00608 Wyszkow,608,Wyszkow,MS brakuje wrinu 437/217,ms brakuje wrinu 437/217,inne,0.5
SD 174363,dt dashboard prośba o dodanie rankingu mcopco,2025 07 22 19:45:44.875000 02:00,Incydent,MOP Stobiecko Szlacheckie Wschod,Nieznany,MOP Stobiecko Szlacheckie Wschod,dt dashboard prośba o dodanie rankingu mcopco,dt dashboard prośba o dodanie rankingu mcopco,inne,0.5
SD 174362,Połączenie,2025 07 22 19:45:32.743000 02:00,Incydent,PL 00678 Kedzierzyn Kozle,678,Kedzierzyn Kozle,Połączenie,połączenie,inne,0.5
SD 174361,McDonald s Poland Coates Support Case 00379344 Acknowledgment,2025 07 22 19:44:21.775000 02:00,Usługa,pl asista,Asystent,Asystent systemowy,McDonald s Poland Coates Support Case 00379344 Acknowledgment,mcdonald s poland coates support case 00379344 acknowledgment,inne,0.5
SD 174360,POS01 Zacięte zamówienie,2025 07 22 19:35:38.189000 02:00,Incydent,PL 00619 Gorzow Wielkopolski,619,Gorzow Wielkopolski,POS01 Zacięte zamówienie,pos01 zacięte zamówienie,inne,0.5
SD 174359,iDMB FC1 i FC3 nie wyświetlają contentu kontynuacja,2025 07 22 19:34:44.015000 02:00,Incydent,PL 00476 Bydgoszcz 07 Focus,476,Bydgoszcz 07 Focus,iDMB FC1 i FC3 nie wyświetlają contentu kontynuacja,idmb fc1 i fc3 nie wyświetlają contentu kontynuacja,inne,0.5
SD 174358,COD skaner się nie świeci,2025 07 22 19:33:44.249000 02:00,Incydent,PL 00678 Kedzierzyn Kozle,678,Kedzierzyn Kozle,COD skaner się nie świeci,cod skaner się nie świeci,inne,0.5
SD 174357,ODMB Ekran na 1 linia DT automatycznie zmienia źródła na HDMI_2,2025 07 22 19:33:24.844000 02:00,Incydent,PL 00219 Inowroclaw,219,Inowroclaw,ODMB Ekran na 1 linia DT automatycznie zmienia źródła na HDMI_2,odmb ekran na 1 linia dt automatycznie zmienia źródła na hdmi_2,inne,0.5
SD 174356,pos24 fiscal adapter is not started,2025 07 22 19:29:09.729000 02:00,Incydent,PL 00363 Sosnowiec 3 Plaza,363,Sosnowiec 3 Plaza,pos24 fiscal adapter is not started,pos24 fiscal adapter is not started,inne,0.5
SD 174355,MyStore Brak czasów w Raporcie szybkości obsługi od godziny 12,2025 07 22 19:14:43.484000 02:00,Incydent,PL 00662 MOP S8 Przyjmy,662,MOP S8 Przyjmy,MyStore Brak czasów w Raporcie szybkości obsługi od godziny 12,mystore brak czasów w raporcie szybkości obsługi od godziny 12,MyStore brak czasów szybkości obsługi,0.9
SD 174354,POS24 wyświetlacz nie wyświetla powitania i ceny,2025 07 22 19:11:51.361000 02:00,Incydent,PL 00476 Bydgoszcz 07 Focus,476,Bydgoszcz 07 Focus,POS24 wyświetlacz nie wyświetla powitania i ceny,pos24 wyświetlacz nie wyświetla powitania i ceny,inne,0.5
SD 174353,pos01 problem z terminalem,2025 07 22 19:08:59.435000 02:00,Incydent,PL 00070 Lodz 04 Lodka,070,Lodz 04 Lodka,pos01 problem z terminalem,pos01 problem z terminalem,Terminal nie działa,0.9
SD 174352,błąd na kiosku nie uruchamia się kiosk,2025 07 22 19:03:51.619000 02:00,Incydent,PL 00049 W wa 11 Pelikanow,049,Wwa 11 Pelikanow,błąd na kiosku nie uruchamia się kiosk,błąd na kiosku nie uruchamia się kiosk,inne,0.5
SD 174351,test,2025 07 22 19:01:20.014000 02:00,Usługa,Jakub Gamza,Nieznany,Jakub Gamza,test,test,inne,0.5
SD 174350,Głuchy telefon,2025 07 22 19:00:33.472000 02:00,Incydent,PL 00498 W wa 55 Galeria Północna,498,Wwa 55 Galeria Północna,Głuchy telefon,głuchy telefon,inne,0.5
SD 174349,McDonald s Poland Coates Support Case 00379310 Acknowledgment,2025 07 22 18:58:21.584000 02:00,Usługa,pl asista,Asystent,Asystent systemowy,McDonald s Poland Coates Support Case 00379310 Acknowledgment,mcdonald s poland coates support case 00379310 acknowledgment,inne,0.5
SD 174348,POS06 Zawieszona kasa,2025 07 22 18:54:28.031000 02:00,Incydent,PL 00498 W wa 55 Galeria Północna,498,Wwa 55 Galeria Północna,POS06 Zawieszona kasa,pos06 zawieszona kasa,inne,0.5
SD 174347,Zapytanie o flex cascade routing,2025 07 22 18:44:24.235000 02:00,Usługa,PL 00260 W wa 37 Arkadia,260,Wwa 37 Arkadia,Zapytanie o flex cascade routing,zapytanie o flex cascade routing,inne,0.5
SD 174346,pos03 powolne działanie,2025 07 22 18:43:18.165000 02:00,Incydent,PL 00585 Wladyslawowo,585,Wladyslawowo,pos03 powolne działanie,pos03 powolne działanie,inne,0.5
SD 174344,CFS czarny ekran,2025 07 22 18:39:59.173000 02:00,Incydent,PL 00304 Ostrowiec Swietokrzyski,304,Ostrowiec Swietokrzyski,CFS czarny ekran,cfs czarny ekran,inne,0.5
SD 174343,"Na monitorze DT kamera linii 1 nie przesyla obrazu, problem nie występuje na podglądzie kamer w pokoju menadżerskim.",2025 07 22 18:33:28.681000 02:00,Incydent,PL 00721 Bydgoszcz Jana Pawla,721,Bydgoszcz Jana Pawla,"Na monitorze DT kamera linii 1 nie przesyla obrazu, problem nie występuje na podglądzie kamer w pokoju menadżerskim.","na monitorze dt kamera linii 1 nie przesyla obrazu, problem nie występuje na podglądzie kamer w pokoju menadżerskim.",inne,0.5
SD 174342,CSO26 problem synchronizacji z DF,2025 07 22 18:30:52.049000 02:00,Incydent,PL 00325 Chrzanow,325,Chrzanow,CSO26 problem synchronizacji z DF,cso26 problem synchronizacji z df,inne,0.5
SD 174341,Czerwona słuchawka,2025 07 22 18:29:15.044000 02:00,Usługa,PL 00325 Chrzanow,325,Chrzanow,Czerwona słuchawka,czerwona słuchawka,inne,0.5
SD 174340,POS02 Waystation offline,2025 07 22 18:28:36.989000 02:00,Incydent,PL 00419 MOP Brwinow A2 North,419,MOP Brwinow A2 North,POS02 Waystation offline,pos02 waystation offline,POS/CSO waystation offline,0.9
SD 174339,CSO wyświetla się reklama starej promocji,2025 07 22 18:18:06.137000 02:00,Incydent,PL 00627 MOP Paszczyna Polnoc,627,MOP Paszczyna Polnoc,CSO wyświetla się reklama starej promocji,cso wyświetla się reklama starej promocji,inne,0.5
SD 174338,Źle wbite straty 19.07.2025,2025 07 22 18:14:34.376000 02:00,Incydent,PL 00205 Tychy 2,205,Tychy 2,Źle wbite straty 19.07.2025,źle wbite straty 19.07.2025,inne,0.5
SD 174337,POS24 nie uruchomiła NP do końca,2025 07 22 18:13:51.677000 02:00,Incydent,PL 00283 W wa 43 AL.Jerozolimskie,283,Wwa 43 AL.Jerozolimskie,POS24 nie uruchomiła NP do końca,pos24 nie uruchomiła np do końca,inne,0.5
SD 174336,pos01 zamówienie dalej wisi,2025 07 22 18:10:37.210000 02:00,Incydent,PL 00524 Starachowice,524,Starachowice,pos01 zamówienie dalej wisi,pos01 zamówienie dalej wisi,inne,0.5
SD 174335,pos24 nie przeszła płatność,2025 07 22 17:59:57.577000 02:00,Incydent,PL 00189 Zakopane 2,189,Zakopane 2,pos24 nie przeszła płatność,pos24 nie przeszła płatność,inne,0.5
SD 174334,ekran sie zacial,2025 07 22 17:57:24.263000 02:00,Incydent,PL 00041 Szczecin 4 Struga,041,Szczecin 4 Struga,ekran sie zacial,ekran sie zacial,inne,0.5
SD 174333,POS01 Kasa często się zacina,2025 07 22 17:55:12.611000 02:00,Incydent,PL 00524 Starachowice,524,Starachowice,POS01 Kasa często się zacina,pos01 kasa często się zacina,POS/CSO zawieszony,0.9
SD 174331,Czerwona słuchawka,2025 07 22 17:46:20.624000 02:00,Usługa,pl asista,Asystent,Asystent systemowy,Czerwona słuchawka,czerwona słuchawka,inne,0.5
SD 174330,Pytanie aktualizacji Hoc,2025 07 22 17:44:53.026000 02:00,Incydent,pl asista,Asystent,Asystent systemowy,Pytanie aktualizacji Hoc,pytanie aktualizacji hoc,inne,0.5
SD 174329,Pytanie o naprawę guzika w ekranie,2025 07 22 17:43:34.287000 02:00,Incydent,PL 00327 Sanok,327,Sanok,Pytanie o naprawę guzika w ekranie,pytanie o naprawę guzika w ekranie,inne,0.5
SD 174328,Konfiguracja podłączonej nowej drukarki,2025 07 22 17:42:27.156000 02:00,Incydent,PL 00074 Poznan 06 Serbska,074,Poznan 06 Serbska,Konfiguracja podłączonej nowej drukarki,konfiguracja podłączonej nowej drukarki,inne,0.5
SD 174327,Microsoft Intune Usunięcie Nieużywanych Urządzeń z Konta STAFF,2025 07 22 17:41:33.379000 02:00,Incydent,Hubert Ślósarski,Nieznany,Hubert Ślósarski,Microsoft Intune Usunięcie Nieużywanych Urządzeń z Konta STAFF,microsoft intune usunięcie nieużywanych urządzeń z konta staff,inne,0.5
SD 174326,POS01 Drukarka fiskalna nie pinguje,2025 07 22 17:39:12.450000 02:00,Incydent,PL 00554 Krapkowice,554,Krapkowice,POS01 Drukarka fiskalna nie pinguje,pos01 drukarka fiskalna nie pinguje,inne,0.5
SD 174325,MS w raporcie odbić czasowych pokazały się odbicia z listopada 2024,2025 07 22 17:38:36.802000 02:00,Incydent,PL 00597 Krasnystaw,597,Krasnystaw,MS w raporcie odbić czasowych pokazały się odbicia z listopada 2024,ms w raporcie odbić czasowych pokazały się odbicia z listopada 2024,MyStore Prośba o pomoc w edycji odbić czasowych,0.9
SD 174324,"CSO 27,28,31 Wylogowują się wyłączają po przyjęciu płatności",2025 07 22 17:38:36.502000 02:00,Incydent,PL 00479 MOP Machnacz A1 W,479,MOP Machnacz A1 W,"CSO 27,28,31 Wylogowują się wyłączają po przyjęciu płatności","cso 27,28,31 wylogowują się wyłączają po przyjęciu płatności",inne,0.5
SD 174323,MS9 zapytanie czy jesteśmy w stanie wygenerować plik z cenami,2025 07 22 17:34:30.687000 02:00,Usługa,PL 00056 Wroclaw 02 Karkonoska,056,Wroclaw 02 Karkonoska,MS9 zapytanie czy jesteśmy w stanie wygenerować plik z cenami,ms9 zapytanie czy jesteśmy w stanie wygenerować plik z cenami,inne,0.5
SD 174322,Delivery Wyświetla się komunikat na KVS09 do zamówień Glovo,2025 07 22 17:33:55.625000 02:00,Incydent,PL 00245 Poznan 11 Komorniki,245,Poznan 11 Komorniki,Delivery Wyświetla się komunikat na KVS09 do zamówień Glovo,delivery wyświetla się komunikat na kvs09 do zamówień glovo,inne,0.5
SD 174321,COD kamera na linię 1 jest rozmazana,2025 07 22 17:31:43.288000 02:00,Incydent,PL 00721 Bydgoszcz Jana Pawla,721,Bydgoszcz Jana Pawla,COD kamera na linię 1 jest rozmazana,cod kamera na linię 1 jest rozmazana,inne,0.5
SD 174320,MOP Prośba w włączenie zamówień mobilnych,2025 07 22 17:27:33.169000 02:00,Usługa,pl 00405,405,pl 00405,MOP Prośba w włączenie zamówień mobilnych,mop prośba w włączenie zamówień mobilnych,MOP Prośba o włączenie/wyłączenie,0.9
SD 174319,oDMB Doubleleft czarny ekran,2025 07 22 17:27:30.057000 02:00,Incydent,PL 00577 Leszno S5,577,Leszno S5,oDMB Doubleleft czarny ekran,odmb doubleleft czarny ekran,inne,0.5
SD 174318,Kiosk się wyłącza,2025 07 22 17:26:26.252000 02:00,Incydent,PL 00336 Nysa,336,Nysa,Kiosk się wyłącza,kiosk się wyłącza,inne,0.5
SD 174317,Zapytanie czy ekrany MFY2 działają,2025 07 22 17:26:06.723000 02:00,Usługa,PL 00327 Sanok,327,Sanok,Zapytanie czy ekrany MFY2 działają,zapytanie czy ekrany mfy2 działają,inne,0.5
SD 174316,POS/CSO nie właczaja sie,2025 07 22 17:24:35.076000 02:00,Incydent,PL 00059 W wa 09 Polczynska,059,Wwa 09 Polczynska,POS/CSO nie właczaja sie,pos/cso nie właczaja sie,POS/CSO/DT skaner nie działa,0.9
SD 174315,RE: McDonald s PL Radom 61600105 Coates Support Case 00379172 Acknowledgment,2025 07 22 17:22:21.746000 02:00,Usługa,pl asista,Asystent,Asystent systemowy,RE: McDonald s PL Radom 61600105 Coates Support Case 00379172 Acknowledgment,re: mcdonald s pl radom 61600105 coates support case 00379172 acknowledgment,inne,0.5
SD 174314,POS01 Waystation offline,2025 07 22 17:21:55.182000 02:00,Incydent,PL 00527 Elk,527,Elk,POS01 Waystation offline,pos01 waystation offline,POS/CSO waystation offline,0.9
SD 174313,zamówienie na menuboard wyświetlane na złej linii,2025 07 22 17:16:06.062000 02:00,Incydent,PL 00554 Krapkowice,554,Krapkowice,zamówienie na menuboard wyświetlane na złej linii,zamówienie na menuboard wyświetlane na złej linii,inne,0.5
SD 174312,EPR01 Nie pokazuje pp,2025 07 22 17:15:24.143000 02:00,Incydent,PL 00472 Torun 05 Copernicus,472,Torun 05 Copernicus,EPR01 Nie pokazuje pp,epr01 nie pokazuje pp,inne,0.5
SD 174311,mop prośba o wyłaczenie,2025 07 22 17:13:19.323000 02:00,Usługa,pl 00405,405,pl 00405,mop prośba o wyłaczenie,mop prośba o wyłaczenie,inne,0.5
SD 174307,McDonald s PL Radom 61600105 Coates Support Case 00379172 Acknowledgment,2025 07 22 17:09:22.114000 02:00,Usługa,pl asista,Asystent,Asystent systemowy,McDonald s PL Radom 61600105 Coates Support Case 00379172 Acknowledgment,mcdonald s pl radom 61600105 coates support case 00379172 acknowledgment,inne,0.5
SD 174305,Korekta błędnie wbitych strat,2025 07 22 17:08:05.292000 02:00,Usługa,Albert Włodarczyk,Nieznany,Albert Włodarczyk,Korekta błędnie wbitych strat,korekta błędnie wbitych strat,inne,0.5
SD 174301,mop prośba o właczenie,2025 07 22 17:00:35.959000 02:00,Usługa,pl 00405,405,pl 00405,mop prośba o właczenie,mop prośba o właczenie,inne,0.5
SD 174300,POS24 Fiscal error,2025 07 22 16:52:35.538000 02:00,Incydent,PL 00140 Mikolow 1,140,Mikolow 1,POS24 Fiscal error,pos24 fiscal error,inne,0.5
SD 174299,Drukarka fiskalna nie odpowiada,2025 07 22 16:50:46.276000 02:00,Incydent,PL 00016 Torun 1,016,Torun 1,Drukarka fiskalna nie odpowiada,drukarka fiskalna nie odpowiada,inne,0.5
SD 174298,mystore brak dostawy,2025 07 22 16:49:47.579000 02:00,Incydent,PL 00412 MOP Markuszow S17 South,412,MOP Markuszow S17 South,mystore brak dostawy,mystore brak dostawy,inne,0.5
SD 174297,"RE: Awaria/niedostępność usługi: 894978, ul. Wrocławska 17, 65 421 Zielona Góra INC000014000615",2025 07 22 16:49:22.620000 02:00,Usługa,pl asista,Asystent,Asystent systemowy,"RE: Awaria/niedostępność usługi: 894978, ul. Wrocławska 17, 65 421 Zielona Góra INC000014000615","re: awaria/niedostępność usługi: 894978, ul. wrocławska 17, 65 421 zielona góra inc000014000615",inne,0.5
SD 174296,RE: McDonald s PL Puck 61600299 Coates Support Case 00379156 Acknowledgment,2025 07 22 16:49:22.603000 02:00,Usługa,pl asista,Asystent,Asystent systemowy,RE: McDonald s PL Puck 61600299 Coates Support Case 00379156 Acknowledgment,re: mcdonald s pl puck 61600299 coates support case 00379156 acknowledgment,inne,0.5
SD 174294,McDonald s Poland Coates Support Case 00379172 Acknowledgment,2025 07 22 16:40:33.018000 02:00,Usługa,pl asista,Asystent,Asystent systemowy,McDonald s Poland Coates Support Case 00379172 Acknowledgment,mcdonald s poland coates support case 00379172 acknowledgment,inne,0.5
SD 174293,McDonald s PL Puck 61600299 Coates Support Case 00379156 Acknowledgment,2025 07 22 16:35:29.963000 02:00,Usługa,pl asista,Asystent,Asystent systemowy,McDonald s PL Puck 61600299 Coates Support Case 00379156 Acknowledgment,mcdonald s pl puck 61600299 coates support case 00379156 acknowledgment,inne,0.5
SD 174292,POS1 admin logon,2025 07 22 16:32:31.273000 02:00,Incydent,PL 00575 Czechowice Dziedzice,575,Czechowice Dziedzice,POS1 admin logon,pos1 admin logon,POS/CSO/KVS admin logon,0.9
SD 174289,McDonald s Poland Coates Support Case 00379156 Acknowledgment,2025 07 22 16:28:21.811000 02:00,Usługa,pl asista,Asystent,Asystent systemowy,McDonald s Poland Coates Support Case 00379156 Acknowledgment,mcdonald s poland coates support case 00379156 acknowledgment,inne,0.5
SD 174287,MS zablokowane konto,2025 07 22 16:24:19.537000 02:00,Incydent,PL 00618 Krakow Ksiecia Jozefa,618,Krakow Ksiecia Jozefa,MS zablokowane konto,ms zablokowane konto,inne,0.5
SD 174285,logery opóźnienie w komunikatach,2025 07 22 16:20:21.224000 02:00,Incydent,PL 00740 MOP S6 Kamien Polnoc,740,MOP S6 Kamien Polnoc,logery opóźnienie w komunikatach,logery opóźnienie w komunikatach,inne,0.5
SD 174282,Brak danych z Webcockpit od dnia 12.07.2025,2025 07 22 16:14:42.973000 02:00,Incydent,PL 00553 Kutno 02,553,Kutno 02,Brak danych z Webcockpit od dnia 12.07.2025,brak danych z webcockpit od dnia 12.07.2025,Mystore brak danych w raporcie PMX,0.9
SD 174281,MyStore Brak numeru Wrin w E prod,2025 07 22 16:14:27.623000 02:00,Incydent,PL 00233 Krosno,233,Krosno,MyStore Brak numeru Wrin w E prod,mystore brak numeru wrin w e prod,inne,0.5
SD 174280,MyStore Kadrowe problem z odbociem pracownika,2025 07 22 16:11:52.431000 02:00,Usługa,PL 00342 Lubliniec,342,Lubliniec,MyStore Kadrowe problem z odbociem pracownika,mystore kadrowe problem z odbociem pracownika,inne,0.5
SD 174279,kontynuacja SD 170112 oDMB brak obrazu,2025 07 22 16:11:05.102000 02:00,Incydent,PL 00105 Radom 2 Ustronie,105,Radom 2 Ustronie,kontynuacja SD 170112 oDMB brak obrazu,kontynuacja sd 170112 odmb brak obrazu,inne,0.5
SD 174278,Spadek brak kwalifikacji do procedury odzwaniania,2025 07 22 16:10:36.867000 02:00,Incydent,PL 00319 Krakow 15 Czyzyny,319,Krakow 15 Czyzyny,Spadek brak kwalifikacji do procedury odzwaniania,spadek brak kwalifikacji do procedury odzwaniania,inne,0.5
SD 174275,POS01 DF nie pinguje,2025 07 22 16:07:41.972000 02:00,Incydent,PL 00533 Ruda Slaska 2 1 go Maja,533,Ruda Slaska 2 1 go Maja,POS01 DF nie pinguje,pos01 df nie pinguje,inne,0.5
SD 174274,pos01 nie pinguje,2025 07 22 16:07:18.797000 02:00,Incydent,PL 00675 MOP S8 Budykierz,675,MOP S8 Budykierz,pos01 nie pinguje,pos01 nie pinguje,inne,0.5
SD 174273,Outlook nie można otworzyć pobranego zdjęcia,2025 07 22 16:07:16.881000 02:00,Incydent,PL 00353 Kobylka,353,Kobylka,Outlook nie można otworzyć pobranego zdjęcia,outlook nie można otworzyć pobranego zdjęcia,inne,0.5
SD 174272,pokazuje się allert irruption,2025 07 22 16:04:41.078000 02:00,Incydent,PL 00580 Wagrowiec,580,Wagrowiec,pokazuje się allert irruption,pokazuje się allert irruption,inne,0.5
SD 174270,RE: McDonald s PL 61600662 Coates Support Case 00378602 Acknowledgment,2025 07 22 16:00:25.823000 02:00,Usługa,pl asista,Asystent,Asystent systemowy,RE: McDonald s PL 61600662 Coates Support Case 00378602 Acknowledgment,re: mcdonald s pl 61600662 coates support case 00378602 acknowledgment,inne,0.5
SD 174269,KVS19 Drukarka grillowa nie działa,2025 07 22 15:57:22.116000 02:00,Incydent,PL 00666 Radzymin,666,Radzymin,KVS19 Drukarka grillowa nie działa,kvs19 drukarka grillowa nie działa,inne,0.5
SD 174267,Excel Zawiesił się podczas zapisywania plików,2025 07 22 15:55:55.596000 02:00,Incydent,PL 00476 Bydgoszcz 07 Focus,476,Bydgoszcz 07 Focus,Excel Zawiesił się podczas zapisywania plików,excel zawiesił się podczas zapisywania plików,inne,0.5
SD 174266,CSO terminale pobierają płatność ale nie przesyłają zamówień,2025 07 22 15:55:32.413000 02:00,Incydent,PL 00479 MOP Machnacz A1 W,479,MOP Machnacz A1 W,CSO terminale pobierają płatność ale nie przesyłają zamówień,cso terminale pobierają płatność ale nie przesyłają zamówień,Terminal nie działa,0.9
SD 174265,skaner nie skanuje kodów kreskowych,2025 07 22 15:55:00.468000 02:00,Incydent,PL 00090 Gorzow Wlkp 2 Centrum,090,Gorzow Wlkp 2 Centrum,skaner nie skanuje kodów kreskowych,skaner nie skanuje kodów kreskowych,inne,0.5
SD 174264,kvs 19 drukarka grill drukuje puste slipy,2025 07 22 15:54:44.660000 02:00,Incydent,MOP Stobiecko Szlacheckie Wschod,Nieznany,MOP Stobiecko Szlacheckie Wschod,kvs 19 drukarka grill drukuje puste slipy,kvs 19 drukarka grill drukuje puste slipy,inne,0.5
SD 174262,"drukarka zalana, zabrana przez serwis exon.",2025 07 22 15:50:52.133000 02:00,Incydent,Aleksandra Dubois,Nieznany,Aleksandra Dubois,"drukarka zalana, zabrana przez serwis exon.","drukarka zalana, zabrana przez serwis exon.",inne,0.5
SD 174258,Błąd integracji,2025 07 22 15:43:49.116000 02:00,Incydent,PL 00075 Lodz 05 Park,075,Lodz 05 Park,Błąd integracji,błąd integracji,inne,0.5
SD 174257,Korekta błędnie wbitych strat,2025 07 22 15:42:44.543000 02:00,Usługa,PL 00528 Jozefow,528,Jozefow,Korekta błędnie wbitych strat,korekta błędnie wbitych strat,inne,0.5
SD 174254,Nie drukują się opiski na kawę z mlekiem i czarną z dodatkowym espresso,2025 07 22 15:40:21.623000 02:00,Incydent,PL 00547 Bielsk Podlaski,547,Bielsk Podlaski,Nie drukują się opiski na kawę z mlekiem i czarną z dodatkowym espresso,nie drukują się opiski na kawę z mlekiem i czarną z dodatkowym espresso,MOP zamówienia nie drukują się/odrzuca zamówienia,0.9
SD 174253,Zapytanie o koretkę błędnie wbitych testów jakości,2025 07 22 15:36:57.839000 02:00,Incydent,PL 00528 Jozefow,528,Jozefow,Zapytanie o koretkę błędnie wbitych testów jakości,zapytanie o koretkę błędnie wbitych testów jakości,inne,0.5
SD 174251,menu nie wyświetla się,2025 07 22 15:34:58.954000 02:00,Incydent,PL 00242 Krakow 08 Metro,242,Krakow 08 Metro,menu nie wyświetla się,menu nie wyświetla się,inne,0.5
SD 174244,nie wyświetlają się czasy,2025 07 22 15:21:51.775000 02:00,Incydent,PL 00192 Czestochowa 4 Mall,192,Czestochowa 4 Mall,nie wyświetlają się czasy,nie wyświetlają się czasy,inne,0.5
SD 174243,Pinpad na DT nie przyjmuje płatności kartą,2025 07 22 15:20:28.889000 02:00,Incydent,PL 00675 MOP S8 Budykierz,675,MOP S8 Budykierz,Pinpad na DT nie przyjmuje płatności kartą,pinpad na dt nie przyjmuje płatności kartą,Terminal nie działa,0.9
SD 174242,pos24 pos not initialized,2025 07 22 15:19:10.126000 02:00,Incydent,PL 00294 Zamosc,294,Zamosc,pos24 pos not initialized,pos24 pos not initialized,POS not initalized,0.9
SD 174241,RHS01 Offline,2025 07 22 15:18:53.313000 02:00,Incydent,PL 00143 Czeladz 1,143,Czeladz 1,RHS01 Offline,rhs01 offline,inne,0.5
SD 174238,Problem z kioskiem,2025 07 22 15:17:18.430000 02:00,Incydent,PL 00336 Nysa,336,Nysa,Problem z kioskiem,problem z kioskiem,inne,0.5
SD 174237,tet,2025 07 22 15:12:02.494000 02:00,Incydent,Mateusz Banaszek,Nieznany,Mateusz Banaszek,tet,tet,inne,0.5
SD 174236,nie zgadasz się kwota w odchyleniu statystycznym na non produkcie,2025 07 22 15:11:33.190000 02:00,Usługa,Edyta Krzyzanowska,Nieznany,Edyta Krzyzanowska,nie zgadasz się kwota w odchyleniu statystycznym na non produkcie,nie zgadasz się kwota w odchyleniu statystycznym na non produkcie,inne,0.5
SD 174232,"poprosiłabym o korektę błędnie wbitego testu jakości na numer 990 produktu cebula świeża błędnie wbita ilośc to 1000, prawidłowa to 10",2025 07 22 15:02:15.443000 02:00,Incydent,PL 00528 Jozefow,528,Jozefow,"poprosiłabym o korektę błędnie wbitego testu jakości na numer 990 produktu cebula świeża błędnie wbita ilośc to 1000, prawidłowa to 10","poprosiłabym o korektę błędnie wbitego testu jakości na numer 990 produktu cebula świeża błędnie wbita ilośc to 1000, prawidłowa to 10",inne,0.5
SD 174231,TELEFON SERWISOWY oDMB CFS Problem z MediaPlayerem .201,2025 07 22 15:01:16.800000 02:00,Incydent,PL 00207 Jasienica 1,207,Jasienica 1,TELEFON SERWISOWY oDMB CFS Problem z MediaPlayerem .201,telefon serwisowy odmb cfs problem z mediaplayerem .201,telefon serwisowy,0.9
SD 174230,"Re: Awaria/niedostępność usługi: 894978, ul. Wrocławska 17, 65 421 Zielona Góra INC000014000615",2025 07 22 15:00:30.015000 02:00,Usługa,pl asista,Asystent,Asystent systemowy,"Re: Awaria/niedostępność usługi: 894978, ul. Wrocławska 17, 65 421 Zielona Góra INC000014000615","re: awaria/niedostępność usługi: 894978, ul. wrocławska 17, 65 421 zielona góra inc000014000615",inne,0.5
SD 174229,McDonald s PL Wladyslawowo 61600585 Coates Support Case 00379077 Acknowledgment,2025 07 22 15:00:29.115000 02:00,Usługa,pl asista,Asystent,Asystent systemowy,McDonald s PL Wladyslawowo 61600585 Coates Support Case 00379077 Acknowledgment,mcdonald s pl wladyslawowo 61600585 coates support case 00379077 acknowledgment,inne,0.5
SD 174225,McDonald s Poland Coates Support Case 00379077 Acknowledgment,2025 07 22 14:56:29.706000 02:00,Usługa,pl asista,Asystent,Asystent systemowy,McDonald s Poland Coates Support Case 00379077 Acknowledgment,mcdonald s poland coates support case 00379077 acknowledgment,inne,0.5
SD 174224,mystore brak zużycia,2025 07 22 14:54:22.101000 02:00,Incydent,PL 00352 MOP Lozienica,352,MOP Lozienica,mystore brak zużycia,mystore brak zużycia,Mystore brak zużycia,0.9
SD 174223,Błędnie wyświetla ceny w aplikacji Zamów i Odbierz,2025 07 22 14:54:21.646000 02:00,Incydent,Magdalena Brzezińska,Nieznany,Magdalena Brzezińska,Błędnie wyświetla ceny w aplikacji Zamów i Odbierz,błędnie wyświetla ceny w aplikacji zamów i odbierz,inne,0.5
SD 174221,KVS17 Nie działa dotyk,2025 07 22 14:51:17.078000 02:00,Incydent,PL 00042 Bydgoszcz 2 Torpedo,042,Bydgoszcz 2 Torpedo,KVS17 Nie działa dotyk,kvs17 nie działa dotyk,inne,0.5
SD 174220,Korekta błędnie wbitych strat,2025 07 22 14:50:33.931000 02:00,Usługa,PL 00501 Mrągowo,501,Mrągowo,Korekta błędnie wbitych strat,korekta błędnie wbitych strat,inne,0.5
SD 174219,"Re: Awaria/niedostępność usługi: 849592, ul. Hetmańska 100, 61 495 Poznań INC000013994028 Customer Id: 44",2025 07 22 14:40:21.893000 02:00,Usługa,pl asista,Asystent,Asystent systemowy,"Re: Awaria/niedostępność usługi: 849592, ul. Hetmańska 100, 61 495 Poznań INC000013994028 Customer Id: 44","re: awaria/niedostępność usługi: 849592, ul. hetmańska 100, 61 495 poznań inc000013994028 customer id: 44",inne,0.5
SD 174218,ODMB wyłączają się o północy,2025 07 22 14:39:50.044000 02:00,Incydent,PL 00585 Wladyslawowo,585,Wladyslawowo,ODMB wyłączają się o północy,odmb wyłączają się o północy,inne,0.5
SD 174216,Problem z otwierającymi się kasetkami na kasie numer 3 oraz 24.,2025 07 22 14:37:48.918000 02:00,Incydent,PL 00350 MOP Wysoka S3,350,MOP Wysoka S3,Problem z otwierającymi się kasetkami na kasie numer 3 oraz 24.,problem z otwierającymi się kasetkami na kasie numer 3 oraz 24.,inne,0.5
SD 174215,MS9 prośba o reset hasła,2025 07 22 14:36:49.224000 02:00,Incydent,PL 00711 Zywiec 2,711,Zywiec 2,MS9 prośba o reset hasła,ms9 prośba o reset hasła,inne,0.5
SD 174210,"Nie działa skaner, nie skanuje kuponów",2025 07 22 14:25:37.921000 02:00,Incydent,Piotrkow Trybunalski PL 00660,660,Piotrkow Trybunalski,"Nie działa skaner, nie skanuje kuponów","nie działa skaner, nie skanuje kuponów",POS/CSO/DT skaner nie działa,0.9
SD 174209,MS zablokowane konto,2025 07 22 14:18:14.100000 02:00,Incydent,PL 00533 Ruda Slaska 2 1 go Maja,533,Ruda Slaska 2 1 go Maja,MS zablokowane konto,ms zablokowane konto,inne,0.5
SD 174207,Złożone zamówienia nie pojawiają się na KVS w kuchni i na ORB,2025 07 22 14:14:53.153000 02:00,Incydent,PL 00327 Sanok,327,Sanok,Złożone zamówienia nie pojawiają się na KVS w kuchni i na ORB,złożone zamówienia nie pojawiają się na kvs w kuchni i na orb,inne,0.5
SD 174205,mystore nie można nic wpisać w teście jakości,2025 07 22 14:12:17.224000 02:00,Incydent,pl 00163,163,pl 00163,mystore nie można nic wpisać w teście jakości,mystore nie można nic wpisać w teście jakości,inne,0.5
SD 174204,GPR MFY3/4 Nie drukuje/brak zasilania,2025 07 22 14:12:14.621000 02:00,Incydent,PL 00147 W wa 22 Pulkowa,147,Wwa 22 Pulkowa,GPR MFY3/4 Nie drukuje/brak zasilania,gpr mfy3/4 nie drukuje/brak zasilania,inne,0.5
SD 174202,IDMB wyłączają się o północy,2025 07 22 14:10:20.547000 02:00,Incydent,PL 00585 Wladyslawowo,585,Wladyslawowo,IDMB wyłączają się o północy,idmb wyłączają się o północy,inne,0.5
SD 174201,RE: McDonald s PL Koscierzyna 61600545 Coates Support Case 00379008 Acknowledgment,2025 07 22 14:06:27.847000 02:00,Usługa,pl asista,Asystent,Asystent systemowy,RE: McDonald s PL Koscierzyna 61600545 Coates Support Case 00379008 Acknowledgment,re: mcdonald s pl koscierzyna 61600545 coates support case 00379008 acknowledgment,inne,0.5
SD 174200,Zapytanie dotyczące aktualizacji sesame,2025 07 22 14:06:22.435000 02:00,Incydent,PL 00042 Bydgoszcz 2 Torpedo,042,Bydgoszcz 2 Torpedo,Zapytanie dotyczące aktualizacji sesame,zapytanie dotyczące aktualizacji sesame,inne,0.5
SD 174198,MOP niepoprawne ceny,2025 07 22 14:00:25.866000 02:00,Incydent,PL 00585 Wladyslawowo,585,Wladyslawowo,MOP niepoprawne ceny,mop niepoprawne ceny,inne,0.5
SD 174197,Drukarka nie przycina paragonów,2025 07 22 13:57:41.665000 02:00,Incydent,PL 00269 Wroclaw 15 Magnolia,269,Wroclaw 15 Magnolia,Drukarka nie przycina paragonów,drukarka nie przycina paragonów,inne,0.5
SD 174196,Restauracja czynna do 24:00 monitory gasną o godzinie 23:00,2025 07 22 13:50:08.684000 02:00,Incydent,Magdalena Brzezińska,Nieznany,Magdalena Brzezińska,Restauracja czynna do 24:00 monitory gasną o godzinie 23:00,restauracja czynna do 24:00 monitory gasną o godzinie 23:00,inne,0.5
SD 174195,POS24 admin pulpit,2025 07 22 13:46:42.484000 02:00,Incydent,PL 00476 Bydgoszcz 07 Focus,476,Bydgoszcz 07 Focus,POS24 admin pulpit,pos24 admin pulpit,inne,0.5
SD 174194,ORB Zła rozdzielczość,2025 07 22 13:46:37.926000 02:00,Incydent,PL 00444 W wa 49 Swietokrzyska,444,Wwa 49 Swietokrzyska,ORB Zła rozdzielczość,orb zła rozdzielczość,inne,0.5
SD 174193,Pyszne nie wpadają zamówienia,2025 07 22 13:44:01.321000 02:00,Incydent,PL 00188 Plock 1,188,Plock 1,Pyszne nie wpadają zamówienia,pyszne nie wpadają zamówienia,inne,0.5
SD 174192,Restauracja czynna do 24:00 monitory gasną o godzinie 23:00,2025 07 22 13:41:33.524000 02:00,Incydent,Magdalena Brzezińska,Nieznany,Magdalena Brzezińska,Restauracja czynna do 24:00 monitory gasną o godzinie 23:00,restauracja czynna do 24:00 monitory gasną o godzinie 23:00,inne,0.5
SD 174191,Cennik Nie reaguje na dotyk,2025 07 22 13:40:00.296000 02:00,Incydent,PL 00115 Krakow 05 Pilotow,115,Krakow 05 Pilotow,Cennik Nie reaguje na dotyk,cennik nie reaguje na dotyk,inne,0.5
SD 174190,CFS Pokazuje zielone kółko z adresem ip,2025 07 22 13:38:53.943000 02:00,Incydent,PL 00597 Krasnystaw,597,Krasnystaw,CFS Pokazuje zielone kółko z adresem ip,cfs pokazuje zielone kółko z adresem ip,inne,0.5
SD 174188,nie działa skaner na dt na linii pierwszej został odłaczony i podłaczony do zasilania oraz został wykonany restart linii pierwszej,2025 07 22 13:36:12.346000 02:00,Incydent,Hrubieszów PL 00672,672,Hrubieszów,nie działa skaner na dt na linii pierwszej został odłaczony i podłaczony do zasilania oraz został wykonany restart linii pierwszej,nie działa skaner na dt na linii pierwszej został odłaczony i podłaczony do zasilania oraz został wykonany restart linii pierwszej,POS/CSO/DT skaner nie działa,0.9
SD 174187,TR wczorajsze odbicia czasowe,2025 07 22 13:33:30.092000 02:00,Incydent,PL 00043 Sosnowiec 1,043,Sosnowiec 1,TR wczorajsze odbicia czasowe,tr wczorajsze odbicia czasowe,inne,0.5
SD 174186,POS03 Waystation offline,2025 07 22 13:33:28.016000 02:00,Incydent,Grudziadz PL 00661,661,Grudziadz,POS03 Waystation offline,pos03 waystation offline,POS/CSO waystation offline,0.9
SD 174185,OfficePC brak uprawnień do zalogowania,2025 07 22 13:27:37.965000 02:00,Incydent,PL 00310 Chelm,310,Chelm,OfficePC brak uprawnień do zalogowania,officepc brak uprawnień do zalogowania,inne,0.5
SD 174184,Nie wyświetla się podsumowanie zamówienia na DT,2025 07 22 13:27:11.058000 02:00,Incydent,pl 00702,702,pl 00702,Nie wyświetla się podsumowanie zamówienia na DT,nie wyświetla się podsumowanie zamówienia na dt,inne,0.5
SD 174183,Terminal POS01 Nie przyjmuje płatności,2025 07 22 13:25:12.139000 02:00,Incydent,PL 00184 Wroclaw 10 Ksiecia Witolda,184,Wroclaw 10 Ksiecia Witolda,Terminal POS01 Nie przyjmuje płatności,terminal pos01 nie przyjmuje płatności,Terminal nie działa,0.9
SD 174182,RE: McDonald s PL Gdansk 61600378 Coates Support Case 00378568 Acknowledgment,2025 07 22 13:21:26.538000 02:00,Usługa,pl asista,Asystent,Asystent systemowy,RE: McDonald s PL Gdansk 61600378 Coates Support Case 00378568 Acknowledgment,re: mcdonald s pl gdansk 61600378 coates support case 00378568 acknowledgment,inne,0.5
SD 174181,CSO25/26/28 drukarka fiskalna nie odpowiada,2025 07 22 13:20:38.577000 02:00,Incydent,PL 00212 Gdansk 07 Morena,212,Gdansk 07 Morena,CSO25/26/28 drukarka fiskalna nie odpowiada,cso25/26/28 drukarka fiskalna nie odpowiada,inne,0.5
SD 174180,POS19 ABS nie nalewa automatycznie,2025 07 22 13:17:36.622000 02:00,Incydent,PL 00658 Ozimek,658,Ozimek,POS19 ABS nie nalewa automatycznie,pos19 abs nie nalewa automatycznie,inne,0.5
SD 174178,Zamówienia z Pyszne.pl Delivery nie przesyłają się automatycznie,2025 07 22 13:14:06.783000 02:00,Incydent,PL 00410 Swinoujscie,410,Swinoujscie,Zamówienia z Pyszne.pl Delivery nie przesyłają się automatycznie,zamówienia z pyszne.pl delivery nie przesyłają się automatycznie,inne,0.5
SD 174177,brak kamery na linię 2,2025 07 22 13:00:21.137000 02:00,Incydent,pl 00555,555,pl 00555,brak kamery na linię 2,brak kamery na linię 2,inne,0.5
SD 174176,zamówienia mobilne,2025 07 22 12:50:45.557000 02:00,Incydent,PL 00287 Jaworzno,287,Jaworzno,zamówienia mobilne,zamówienia mobilne,inne,0.5
SD 174175,ABS Nie nalewa napojów automatycznie,2025 07 22 12:48:59.581000 02:00,Incydent,Grudziadz PL 00661,661,Grudziadz,ABS Nie nalewa napojów automatycznie,abs nie nalewa napojów automatycznie,inne,0.5
SD 174174,POS01 Adapter is busy,2025 07 22 12:47:29.737000 02:00,Incydent,PL 00658 Ozimek,658,Ozimek,POS01 Adapter is busy,pos01 adapter is busy,inne,0.5
SD 174172,MOP prośba o włączenie,2025 07 22 12:45:21.833000 02:00,Usługa,PL 00411 MOP Markuszow S17 North,411,MOP Markuszow S17 North,MOP prośba o włączenie,mop prośba o włączenie,MOP Prośba o włączenie/wyłączenie,0.9
SD 174170,KVS zamówienia nie przechodzą z MFY na OAT,2025 07 22 12:44:57.099000 02:00,Poważny Incydent,PL 00636 Katowice 11 Rynek,636,Katowice 11 Rynek,KVS zamówienia nie przechodzą z MFY na OAT,kvs zamówienia nie przechodzą z mfy na oat,inne,0.5
SD 174168,Mystore problem z zapisem dokumentu,2025 07 22 12:42:05.318000 02:00,Incydent,PL 00178 Rumia 1 Grunwaldzka,178,Rumia 1 Grunwaldzka,Mystore problem z zapisem dokumentu,mystore problem z zapisem dokumentu,inne,0.5
SD 174167,niedostępny,2025 07 22 12:39:25.661000 02:00,Incydent,PL 00479 MOP Machnacz A1 W,479,MOP Machnacz A1 W,niedostępny,niedostępny,inne,0.5
SD 174166,KVS09 Zmiana z bumpbara na dotyk,2025 07 22 12:36:22.416000 02:00,Incydent,PL 00506 Radom 7 PKP,506,Radom 7 PKP,KVS09 Zmiana z bumpbara na dotyk,kvs09 zmiana z bumpbara na dotyk,inne,0.5
SD 174165,POS24 zablokowana dużym zamówieniem,2025 07 22 12:33:01.973000 02:00,Incydent,PL 00074 Poznan 06 Serbska,074,Poznan 06 Serbska,POS24 zablokowana dużym zamówieniem,pos24 zablokowana dużym zamówieniem,inne,0.5
SD 174164,Invo 2 Nie chce się włączyć,2025 07 22 12:31:27.393000 02:00,Usługa,PL 00395 Siedlce 02 Galeria S,395,Siedlce 02 Galeria S,Invo 2 Nie chce się włączyć,invo 2 nie chce się włączyć,inne,0.5
SD 174161,Prośba o zablokowanie oferty lokalnej,2025 07 22 12:13:55.550000 02:00,Usługa,PL 00694 Tarnow,694,Tarnow,Prośba o zablokowanie oferty lokalnej,prośba o zablokowanie oferty lokalnej,inne,0.5
SD 174160,Zamówienia nie przechodzą,2025 07 22 12:10:59.325000 02:00,Incydent,PL 00245 Poznan 11 Komorniki,245,Poznan 11 Komorniki,Zamówienia nie przechodzą,zamówienia nie przechodzą,inne,0.5
SD 174158,"już drugi dzień z rzędu samoczynnie się wyłącza. pomaga restart, ale mam info od restauracji 149, że to problem z konfiguracją",2025 07 22 12:10:12.126000 02:00,Incydent,ANETA NIEPSUJ,Nieznany,ANETA NIEPSUJ,"już drugi dzień z rzędu samoczynnie się wyłącza. pomaga restart, ale mam info od restauracji 149, że to problem z konfiguracją","już drugi dzień z rzędu samoczynnie się wyłącza. pomaga restart, ale mam info od restauracji 149, że to problem z konfiguracją",inne,0.5
SD 174155,MOP zamówienia nie drukują się,2025 07 22 11:55:30.414000 02:00,Incydent,PL 00277 Bydgoszcz 5 Galeria,277,Bydgoszcz 5 Galeria,MOP zamówienia nie drukują się,mop zamówienia nie drukują się,MOP zamówienia nie drukują się/odrzuca zamówienia,0.9
SD 174152,nie drukuje się metka na twarożek ogórek pracowniczy,2025 07 22 11:41:51.870000 02:00,Incydent,PL 00266 Krakow 13 Mogilany,266,Krakow 13 Mogilany,nie drukuje się metka na twarożek ogórek pracowniczy,nie drukuje się metka na twarożek ogórek pracowniczy,inne,0.5
SD 174151,POS03 kupony nie wchodzą na kase,2025 07 22 11:41:13.224000 02:00,Incydent,PL 00588 MOP Morzecino Zachod,588,MOP Morzecino Zachod,POS03 kupony nie wchodzą na kase,pos03 kupony nie wchodzą na kase,inne,0.5
SD 174150,cennik nie pokazuje składu i kaloryczności produktów,2025 07 22 11:39:38.363000 02:00,Incydent,PL 00126 Krakow 06 Wielicka,126,Krakow 06 Wielicka,cennik nie pokazuje składu i kaloryczności produktów,cennik nie pokazuje składu i kaloryczności produktów,inne,0.5
SD 174147,KVS nie działają po awarii zasilania,2025 07 22 11:37:29.675000 02:00,Incydent,PL 00327 Sanok,327,Sanok,KVS nie działają po awarii zasilania,kvs nie działają po awarii zasilania,inne,0.5
SD 174146,Mystore brak produktu w EPRO,2025 07 22 11:32:34.036000 02:00,Incydent,PL 00476 Bydgoszcz 07 Focus,476,Bydgoszcz 07 Focus,Mystore brak produktu w EPRO,mystore brak produktu w epro,inne,0.5
SD 174145,RHS01 Nie pinguje po awarii prądu,2025 07 22 11:29:45.954000 02:00,Incydent,PL 00621 Nowogard Autohof,621,Nowogard Autohof,RHS01 Nie pinguje po awarii prądu,rhs01 nie pinguje po awarii prądu,inne,0.5
SD 174144,RHS01 nie uruchomił się po awarii prądu,2025 07 22 11:29:18.293000 02:00,Incydent,PL 00327 Sanok,327,Sanok,RHS01 nie uruchomił się po awarii prądu,rhs01 nie uruchomił się po awarii prądu,inne,0.5
SD 174143,"cennik nie reaguje na dotyk, nie pokazuje składu kanapek",2025 07 22 11:22:09.450000 02:00,Incydent,PL 00242 Krakow 08 Metro,242,Krakow 08 Metro,"cennik nie reaguje na dotyk, nie pokazuje składu kanapek","cennik nie reaguje na dotyk, nie pokazuje składu kanapek",inne,0.5
SD 174142,iDMB cennik wyświetla Error... Connection time out,2025 07 22 11:21:38.361000 02:00,Incydent,pl 00754,754,pl 00754,iDMB cennik wyświetla Error... Connection time out,idmb cennik wyświetla error... connection time out,inne,0.5
SD 174141,CSO Reklama HIT Maka,2025 07 22 11:19:37.315000 02:00,Incydent,pl 00708,708,pl 00708,CSO Reklama HIT Maka,cso reklama hit maka,inne,0.5
SD 174140,Brak składników produktów na cenniku,2025 07 22 11:19:25.858000 02:00,Incydent,PL 00218 Krakow 09 Bora,218,Krakow 09 Bora,Brak składników produktów na cenniku,brak składników produktów na cenniku,inne,0.5
SD 174139,MFA prośba o wygenerowanie,2025 07 22 11:17:20.875000 02:00,Usługa,PL 00222 Plock 2,222,Plock 2,MFA prośba o wygenerowanie,mfa prośba o wygenerowanie,inne,0.5
SD 174138,iDMB Cennik nie można wybrać produktów,2025 07 22 11:16:35.297000 02:00,Incydent,PL 00080 Krakow 03 Opolska,080,Krakow 03 Opolska,iDMB Cennik nie można wybrać produktów,idmb cennik nie można wybrać produktów,inne,0.5
SD 174137,POS02 brak kafelków po awarii zasilania,2025 07 22 11:13:58.647000 02:00,Incydent,PL 00327 Sanok,327,Sanok,POS02 brak kafelków po awarii zasilania,pos02 brak kafelków po awarii zasilania,POS brak kafelków,0.9
SD 174136,IDMB FC1 Czarny ekran,2025 07 22 11:12:22.898000 02:00,Incydent,PL 00087 Wroclaw 04 Bielany,087,Wroclaw 04 Bielany,IDMB FC1 Czarny ekran,idmb fc1 czarny ekran,inne,0.5
SD 174133,"Różnica raport fiskalny, a raport MyStore",2025 07 22 11:04:54.234000 02:00,Incydent,PL 00414 MOP Stanislawice A4 South,414,MOP Stanislawice A4 South,"Różnica raport fiskalny, a raport MyStore","różnica raport fiskalny, a raport mystore",inne,0.5
SD 174132,Włączenie usługi MOP,2025 07 22 11:03:33.777000 02:00,Usługa,PL 00125 Wroclaw 06 Serek,125,Wroclaw 06 Serek,Włączenie usługi MOP,włączenie usługi mop,MOP Prośba o włączenie/wyłączenie,0.9
SD 174131,Nie wyświetla się monitor CFS,2025 07 22 11:03:03.732000 02:00,Incydent,PL 00312 Czestochowa 6,312,Czestochowa 6,Nie wyświetla się monitor CFS,nie wyświetla się monitor cfs,inne,0.5
SD 174129,nie mogę drukować ze swojego konta,2025 07 22 10:55:07.893000 02:00,Incydent,PL 00265 Wroclaw 14 Pasaz,265,Wroclaw 14 Pasaz,nie mogę drukować ze swojego konta,nie mogę drukować ze swojego konta,inne,0.5
SD 174128,MFY 1 Nie działa druakrka,2025 07 22 10:54:50.017000 02:00,Incydent,PL 00119 Zgorzelec 1,119,Zgorzelec 1,MFY 1 Nie działa druakrka,mfy 1 nie działa druakrka,inne,0.5
SD 174126,POS01 Admin Logon,2025 07 22 10:54:00.739000 02:00,Incydent,pl 00707,707,pl 00707,POS01 Admin Logon,pos01 admin logon,POS/CSO/KVS admin logon,0.9
SD 174124,KVS Brak czasów na monitorach,2025 07 22 10:50:55.122000 02:00,Incydent,PL 00504 Ustron,504,Ustron,KVS Brak czasów na monitorach,kvs brak czasów na monitorach,inne,0.5
SD 174118,RHS01 błąd komunikacji z monitorami,2025 07 22 10:30:56.470000 02:00,Incydent,PL 00621 Nowogard Autohof,621,Nowogard Autohof,RHS01 błąd komunikacji z monitorami,rhs01 błąd komunikacji z monitorami,inne,0.5
SD 174117,Zepsuty zasilacz,2025 07 22 10:28:30.487000 02:00,Incydent,PL 00346 Szczecin 7 ECE,346,Szczecin 7 ECE,Zepsuty zasilacz,zepsuty zasilacz,inne,0.5
SD 174106,Połączenie,2025 07 22 10:25:42.738000 02:00,Incydent,PL 00482 W Wa 54 Wschodnia,482,WWa 54 Wschodnia,Połączenie,połączenie,inne,0.5
SD 174098,Nie drukuje nic z Mystore,2025 07 22 10:23:22.274000 02:00,Incydent,PL 00339 Koszalin 3 Monte Casino,339,Koszalin 3 Monte Casino,Nie drukuje nic z Mystore,nie drukuje nic z mystore,inne,0.5
SD 174097,DF MOP nie działa prawidłowo,2025 07 22 10:21:42.065000 02:00,Incydent,PL 00346 Szczecin 7 ECE,346,Szczecin 7 ECE,DF MOP nie działa prawidłowo,df mop nie działa prawidłowo,inne,0.5
SD 174095,CSO25/27 Kiosk niedostępny,2025 07 22 10:14:37.239000 02:00,Incydent,PL 00526 Nowy Sacz,526,Nowy Sacz,CSO25/27 Kiosk niedostępny,cso25/27 kiosk niedostępny,CSOxx niedostępny,0.9
SD 174093,POS01 nie działa prawidłowo,2025 07 22 10:14:09.241000 02:00,Incydent,PL 00092 Slupsk 1,092,Slupsk 1,POS01 nie działa prawidłowo,pos01 nie działa prawidłowo,inne,0.5
SD 174092,McDonald s PL Koscierzyna 61600545 Coates Support Case 00379008 Acknowledgment,2025 07 22 10:12:33.598000 02:00,Usługa,pl asista,Asystent,Asystent systemowy,McDonald s PL Koscierzyna 61600545 Coates Support Case 00379008 Acknowledgment,mcdonald s pl koscierzyna 61600545 coates support case 00379008 acknowledgment,inne,0.5
SD 174091,Opłaty za zamówienia są pobierane dwukrotnie,2025 07 22 10:12:29.389000 02:00,Incydent,Marek Gogol,Nieznany,Marek Gogol,Opłaty za zamówienia są pobierane dwukrotnie,opłaty za zamówienia są pobierane dwukrotnie,inne,0.5
SD 174078,CSO problem z zalogowaniem kiosków,2025 07 22 10:03:46.663000 02:00,Incydent,PL 00522 Piekary Slaskie,522,Piekary Slaskie,CSO problem z zalogowaniem kiosków,cso problem z zalogowaniem kiosków,inne,0.5
SD 174076,McDonald s Poland Coates Support Case 00379008 Acknowledgment,2025 07 22 10:02:22.639000 02:00,Usługa,pl asista,Asystent,Asystent systemowy,McDonald s Poland Coates Support Case 00379008 Acknowledgment,mcdonald s poland coates support case 00379008 acknowledgment,inne,0.5
SD 174075,RE: McDonald s PL Czechowice Dziedzice 61600575 Coates Support Case 00379003 Acknowledgment,2025 07 22 09:50:21.632000 02:00,Usługa,pl asista,Asystent,Asystent systemowy,RE: McDonald s PL Czechowice Dziedzice 61600575 Coates Support Case 00379003 Acknowledgment,re: mcdonald s pl czechowice dziedzice 61600575 coates support case 00379003 acknowledgment,inne,0.5
SD 174074,Prośba o zablokowanie zamówień MOP,2025 07 22 09:49:51.074000 02:00,Usługa,PL 00125 Wroclaw 06 Serek,125,Wroclaw 06 Serek,Prośba o zablokowanie zamówień MOP,prośba o zablokowanie zamówień mop,MOP Prośba o włączenie/wyłączenie,0.9
SD 174073,KVS22 nic nie widać na ekranie,2025 07 22 09:46:40.838000 02:00,Incydent,PL 00545 Koscierzyna,545,Koscierzyna,KVS22 nic nie widać na ekranie,kvs22 nic nie widać na ekranie,inne,0.5
SD 174072,MAP01/02 nie można się połączyć,2025 07 22 09:46:13.369000 02:00,Incydent,pl 00668,668,pl 00668,MAP01/02 nie można się połączyć,map01/02 nie można się połączyć,inne,0.5
SD 174071,nie drukuje drukarka grillowa mfy1,2025 07 22 09:45:15.742000 02:00,Incydent,PL 00502 Sieradz,502,Sieradz,nie drukuje drukarka grillowa mfy1,nie drukuje drukarka grillowa mfy1,inne,0.5
SD 174069,MyStore Brak możliwości zapisania plików w folderze wspólne,2025 07 22 09:40:54.156000 02:00,Incydent,PL 00397 Mysłowice,397,Mysłowice,MyStore Brak możliwości zapisania plików w folderze wspólne,mystore brak możliwości zapisania plików w folderze wspólne,inne,0.5
SD 174067,KVS11 nie reaguje na dotyk,2025 07 22 09:40:29.398000 02:00,Incydent,PL 00444 W wa 49 Swietokrzyska,444,Wwa 49 Swietokrzyska,KVS11 nie reaguje na dotyk,kvs11 nie reaguje na dotyk,inne,0.5
SD 174066,McDonald s PL Czechowice Dziedzice 61600575 Coates Support Case 00379003 Acknowledgment,2025 07 22 09:38:27.377000 02:00,Usługa,pl asista,Asystent,Asystent systemowy,McDonald s PL Czechowice Dziedzice 61600575 Coates Support Case 00379003 Acknowledgment,mcdonald s pl czechowice dziedzice 61600575 coates support case 00379003 acknowledgment,inne,0.5
SD 174064,OfficePC problem z zalogowaniem,2025 07 22 09:34:48.164000 02:00,Incydent,PL 00261 Katowice 5,261,Katowice 5,OfficePC problem z zalogowaniem,officepc problem z zalogowaniem,inne,0.5
SD 174063,PL00296RHS01 iDRAC CPU1 Temp: Temperature is above critical threshold: 100,2025 07 22 09:33:18.790000 02:00,Incydent,PL 00296 Czestochowa 5,296,Czestochowa 5,PL00296RHS01 iDRAC CPU1 Temp: Temperature is above critical threshold: 100,pl00296rhs01 idrac cpu1 temp: temperature is above critical threshold: 100,inne,0.5
SD 174062,HWA01 Can t reach this page,2025 07 22 09:33:18.102000 02:00,Incydent,PL 00619 Gorzow Wielkopolski,619,Gorzow Wielkopolski,HWA01 Can t reach this page,hwa01 can t reach this page,inne,0.5
SD 174061,Nie można zalogować się do backofice,2025 07 22 09:32:03.693000 02:00,Incydent,Zielona Góra Focus 2 PL 00789,789,Zielona Góra Focus 2,Nie można zalogować się do backofice,nie można zalogować się do backofice,MyStore background service nie gotowy/nie można się zalogować,0.9
SD 174059,McDonald s Poland Coates Support Case 00379003 Acknowledgment,2025 07 22 09:26:25.025000 02:00,Usługa,pl asista,Asystent,Asystent systemowy,McDonald s Poland Coates Support Case 00379003 Acknowledgment,mcdonald s poland coates support case 00379003 acknowledgment,inne,0.5
SD 174058,HWA01 brak podglądu,2025 07 22 09:21:56.901000 02:00,Incydent,PL 00705 Leczna,705,Leczna,HWA01 brak podglądu,hwa01 brak podglądu,inne,0.5
SD 174057,Głuchy telefon,2025 07 22 09:20:33.913000 02:00,Usługa,PL 00705 Leczna,705,Leczna,Głuchy telefon,głuchy telefon,inne,0.5
SD 174056,brak podgladu kamery dt,2025 07 22 09:19:03.638000 02:00,Incydent,PL 00408 Sierpc,408,Sierpc,brak podgladu kamery dt,brak podgladu kamery dt,inne,0.5
SD 174055,Brak możliwości dodania produktu do dostawy,2025 07 22 09:16:35.396000 02:00,Usługa,PL 00495 MOP Gorzyczki A1 W,495,MOP Gorzyczki A1 W,Brak możliwości dodania produktu do dostawy,brak możliwości dodania produktu do dostawy,inne,0.5
SD 174054,POS06 Czerwony Ekran,2025 07 22 09:16:24.516000 02:00,Incydent,PL 00415 Poznan 15 Avenida PKP,415,Poznan 15 Avenida PKP,POS06 Czerwony Ekran,pos06 czerwony ekran,inne,0.5
SD 174053,Skaner COD,2025 07 22 09:15:54.510000 02:00,Incydent,PL 00330 Okmiany,330,Okmiany,Skaner COD,skaner cod,inne,0.5
SD 174051,KVS01 zła rozdzielczość,2025 07 22 09:13:42.714000 02:00,Incydent,Koscian PL 00665,665,Koscian,KVS01 zła rozdzielczość,kvs01 zła rozdzielczość,inne,0.5
SD 174050,RE: RE: RE: Brak danych PMIX rest 427,2025 07 22 09:09:22.149000 02:00,Usługa,pl asista,Asystent,Asystent systemowy,RE: RE: RE: Brak danych PMIX rest 427,re: re: re: brak danych pmix rest 427,inne,0.5
SD 174048,POS problem z blokowaniem produktu,2025 07 22 09:05:21.221000 02:00,Incydent,PL 00340 MOP Malopole,340,MOP Malopole,POS problem z blokowaniem produktu,pos problem z blokowaniem produktu,inne,0.5
SD 174047,brak danych PMIX / 457,2025 07 22 09:00:28.851000 02:00,Usługa,pl asista,Asystent,Asystent systemowy,brak danych PMIX / 457,brak danych pmix / 457,Mystore brak danych w raporcie PMX,0.9
SD 174046,KVS wyłączone po awarii prądu,2025 07 22 08:57:00.603000 02:00,Incydent,PL 00362 Olesnica Autohof S8,362,Olesnica Autohof S8,KVS wyłączone po awarii prądu,kvs wyłączone po awarii prądu,inne,0.5
SD 174045,KVS12 rozkalibrowany dotyk,2025 07 22 08:56:23.273000 02:00,Incydent,PL 00268 Gdansk 08 Galeria Baltycka,268,Gdansk 08 Galeria Baltycka,KVS12 rozkalibrowany dotyk,kvs12 rozkalibrowany dotyk,inne,0.5
SD 174043,DT1 skaner nie działa,2025 07 22 08:51:00.408000 02:00,Incydent,pl 00655,655,pl 00655,DT1 skaner nie działa,dt1 skaner nie działa,POS/CSO/DT skaner nie działa,0.9
SD 174042,TELEFON SERWISOWY CSO26 Po wymianie drukarki fiskalnej Printer error,2025 07 22 08:51:00.393000 02:00,Incydent,PL 00480 Kraków 18 Grodzka,480,Kraków 18 Grodzka,TELEFON SERWISOWY CSO26 Po wymianie drukarki fiskalnej Printer error,telefon serwisowy cso26 po wymianie drukarki fiskalnej printer error,telefon serwisowy,0.9
SD 174041,cennik świeci się na biało. menu nie wyświetla się,2025 07 22 08:50:57.962000 02:00,Incydent,PL 00242 Krakow 08 Metro,242,Krakow 08 Metro,cennik świeci się na biało. menu nie wyświetla się,cennik świeci się na biało. menu nie wyświetla się,inne,0.5
SD 174040,KVS11 brak obrazu,2025 07 22 08:40:08.164000 02:00,Incydent,PL 00418 Kalisz 02 Echo CH Amber,418,Kalisz 02 Echo CH Amber,KVS11 brak obrazu,kvs11 brak obrazu,inne,0.5
SD 174039,KVS Pokazują czas godzinę do przodu,2025 07 22 08:38:21.163000 02:00,Incydent,PL 00479 MOP Machnacz A1 W,479,MOP Machnacz A1 W,KVS Pokazują czas godzinę do przodu,kvs pokazują czas godzinę do przodu,inne,0.5
SD 174037,POS07 nie drukuje slipów BEV,2025 07 22 08:35:38.588000 02:00,Incydent,PL 00378 Gdansk 09 MPH,378,Gdansk 09 MPH,POS07 nie drukuje slipów BEV,pos07 nie drukuje slipów bev,inne,0.5
SD 174035,KVS17 Dotyk nie działa,2025 07 22 08:28:36.233000 02:00,Incydent,PL 00127 W wa 18 Ursynow,127,Wwa 18 Ursynow,KVS17 Dotyk nie działa,kvs17 dotyk nie działa,inne,0.5
SD 174034,POS01 problem z przesyłaniem zamówień,2025 07 22 08:28:33.156000 02:00,Incydent,PL 00653 Czestochowa Południe Autohof,653,Czestochowa Południe Autohof,POS01 problem z przesyłaniem zamówień,pos01 problem z przesyłaniem zamówień,inne,0.5
SD 174033,Mystore problem z uruchomieniem,2025 07 22 08:26:44.145000 02:00,Incydent,PL 00234 Olkusz,234,Olkusz,Mystore problem z uruchomieniem,mystore problem z uruchomieniem,inne,0.5
SD 174031,iDMB Oferta za wcześnie pokazuje się na ekranach,2025 07 22 08:22:27.625000 02:00,Incydent,PL 00069 Szczecin 3 Lubieszyn,069,Szczecin 3 Lubieszyn,iDMB Oferta za wcześnie pokazuje się na ekranach,idmb oferta za wcześnie pokazuje się na ekranach,inne,0.5
SD 174030,POS06 Admin Logon,2025 07 22 08:21:50.414000 02:00,Incydent,PL 00444 W wa 49 Swietokrzyska,444,Wwa 49 Swietokrzyska,POS06 Admin Logon,pos06 admin logon,POS/CSO/KVS admin logon,0.9
SD 174029,MYF1/MYF2 drukarki grillowe nie drukują,2025 07 22 08:18:54.194000 02:00,Incydent,PL 00476 Bydgoszcz 07 Focus,476,Bydgoszcz 07 Focus,MYF1/MYF2 drukarki grillowe nie drukują,myf1/myf2 drukarki grillowe nie drukują,inne,0.5
SD 174028,Oferta sniadaniowa na monitorach,2025 07 22 08:18:04.246000 02:00,Incydent,PL 00020 W wa 04 Przejscie,020,Wwa 04 Przejscie,Oferta sniadaniowa na monitorach,oferta sniadaniowa na monitorach,inne,0.5
SD 174027,POS03 zamówienia nie pokazują się na COD,2025 07 22 08:17:39.681000 02:00,Incydent,PL 00341 Rzeszow 4 Frac,341,Rzeszow 4 Frac,POS03 zamówienia nie pokazują się na COD,pos03 zamówienia nie pokazują się na cod,inne,0.5
SD 174026,POS24 nie uruchamia się,2025 07 22 08:11:46.689000 02:00,Incydent,PL 00134 Kostrzyn 1,134,Kostrzyn 1,POS24 nie uruchamia się,pos24 nie uruchamia się,inne,0.5
SD 174025,CFS brak podglądu z kamer,2025 07 22 08:03:51.400000 02:00,Incydent,PL 00575 Czechowice Dziedzice,575,Czechowice Dziedzice,CFS brak podglądu z kamer,cfs brak podglądu z kamer,inne,0.5
SD 174022,MyStore duże wartości na raporcie odchyleń statystycznych,2025 07 22 07:55:34.366000 02:00,Incydent,PL 00619 Gorzow Wielkopolski,619,Gorzow Wielkopolski,MyStore duże wartości na raporcie odchyleń statystycznych,mystore duże wartości na raporcie odchyleń statystycznych,inne,0.5
SD 174021,ORB01 zacięte zamówienia,2025 07 22 07:54:01.879000 02:00,Incydent,PL 00577 Leszno S5,577,Leszno S5,ORB01 zacięte zamówienia,orb01 zacięte zamówienia,inne,0.5
SD 174020,MyStore Brak danych w raporcie szybkości obsługi za dzień 14.07,2025 07 22 07:52:24.599000 02:00,Incydent,pl 00634,634,pl 00634,MyStore Brak danych w raporcie szybkości obsługi za dzień 14.07,mystore brak danych w raporcie szybkości obsługi za dzień 14.07,MyStore brak czasów szybkości obsługi,0.9
SD 174019,Zawieszone,2025 07 22 07:50:42.839000 02:00,Incydent,PL 00479 MOP Machnacz A1 W,479,MOP Machnacz A1 W,Zawieszone,zawieszone,inne,0.5
SD 174017,Pytanie o CR,2025 07 22 07:44:39.804000 02:00,Usługa,PL 00321 W wa 44 Trasa Torunska,321,Wwa 44 Trasa Torunska,Pytanie o CR,pytanie o cr,inne,0.5
SD 174016,ACTION NEEDED : We are awaiting a response for Case : 00377226 for McDonald s PL 61600207,2025 07 22 07:40:21.908000 02:00,Usługa,pl asista,Asystent,Asystent systemowy,ACTION NEEDED : We are awaiting a response for Case : 00377226 for McDonald s PL 61600207,action needed : we are awaiting a response for case : 00377226 for mcdonald s pl 61600207,inne,0.5
SD 174015,POS24 brak ikon,2025 07 22 07:34:48.436000 02:00,Incydent,PL 00127 W wa 18 Ursynow,127,Wwa 18 Ursynow,POS24 brak ikon,pos24 brak ikon,POS brak kafelków,0.9
SD 174014,KVS11 nie pinguje,2025 07 22 07:24:01.457000 02:00,Incydent,PL 00552 Jawczyce,552,Jawczyce,KVS11 nie pinguje,kvs11 nie pinguje,inne,0.5
SD 174013,RE: McDonald s PL Jarocin 61600255 Coates Support Case 00378396 Acknowledgment,2025 07 22 07:22:21.478000 02:00,Usługa,pl asista,Asystent,Asystent systemowy,RE: McDonald s PL Jarocin 61600255 Coates Support Case 00378396 Acknowledgment,re: mcdonald s pl jarocin 61600255 coates support case 00378396 acknowledgment,inne,0.5
SD 174012,PAM query now reports exceptions: 1870/10003236 Wyslalismy drukarke BOHA,2025 07 22 07:22:21.372000 02:00,Usługa,pl asista,Asystent,Asystent systemowy,PAM query now reports exceptions: 1870/10003236 Wyslalismy drukarke BOHA,pam query now reports exceptions: 1870/10003236 wyslalismy drukarke boha,inne,0.5
SD 174011,Rekaukulacja,2025 07 22 07:21:26.035000 02:00,Usługa,PL 00352 MOP Lozienica,352,MOP Lozienica,Rekaukulacja,rekaukulacja,inne,0.5
SD 174010,Prośba o wygenerowanie MFA,2025 07 22 07:20:06.674000 02:00,Usługa,PL 00458 Airport Landside,458,Airport Landside,Prośba o wygenerowanie MFA,prośba o wygenerowanie mfa,inne,0.5
SD 174009,Drukarki na kuchni nie drukują kanapek specjalnych,2025 07 22 07:19:38.997000 02:00,Incydent,PL 00162 Poznan 09 Obornicka,162,Poznan 09 Obornicka,Drukarki na kuchni nie drukują kanapek specjalnych,drukarki na kuchni nie drukują kanapek specjalnych,MOP zamówienia nie drukują się/odrzuca zamówienia,0.9
SD 174008,ACTION NEEDED : We are awaiting a response for Case : 00376559 for McDonald s PL Koszalin 61600339,2025 07 22 07:19:22.026000 02:00,Usługa,pl asista,Asystent,Asystent systemowy,ACTION NEEDED : We are awaiting a response for Case : 00376559 for McDonald s PL Koszalin 61600339,action needed : we are awaiting a response for case : 00376559 for mcdonald s pl koszalin 61600339,inne,0.5
SD 174007,DT Dashboard Pokazuje czarny ekran,2025 07 22 07:19:17.061000 02:00,Incydent,PL 00056 Wroclaw 02 Karkonoska,056,Wroclaw 02 Karkonoska,DT Dashboard Pokazuje czarny ekran,dt dashboard pokazuje czarny ekran,inne,0.5
SD 174006,POS07 pinpad nie pinguje,2025 07 22 07:18:51.717000 02:00,Incydent,PL 00036 Krakow 02 Rondo Mateczny,036,Krakow 02 Rondo Mateczny,POS07 pinpad nie pinguje,pos07 pinpad nie pinguje,Terminal nie działa,0.9
SD 174005,MFY drukarki grillowe nie drukują,2025 07 22 07:14:50.356000 02:00,Incydent,PL 00367 Wroclaw 18 SkyTower,367,Wroclaw 18 SkyTower,MFY drukarki grillowe nie drukują,mfy drukarki grillowe nie drukują,inne,0.5
SD 174004,Prośba o odblokowanie MOP,2025 07 22 07:14:41.151000 02:00,Usługa,PL 00115 Krakow 05 Pilotow,115,Krakow 05 Pilotow,Prośba o odblokowanie MOP,prośba o odblokowanie mop,MOP Prośba o włączenie/wyłączenie,0.9
SD 174003,McDonald s PL Warszawa 61600147 Coates Support Case 00378977 Acknowledgment,2025 07 22 07:10:45.898000 02:00,Usługa,pl asista,Asystent,Asystent systemowy,McDonald s PL Warszawa 61600147 Coates Support Case 00378977 Acknowledgment,mcdonald s pl warszawa 61600147 coates support case 00378977 acknowledgment,inne,0.5
SD 174002,Prośba o włączenie MOP,2025 07 22 07:05:49.610000 02:00,Usługa,PL 00593 Warszawa Senatorska,593,Warszawa Senatorska,Prośba o włączenie MOP,prośba o włączenie mop,MOP Prośba o włączenie/wyłączenie,0.9
SD 174001,POS01 Waystation offline,2025 07 22 07:04:50.788000 02:00,Incydent,PL 00365 Zywiec,365,Zywiec,POS01 Waystation offline,pos01 waystation offline,POS/CSO waystation offline,0.9
SD 174000,Prośba o odblokowanie zamówień MOP,2025 07 22 07:04:20.016000 02:00,Usługa,PL 00245 Poznan 11 Komorniki,245,Poznan 11 Komorniki,Prośba o odblokowanie zamówień MOP,prośba o odblokowanie zamówień mop,MOP Prośba o włączenie/wyłączenie,0.9
SD 173999,iDMB FC i MCC skrajnie przyciemnione po awarii zasilania,2025 07 22 07:02:00.600000 02:00,Incydent,PL 00709 MOP Widoma Wschod,709,MOP Widoma Wschod,iDMB FC i MCC skrajnie przyciemnione po awarii zasilania,idmb fc i mcc skrajnie przyciemnione po awarii zasilania,inne,0.5
SD 173997,MyStore nie można uruchomic,2025 07 22 06:53:00.743000 02:00,Incydent,PL 00430 MOP Polesie A2 South,430,MOP Polesie A2 South,MyStore nie można uruchomic,mystore nie można uruchomic,inne,0.5
SD 173996,HWA01 Pokazuje niebieski ekran,2025 07 22 06:36:08.540000 02:00,Incydent,PL 00131 W wa 25 Bazar,131,Wwa 25 Bazar,HWA01 Pokazuje niebieski ekran,hwa01 pokazuje niebieski ekran,inne,0.5
SD 173995,POS03 brak połączenia z drukarką fiskalną,2025 07 22 06:34:27.643000 02:00,Incydent,PL 00301 Polkowice,301,Polkowice,POS03 brak połączenia z drukarką fiskalną,pos03 brak połączenia z drukarką fiskalną,inne,0.5
SD 173994,POS24 admin logon,2025 07 22 06:33:18.974000 02:00,Usługa,PL 00142 Gdynia 03 Spoldzielnia,142,Gdynia 03 Spoldzielnia,POS24 admin logon,pos24 admin logon,POS/CSO/KVS admin logon,0.9
SD 173993,KVS11 Admin logon,2025 07 22 06:33:03.460000 02:00,Usługa,PL 00184 Wroclaw 10 Ksiecia Witolda,184,Wroclaw 10 Ksiecia Witolda,KVS11 Admin logon,kvs11 admin logon,POS/CSO/KVS admin logon,0.9
SD 173992,iDMB Cennik wyświetla biały ekran,2025 07 22 06:32:07.214000 02:00,Incydent,PL 00326 Wroclaw 17 Zmigrodzka,326,Wroclaw 17 Zmigrodzka,iDMB Cennik wyświetla biały ekran,idmb cennik wyświetla biały ekran,inne,0.5
SD 173991,Niedziałający bumbar,2025 07 22 06:32:00.161000 02:00,Incydent,PL 00500 Stargard,500,Stargard,Niedziałający bumbar,niedziałający bumbar,inne,0.5
SD 173990,"kasa nie reaguje na otwarcie szuflady , wcześniej występował błąd ,, otwarta szuflada mimo że nie była otwarta.",2025 07 22 06:31:45.037000 02:00,Incydent,PL 00423 Strzegom,423,Strzegom,"kasa nie reaguje na otwarcie szuflady , wcześniej występował błąd ,, otwarta szuflada mimo że nie była otwarta.","kasa nie reaguje na otwarcie szuflady , wcześniej występował błąd ,, otwarta szuflada mimo że nie była otwarta.",inne,0.5
SD 173989,MAP01 nie pinguje,2025 07 22 06:28:47.368000 02:00,Incydent,PL 00455 Grodzisk Wielkopolski,455,Grodzisk Wielkopolski,MAP01 nie pinguje,map01 nie pinguje,inne,0.5
SD 173988,Drukarka grillowa MFY1 nie działa,2025 07 22 06:27:26.045000 02:00,Incydent,PL 00544 MOP Dabrowa Gornicza S1 W,544,MOP Dabrowa Gornicza S1 W,Drukarka grillowa MFY1 nie działa,drukarka grillowa mfy1 nie działa,inne,0.5
SD 173987,BackOffice Brak możliwości zalogowania się,2025 07 22 06:27:04.634000 02:00,Usługa,PL 00522 Piekary Slaskie,522,Piekary Slaskie,BackOffice Brak możliwości zalogowania się,backoffice brak możliwości zalogowania się,inne,0.5
SD 173986,ODMB na DT1 nie działają,2025 07 22 06:26:04.735000 02:00,Incydent,PL 00042 Bydgoszcz 2 Torpedo,042,Bydgoszcz 2 Torpedo,ODMB na DT1 nie działają,odmb na dt1 nie działają,inne,0.5
SD 173985,nie resetuje się POS01,2025 07 22 06:25:09.197000 02:00,Incydent,PL 00575 Czechowice Dziedzice,575,Czechowice Dziedzice,nie resetuje się POS01,nie resetuje się pos01,inne,0.5
SD 173984,McDonald s Poland Coates Support Case 00378977 Acknowledgment,2025 07 22 06:24:23.056000 02:00,Usługa,pl asista,Asystent,Asystent systemowy,McDonald s Poland Coates Support Case 00378977 Acknowledgment,mcdonald s poland coates support case 00378977 acknowledgment,inne,0.5
SD 173982,MyStore zawieszone zamknięcie dnia,2025 07 22 06:16:53.737000 02:00,Incydent,PL 00427 W wa 46 Dworzec Centralny,427,Wwa 46 Dworzec Centralny,MyStore zawieszone zamknięcie dnia,mystore zawieszone zamknięcie dnia,inne,0.5
SD 173981,Wprowadzenie sprzedaży za dzień 21.07.2025,2025 07 22 06:07:22.742000 02:00,Usługa,Slawomir Malewicz,Nieznany,Slawomir Malewicz,Wprowadzenie sprzedaży za dzień 21.07.2025,wprowadzenie sprzedaży za dzień 21.07.2025,inne,0.5
SD 173980,Prośba o włączenie MOP,2025 07 22 06:04:57.960000 02:00,Usługa,PL 00274 Gniezno,274,Gniezno,Prośba o włączenie MOP,prośba o włączenie mop,MOP Prośba o włączenie/wyłączenie,0.9
SD 173978,Zmiana na funkcje dotykową,2025 07 22 05:52:41.354000 02:00,Incydent,PL 00341 Rzeszow 4 Frac,341,Rzeszow 4 Frac,Zmiana na funkcje dotykową,zmiana na funkcje dotykową,inne,0.5
SD 173977,POS19 nie chce się uruchomić,2025 07 22 05:49:58.411000 02:00,Incydent,Rydultowy PL 00681,681,Rydultowy,POS19 nie chce się uruchomić,pos19 nie chce się uruchomić,inne,0.5
SD 173976,Zapytanie na temat zmiany na linii drive sbs,2025 07 22 05:43:22.478000 02:00,Usługa,PL 00504 Ustron,504,Ustron,Zapytanie na temat zmiany na linii drive sbs,zapytanie na temat zmiany na linii drive sbs,inne,0.5
SD 173975,Office nie uruchomił się po aktualizacji,2025 07 22 05:43:07.943000 02:00,Incydent,PL 00485 Ciechanow,485,Ciechanow,Office nie uruchomił się po aktualizacji,office nie uruchomił się po aktualizacji,inne,0.5
SD 173974,KVS11 Admin Logon,2025 07 22 05:41:47.168000 02:00,Incydent,PL 00600 Zabkowice,600,Zabkowice,KVS11 Admin Logon,kvs11 admin logon,POS/CSO/KVS admin logon,0.9
SD 173973,Szary ekran na wyświetlaczu po otwarciu nowego dnia,2025 07 22 05:41:12.171000 02:00,Incydent,PL 00392 MOP Jozefow,392,MOP Jozefow,Szary ekran na wyświetlaczu po otwarciu nowego dnia,szary ekran na wyświetlaczu po otwarciu nowego dnia,inne,0.5
SD 173972,żadne z cen do nowej promocji się nie zgadzają,2025 07 22 05:38:33.413000 02:00,Incydent,PL 00205 Tychy 2,205,Tychy 2,żadne z cen do nowej promocji się nie zgadzają,żadne z cen do nowej promocji się nie zgadzają,inne,0.5
SD 173971,RHS01 nie uruchomił się po awarii prądu,2025 07 22 05:31:44.058000 02:00,Incydent,PL 00362 Olesnica Autohof S8,362,Olesnica Autohof S8,RHS01 nie uruchomił się po awarii prądu,rhs01 nie uruchomił się po awarii prądu,inne,0.5
SD 173970,nie przechodzi aktualizacja oraz awaria kasetki,2025 07 22 05:26:56.698000 02:00,Incydent,PL 00393 Katowice 07 PKP,393,Katowice 07 PKP,nie przechodzi aktualizacja oraz awaria kasetki,nie przechodzi aktualizacja oraz awaria kasetki,inne,0.5
SD 173969,RHS01 Nie uruchomił się po awarii prądu,2025 07 22 05:25:44.383000 02:00,Incydent,PL 00536 Mala Holandia,536,Mala Holandia,RHS01 Nie uruchomił się po awarii prądu,rhs01 nie uruchomił się po awarii prądu,inne,0.5
SD 173968,Drive SBS po zamianie nie działają skanery,2025 07 22 05:20:52.921000 02:00,Incydent,PL 00504 Ustron,504,Ustron,Drive SBS po zamianie nie działają skanery,drive sbs po zamianie nie działają skanery,POS/CSO/DT skaner nie działa,0.9
SD 173967,POS01 POS Not Initialized,2025 07 22 05:10:57.816000 02:00,Incydent,PL 00509 MOP Machnacz A1 E,509,MOP Machnacz A1 E,POS01 POS Not Initialized,pos01 pos not initialized,POS not initalized,0.9
SD 173966,SPADEK,2025 07 22 05:10:19.058000 02:00,Usługa,PL 00509 MOP Machnacz A1 E,509,MOP Machnacz A1 E,SPADEK,spadek,inne,0.5
SD 173964,Zapytanie na temat zmiany na temat sbs,2025 07 22 04:58:34.583000 02:00,Usługa,Warszawa Reguly PL 00689,689,Warszawa Reguly,Zapytanie na temat zmiany na temat sbs,zapytanie na temat zmiany na temat sbs,inne,0.5
SD 173963,POS02 jak cofnąć zamówienie,2025 07 22 04:35:13.772000 02:00,Usługa,PL 00074 Poznan 06 Serbska,074,Poznan 06 Serbska,POS02 jak cofnąć zamówienie,pos02 jak cofnąć zamówienie,inne,0.5
SD 173962,POS20 zamknięcie POS nie przeszło na kasie z której było wykonywane,2025 07 22 04:30:01.346000 02:00,Incydent,PL 00200 Krakow 07 Szewska,200,Krakow 07 Szewska,POS20 zamknięcie POS nie przeszło na kasie z której było wykonywane,pos20 zamknięcie pos nie przeszło na kasie z której było wykonywane,Newpos Zamknięcie nie przeszło na kasie z której był zamykany dzień,0.9
SD 173961,Zapytanie na temat zmiany na temat sbs,2025 07 22 04:26:04.085000 02:00,Usługa,PL 00575 Czechowice Dziedzice,575,Czechowice Dziedzice,Zapytanie na temat zmiany na temat sbs,zapytanie na temat zmiany na temat sbs,inne,0.5
SD 173959,POS03 Waystation offline,2025 07 22 04:07:26.986000 02:00,Incydent,PL 00575 Czechowice Dziedzice,575,Czechowice Dziedzice,POS03 Waystation offline,pos03 waystation offline,POS/CSO waystation offline,0.9
SD 173958,"Newpos Zamknięcie nie przeszło na kasie, z której był zamykany dzień.",2025 07 22 03:58:31.501000 02:00,Incydent,pl 00745,745,pl 00745,"Newpos Zamknięcie nie przeszło na kasie, z której był zamykany dzień.","newpos zamknięcie nie przeszło na kasie, z której był zamykany dzień.",Newpos Zamknięcie nie przeszło na kasie z której był zamykany dzień,0.9
SD 173957,Waystation offline w calej restauracji,2025 07 22 03:56:30.350000 02:00,Incydent,PL 00430 MOP Polesie A2 South,430,MOP Polesie A2 South,Waystation offline w calej restauracji,waystation offline w calej restauracji,POS/CSO waystation offline,0.9
SD 173955,Kiosk 30 problem z drukarką fiskalną,2025 07 22 03:51:16.351000 02:00,Incydent,PL 00637 Rzeszow Rzecha,637,Rzeszow Rzecha,Kiosk 30 problem z drukarką fiskalną,kiosk 30 problem z drukarką fiskalną,inne,0.5
SD 173954,Zamknięcie POS MS9 nie można zamknąc dnia.,2025 07 22 03:43:34.977000 02:00,Incydent,PL 00139 W wa 20 Stara Milosna,139,Wwa 20 Stara Milosna,Zamknięcie POS MS9 nie można zamknąc dnia.,zamknięcie pos ms9 nie można zamknąc dnia.,inne,0.5
SD 173953,Newpos zawieszony POS01.,2025 07 22 03:31:44.360000 02:00,Incydent,PL 00341 Rzeszow 4 Frac,341,Rzeszow 4 Frac,Newpos zawieszony POS01.,newpos zawieszony pos01.,POS/CSO zawieszony,0.9
SD 173952,"Newpos Zamknięcie nie przeszło na kasie, z której był zamykany dzień.",2025 07 22 03:31:37.298000 02:00,Incydent,PL 00723 Gryfice,723,Gryfice,"Newpos Zamknięcie nie przeszło na kasie, z której był zamykany dzień.","newpos zamknięcie nie przeszło na kasie, z której był zamykany dzień.",Newpos Zamknięcie nie przeszło na kasie z której był zamykany dzień,0.9
SD 173951,Zapytanie na temat sbs,2025 07 22 03:29:08.846000 02:00,Usługa,PL 00686 Słupca,686,Słupca,Zapytanie na temat sbs,zapytanie na temat sbs,inne,0.5
SD 173950,Problem z działaniem produkcji przesłanie zamówień niemożliwe zacinanie się kas,2025 07 22 03:20:07.803000 02:00,Incydent,PL 00419 MOP Brwinow A2 North,419,MOP Brwinow A2 North,Problem z działaniem produkcji przesłanie zamówień niemożliwe zacinanie się kas,problem z działaniem produkcji przesłanie zamówień niemożliwe zacinanie się kas,inne,0.5
SD 173947,BOS01 Brak uprawnień do przesłania pliku,2025 07 22 03:11:54.923000 02:00,Incydent,PL 00629 Lodz Aleksandrowska,629,Lodz Aleksandrowska,BOS01 Brak uprawnień do przesłania pliku,bos01 brak uprawnień do przesłania pliku,inne,0.5
SD 173946,MAP nie można się zalogować,2025 07 22 03:02:30.785000 02:00,Incydent,PL 00533 Ruda Slaska 2 1 go Maja,533,Ruda Slaska 2 1 go Maja,MAP nie można się zalogować,map nie można się zalogować,BOS/MAP nie można się zalogować,0.9
SD 173945,Nie ucina pragonów na drukarce.,2025 07 22 02:59:45.070000 02:00,Incydent,PL 00515 Tychy 3 Park Gemini,515,Tychy 3 Park Gemini,Nie ucina pragonów na drukarce.,nie ucina pragonów na drukarce.,inne,0.5
SD 173944,MyStore nie można zapisać pliku na dysku,2025 07 22 02:59:35.548000 02:00,Incydent,PL 00629 Lodz Aleksandrowska,629,Lodz Aleksandrowska,MyStore nie można zapisać pliku na dysku,mystore nie można zapisać pliku na dysku,inne,0.5
SD 173943,"MyStore 4 paczki mozzarella sticks w restauracji a w mystore pokazuje, że powinno być 5",2025 07 22 02:50:38.731000 02:00,Usługa,PL 00137 Kielce 1,137,Kielce 1,"MyStore 4 paczki mozzarella sticks w restauracji a w mystore pokazuje, że powinno być 5","mystore 4 paczki mozzarella sticks w restauracji a w mystore pokazuje, że powinno być 5",inne,0.5
SD 173941,CFS1 i 2 zawieszony obraz,2025 07 22 02:47:25.725000 02:00,Incydent,PL 00131 W wa 25 Bazar,131,Wwa 25 Bazar,CFS1 i 2 zawieszony obraz,cfs1 i 2 zawieszony obraz,inne,0.5
SD 173940,RHS03 aktualizacja,2025 07 22 02:46:22.718000 02:00,Usługa,Strykow PL 00571,571,Strykow,RHS03 aktualizacja,rhs03 aktualizacja,inne,0.5
SD 173938,MyStore zamknięcie/otwarcie inwentaryzacja wymaga uwagi,2025 07 22 02:44:36.245000 02:00,Incydent,MOP Stobiecko Szlacheckie Wschod,Nieznany,MOP Stobiecko Szlacheckie Wschod,MyStore zamknięcie/otwarcie inwentaryzacja wymaga uwagi,mystore zamknięcie/otwarcie inwentaryzacja wymaga uwagi,inne,0.5
SD 173937,RHS03 aktualizacja,2025 07 22 02:41:17.279000 02:00,Usługa,pl 00626,626,pl 00626,RHS03 aktualizacja,rhs03 aktualizacja,inne,0.5
SD 173936,SBS brak sygnału problem z extenderem,2025 07 22 02:41:16.503000 02:00,Incydent,PL 00575 Czechowice Dziedzice,575,Czechowice Dziedzice,SBS brak sygnału problem z extenderem,sbs brak sygnału problem z extenderem,inne,0.5
SD 173934,Drive SBS po zamianie nie działają skanery,2025 07 22 02:35:57.090000 02:00,Incydent,PL 00315 MOP Worow Grojec,315,MOP Worow Grojec,Drive SBS po zamianie nie działają skanery,drive sbs po zamianie nie działają skanery,POS/CSO/DT skaner nie działa,0.9
SD 173933,RHS03 aktualizacja,2025 07 22 02:33:34.948000 02:00,Usługa,Zagan PL 00687,687,Zagan,RHS03 aktualizacja,rhs03 aktualizacja,inne,0.5
SD 173932,Zapytanie na temat zmiany na linii drive sbs,2025 07 22 02:29:06.175000 02:00,Usługa,PL 00698 MOP Obroki W,698,MOP Obroki W,Zapytanie na temat zmiany na linii drive sbs,zapytanie na temat zmiany na linii drive sbs,inne,0.5
SD 173931,MyStore Prośba o pomoc w edycji odbić czasowych,2025 07 22 02:27:23.391000 02:00,Usługa,pl 00754,754,pl 00754,MyStore Prośba o pomoc w edycji odbić czasowych,mystore prośba o pomoc w edycji odbić czasowych,MyStore Prośba o pomoc w edycji odbić czasowych,0.9
SD 173930,Zamknij / otwórz system POS nie można zamknąć systemu,2025 07 22 02:26:44.883000 02:00,Incydent,PL 00444 W wa 49 Swietokrzyska,444,Wwa 49 Swietokrzyska,Zamknij / otwórz system POS nie można zamknąć systemu,zamknij / otwórz system pos nie można zamknąć systemu,inne,0.5
SD 173929,Mystore Kasetka z pos01 widnieje jako zalogowana,2025 07 22 02:17:06.693000 02:00,Incydent,PL 00234 Olkusz,234,Olkusz,Mystore Kasetka z pos01 widnieje jako zalogowana,mystore kasetka z pos01 widnieje jako zalogowana,inne,0.5
SD 173928,Zamknięcie POS smartupdate,2025 07 22 02:16:39.007000 02:00,Incydent,PL 00489 MOP KĘPNICA A4 S,489,MOP KĘPNICA A4 S,Zamknięcie POS smartupdate,zamknięcie pos smartupdate,inne,0.5
SD 173927,RHS01 wyłączony,2025 07 22 02:14:04.522000 02:00,Incydent,PL 00621 Nowogard Autohof,621,Nowogard Autohof,RHS01 wyłączony,rhs01 wyłączony,inne,0.5
SD 173926,"zamknięcie, otwarcie z poziomu pos",2025 07 22 02:07:59.482000 02:00,Incydent,PL 00545 Koscierzyna,545,Koscierzyna,"zamknięcie, otwarcie z poziomu pos","zamknięcie, otwarcie z poziomu pos",inne,0.5
SD 173925,Korekta błędnie wbitych strat,2025 07 22 02:05:22.220000 02:00,Usługa,PL 00100 Leszno 1,100,Leszno 1,Korekta błędnie wbitych strat,korekta błędnie wbitych strat,inne,0.5
SD 173924,Waystaion offline Brak przyczyny wystąpienia,2025 07 22 02:02:24.215000 02:00,Incydent,PL 00444 W wa 49 Swietokrzyska,444,Wwa 49 Swietokrzyska,Waystaion offline Brak przyczyny wystąpienia,waystaion offline brak przyczyny wystąpienia,POS/CSO waystation offline,0.9
SD 173923,Drive SBS pytanie czy trzeba czekać na test do otwarcia restauracji,2025 07 22 02:02:20.512000 02:00,Usługa,PL 00698 MOP Obroki W,698,MOP Obroki W,Drive SBS pytanie czy trzeba czekać na test do otwarcia restauracji,drive sbs pytanie czy trzeba czekać na test do otwarcia restauracji,inne,0.5
SD 173922,MAP01 komunikat o braku papieru w drukarce nie można drukować,2025 07 22 02:00:45.449000 02:00,Incydent,PL 00606 Gdansk Uczniowska,606,Gdansk Uczniowska,MAP01 komunikat o braku papieru w drukarce nie można drukować,map01 komunikat o braku papieru w drukarce nie można drukować,inne,0.5
SD 173921,nie mogę zamknąć dnia przez kasę numer 8 restart nie pomaga,2025 07 22 02:00:33.197000 02:00,Incydent,PL 00468 Piaseczno,468,Piaseczno,nie mogę zamknąć dnia przez kasę numer 8 restart nie pomaga,nie mogę zamknąć dnia przez kasę numer 8 restart nie pomaga,inne,0.5
SD 173920,"Problem z systemem drukowania kod zdartzenia 59.04.00, Numer zgłoszenia: SD 173897",2025 07 22 01:59:35.728000 02:00,Incydent,PL 00251 Olsztyn 2,251,Olsztyn 2,"Problem z systemem drukowania kod zdartzenia 59.04.00, Numer zgłoszenia: SD 173897","problem z systemem drukowania kod zdartzenia 59.04.00, numer zgłoszenia: sd 173897",inne,0.5
SD 173919,Wyse .5 Nie pinguje,2025 07 22 01:58:45.603000 02:00,Incydent,PL 00362 Olesnica Autohof S8,362,Olesnica Autohof S8,Wyse .5 Nie pinguje,wyse .5 nie pinguje,inne,0.5
SD 173917,Zamiana Linii DT prośba o udzielenie informacji,2025 07 22 01:46:52.173000 02:00,Usługa,PL 00504 Ustron,504,Ustron,Zamiana Linii DT prośba o udzielenie informacji,zamiana linii dt prośba o udzielenie informacji,inne,0.5
SD 173916,"Problem z zamknięciem POS24 nie przeszło na kasie, z której był zamykany dzień.",2025 07 22 01:45:47.095000 02:00,Incydent,PL 00338 Odolion,338,Odolion,"Problem z zamknięciem POS24 nie przeszło na kasie, z której był zamykany dzień.","problem z zamknięciem pos24 nie przeszło na kasie, z której był zamykany dzień.",Newpos Zamknięcie nie przeszło na kasie z której był zamykany dzień,0.9
SD 173915,"Kasa POS FC24 brak reakcji, nie reaguje.",2025 07 22 01:45:19.615000 02:00,Incydent,PL 00545 Koscierzyna,545,Koscierzyna,"Kasa POS FC24 brak reakcji, nie reaguje.","kasa pos fc24 brak reakcji, nie reaguje.",POS brak kafelków,0.9
SD 173914,WYSE .5 wyse traci połączenie.,2025 07 22 01:44:47.421000 02:00,Incydent,Zielona Góra Focus 2 PL 00789,789,Zielona Góra Focus 2,WYSE .5 wyse traci połączenie.,wyse .5 wyse traci połączenie.,inne,0.5
SD 173913,MyStore nie uruchamia się aplikacja,2025 07 22 01:44:21.090000 02:00,Incydent,PL 00156 Zgierz 1,156,Zgierz 1,MyStore nie uruchamia się aplikacja,mystore nie uruchamia się aplikacja,inne,0.5
SD 173912,"Newpos Zamknięcie nie przeszło na kasie, z której był zamykany dzień.",2025 07 22 01:43:48.886000 02:00,Incydent,PL 00128 Kalisz 1,128,Kalisz 1,"Newpos Zamknięcie nie przeszło na kasie, z której był zamykany dzień.","newpos zamknięcie nie przeszło na kasie, z której był zamykany dzień.",Newpos Zamknięcie nie przeszło na kasie z której był zamykany dzień,0.9
SD 173911,"Problem z zamknięciem POS07 nie przeszło na kasie, z której był zamykany dzień.",2025 07 22 01:43:39.546000 02:00,Incydent,PL 00371 MOP Rogoziniec,371,MOP Rogoziniec,"Problem z zamknięciem POS07 nie przeszło na kasie, z której był zamykany dzień.","problem z zamknięciem pos07 nie przeszło na kasie, z której był zamykany dzień.",Newpos Zamknięcie nie przeszło na kasie z której był zamykany dzień,0.9
SD 173910,ms9 nie mozna się zalogować,2025 07 22 01:42:57.645000 02:00,Incydent,PL 00234 Olkusz,234,Olkusz,ms9 nie mozna się zalogować,ms9 nie mozna się zalogować,MyStore background service nie gotowy/nie można się zalogować,0.9
SD 173909,Prośba o korektę błędnie wbitych strat,2025 07 22 01:40:37.124000 02:00,Usługa,PL 00642 Swiebodzin,642,Swiebodzin,Prośba o korektę błędnie wbitych strat,prośba o korektę błędnie wbitych strat,inne,0.5
SD 173907,Zamknij / otwórz system POS nie można otworzyć systemu,2025 07 22 01:34:35.747000 02:00,Incydent,PL 00427 W wa 46 Dworzec Centralny,427,Wwa 46 Dworzec Centralny,Zamknij / otwórz system POS nie można otworzyć systemu,zamknij / otwórz system pos nie można otworzyć systemu,inne,0.5
SD 173905,MOP komunikat MOP nie działa prawidłowo.,2025 07 22 01:31:29.318000 02:00,Incydent,PL 00444 W wa 49 Swietokrzyska,444,Wwa 49 Swietokrzyska,MOP komunikat MOP nie działa prawidłowo.,mop komunikat mop nie działa prawidłowo.,inne,0.5
SD 173902,MyStore edycja odbić czasowych nie można poprawić odbicia,2025 07 22 01:29:30.379000 02:00,Usługa,PL 00149 Bielsko 2 Batory,149,Bielsko 2 Batory,MyStore edycja odbić czasowych nie można poprawić odbicia,mystore edycja odbić czasowych nie można poprawić odbicia,MyStore Prośba o pomoc w edycji odbić czasowych,0.9
SD 173900,MyStore dostawa nie zaksięgowała się.,2025 07 22 01:28:54.638000 02:00,Incydent,PL 00370 Gdansk 10 Swietokrzyska,370,Gdansk 10 Swietokrzyska,MyStore dostawa nie zaksięgowała się.,mystore dostawa nie zaksięgowała się.,MyStore dostawa nie zaksięgowała się,0.9
SD 173899,MyStore brak zaksięgowanej dostawy 21.07,2025 07 22 01:28:48.853000 02:00,Incydent,PL 00245 Poznan 11 Komorniki,245,Poznan 11 Komorniki,MyStore brak zaksięgowanej dostawy 21.07,mystore brak zaksięgowanej dostawy 21.07,inne,0.5
SD 173897,Drukarka biurowa nie działa,2025 07 22 01:24:22.494000 02:00,Incydent,PL 00251 Olsztyn 2,251,Olsztyn 2,Drukarka biurowa nie działa,drukarka biurowa nie działa,inne,0.5
SD 173896,Zamiana Linii DT prośba o udzielenie informacji,2025 07 22 01:24:14.539000 02:00,Usługa,Warszawa Reguly PL 00689,689,Warszawa Reguly,Zamiana Linii DT prośba o udzielenie informacji,zamiana linii dt prośba o udzielenie informacji,inne,0.5
SD 173895,Zapytanie na temat zmiany na linii drive sbs,2025 07 22 01:23:12.785000 02:00,Usługa,PL 00621 Nowogard Autohof,621,Nowogard Autohof,Zapytanie na temat zmiany na linii drive sbs,zapytanie na temat zmiany na linii drive sbs,inne,0.5
SD 173894,BOS nie można się zalogować,2025 07 22 01:17:58.866000 02:00,Incydent,PL 00678 Kedzierzyn Kozle,678,Kedzierzyn Kozle,BOS nie można się zalogować,bos nie można się zalogować,BOS/MAP nie można się zalogować,0.9
SD 173892,Zamknięcie/otwarcie POS prośba o przeprowadzenie,2025 07 22 01:13:43.556000 02:00,Incydent,PL 00458 Airport Landside,458,Airport Landside,Zamknięcie/otwarcie POS prośba o przeprowadzenie,zamknięcie/otwarcie pos prośba o przeprowadzenie,inne,0.5
SD 173891,BOS01 Nie pinguje,2025 07 22 01:13:23.243000 02:00,Incydent,PL 00489 MOP KĘPNICA A4 S,489,MOP KĘPNICA A4 S,BOS01 Nie pinguje,bos01 nie pinguje,inne,0.5
SD 173890,POS24 drukarka fiskalna nie pinguje,2025 07 22 01:10:46.549000 02:00,Incydent,PL 00444 W wa 49 Swietokrzyska,444,Wwa 49 Swietokrzyska,POS24 drukarka fiskalna nie pinguje,pos24 drukarka fiskalna nie pinguje,inne,0.5
SD 173889,CSO25 prośba o detach,2025 07 22 01:10:14.983000 02:00,Incydent,PL 00016 Torun 1,016,Torun 1,CSO25 prośba o detach,cso25 prośba o detach,inne,0.5
SD 173887,Kiosk 26 i 30 admin logon,2025 07 22 01:06:55.010000 02:00,Incydent,PL 00315 MOP Worow Grojec,315,MOP Worow Grojec,Kiosk 26 i 30 admin logon,kiosk 26 i 30 admin logon,POS/CSO/KVS admin logon,0.9
SD 173885,NewPOS zamknięcie POS prośba o detach pos24,2025 07 22 01:03:51.305000 02:00,Incydent,PL 00516 Czluchow,516,Czluchow,NewPOS zamknięcie POS prośba o detach pos24,newpos zamknięcie pos prośba o detach pos24,inne,0.5
SD 173884,Zamknij / otwórz system POS nie można zamknąć systemu,2025 07 22 01:02:45.292000 02:00,Incydent,PL 00477 MOP Sieganow,477,MOP Sieganow,Zamknij / otwórz system POS nie można zamknąć systemu,zamknij / otwórz system pos nie można zamknąć systemu,inne,0.5
SD 173883,WYSE .9 offline,2025 07 22 01:00:34.249000 02:00,Incydent,PL 00311 Nowy Dwor Gdanski,311,Nowy Dwor Gdanski,WYSE .9 offline,wyse .9 offline,inne,0.5
SD 173880,MyStore szklanki zużycie nie jest pełną liczbą,2025 07 22 00:59:07.021000 02:00,Usługa,PL 00528 Jozefow,528,Jozefow,MyStore szklanki zużycie nie jest pełną liczbą,mystore szklanki zużycie nie jest pełną liczbą,inne,0.5
SD 173878,"Problem z zamknięciem POS07 nie przeszło na kasie, z której był zamykany dzień.",2025 07 22 00:52:25.095000 02:00,Incydent,PL 00678 Kedzierzyn Kozle,678,Kedzierzyn Kozle,"Problem z zamknięciem POS07 nie przeszło na kasie, z której był zamykany dzień.","problem z zamknięciem pos07 nie przeszło na kasie, z której był zamykany dzień.",Newpos Zamknięcie nie przeszło na kasie z której był zamykany dzień,0.9
SD 173876,ORB01 nie pinguje czarny ekran,2025 07 22 00:47:10.749000 02:00,Incydent,PL 00444 W wa 49 Swietokrzyska,444,Wwa 49 Swietokrzyska,ORB01 nie pinguje czarny ekran,orb01 nie pinguje czarny ekran,inne,0.5
SD 173874,MyStore dostawa się nie pojawiła w zużyciu półproduktów,2025 07 22 00:41:59.508000 02:00,Usługa,PL 00411 MOP Markuszow S17 North,411,MOP Markuszow S17 North,MyStore dostawa się nie pojawiła w zużyciu półproduktów,mystore dostawa się nie pojawiła w zużyciu półproduktów,inne,0.5
SD 173873,Drive SBS pytanie o zamianę CFS,2025 07 22 00:39:08.561000 02:00,Usługa,PL 00698 MOP Obroki W,698,MOP Obroki W,Drive SBS pytanie o zamianę CFS,drive sbs pytanie o zamianę cfs,inne,0.5
SD 173872,Mystore Brak mozliwosci zalogwania sie,2025 07 22 00:34:51.027000 02:00,Incydent,PL 00299 Puck,299,Puck,Mystore Brak mozliwosci zalogwania sie,mystore brak mozliwosci zalogwania sie,inne,0.5
SD 173871,HWA01 dodani pracownicy znikają po zapisaniu,2025 07 22 00:33:26.695000 02:00,Incydent,PL 00457 Wroclaw 20 Dworzec PKP 2,457,Wroclaw 20 Dworzec PKP 2,HWA01 dodani pracownicy znikają po zapisaniu,hwa01 dodani pracownicy znikają po zapisaniu,inne,0.5
SD 173870,KVS11 nie działa dotyk.,2025 07 22 00:31:28.162000 02:00,Incydent,PL 00516 Czluchow,516,Czluchow,KVS11 nie działa dotyk.,kvs11 nie działa dotyk.,inne,0.5
SD 173869,Brak odpowiedzi kasy,2025 07 22 00:30:48.800000 02:00,Incydent,Natalia Chrzanowska,Nieznany,Natalia Chrzanowska,Brak odpowiedzi kasy,brak odpowiedzi kasy,inne,0.5
SD 173868,Zamiana Linii DT pytanie przed przeprowadzeniem,2025 07 22 00:28:51.644000 02:00,Usługa,PL 00575 Czechowice Dziedzice,575,Czechowice Dziedzice,Zamiana Linii DT pytanie przed przeprowadzeniem,zamiana linii dt pytanie przed przeprowadzeniem,inne,0.5
SD 173867,MOP Prośba o wyłączenie MOP,2025 07 22 00:28:29.967000 02:00,Usługa,PL 00042 Bydgoszcz 2 Torpedo,042,Bydgoszcz 2 Torpedo,MOP Prośba o wyłączenie MOP,mop prośba o wyłączenie mop,MOP Prośba o włączenie/wyłączenie,0.9
SD 173866,Cash recycler error code 2126,2025 07 22 00:26:28.705000 02:00,Incydent,PL 00666 Radzymin,666,Radzymin,Cash recycler error code 2126,cash recycler error code 2126,inne,0.5
SD 173865,Zapytanie na temat sbs,2025 07 22 00:24:47.913000 02:00,Usługa,PL 00504 Ustron,504,Ustron,Zapytanie na temat sbs,zapytanie na temat sbs,inne,0.5
SD 173863,Skaner COD nie działa,2025 07 22 00:19:21.311000 02:00,Incydent,PL 00315 MOP Worow Grojec,315,MOP Worow Grojec,Skaner COD nie działa,skaner cod nie działa,POS/CSO/DT skaner nie działa,0.9
SD 173862,MOP Prośba o wyłączenie,2025 07 22 00:16:57.470000 02:00,Usługa,PL 00245 Poznan 11 Komorniki,245,Poznan 11 Komorniki,MOP Prośba o wyłączenie,mop prośba o wyłączenie,MOP Prośba o włączenie/wyłączenie,0.9
SD 173861,"Problem z zamknięciem POS24 nie przeszło na kasie, z której był zamykany dzień.",2025 07 22 00:15:36.156000 02:00,Incydent,PL 00529 Poznan 23 Dworzec Zachodni,529,Poznan 23 Dworzec Zachodni,"Problem z zamknięciem POS24 nie przeszło na kasie, z której był zamykany dzień.","problem z zamknięciem pos24 nie przeszło na kasie, z której był zamykany dzień.",Newpos Zamknięcie nie przeszło na kasie z której był zamykany dzień,0.9
SD 173860,POS03 Zółta M na czerwonym tle,2025 07 22 00:05:44.422000 02:00,Incydent,PL 00226 Glogow,226,Glogow,POS03 Zółta M na czerwonym tle,pos03 zółta m na czerwonym tle,inne,0.5
SD 173859,POS23 prośba o detach z powodu awarii DF kasy,2025 07 22 00:03:47.117000 02:00,Incydent,PL 00452 Gdansk 14 Forum Gdansk Instore,452,Gdansk 14 Forum Gdansk Instore,POS23 prośba o detach z powodu awarii DF kasy,pos23 prośba o detach z powodu awarii df kasy,inne,0.5
SD 173858,Zamknij / otwórz system POS nie można zamknąć systemu,2025 07 22 00:01:40.550000 02:00,Incydent,PL 00503 Gdańsk 12 Lotnisko Airside,503,Gdańsk 12 Lotnisko Airside,Zamknij / otwórz system POS nie można zamknąć systemu,zamknij / otwórz system pos nie można zamknąć systemu,inne,0.5
