﻿key,title,created,issue_type,reporter,site,site_name,title_clean,title_lower,category,confidence
SD 169652,"Newpos Zamknięcie nie przeszło na kasie, z której był zamykany dzień.",2025 07 13 23:58:24.592000 02:00,Incydent,PL 00503 Gdańsk 12 Lotnisko Airside,503,Gdańsk 12 Lotnisko Airside,"Newpos Zamknięcie nie przeszło na kasie, z której był zamykany dzień.","newpos zamknięcie nie przeszło na kasie, z której był zamykany dzień.",Newpos Zamknięcie nie przeszło na kasie z której był zamykany dzień,0.9
SD 169651,Kiosk 25 drukarka fiskalna błąd drukarki,2025 07 13 23:54:30.143000 02:00,Incydent,PL 00419 MOP Brwinow A2 North,419,MOP Brwinow A2 North,Kiosk 25 drukarka fiskalna błąd drukarki,kiosk 25 drukarka fiskalna błąd drukarki,inne,0.5
SD 169650,Waystaion offline Brak przyczyny wystąpienia,2025 07 13 23:52:57.464000 02:00,Incydent,PL 00595 Znin,595,Znin,Waystaion offline Brak przyczyny wystąpienia,waystaion offline brak przyczyny wystąpienia,POS/CSO waystation offline,0.9
SD 169615,MyStore kurczak mccrispy dostawa przyszła na 8254/055 a w restauracji jest 8254/005,2025 07 13 23:38:58.233000 02:00,Incydent,PL 00507 Wrocław 21 CH Wroclavia,507,Wrocław 21 CH Wroclavia,MyStore kurczak mccrispy dostawa przyszła na 8254/055 a w restauracji jest 8254/005,mystore kurczak mccrispy dostawa przyszła na 8254/055 a w restauracji jest 8254/005,MyStore dostawa nie zaksięgowała się,0.9
SD 169614,MyStore Prośba o pomoc w edycji odbić czasowych,2025 07 13 23:34:22.234000 02:00,Usługa,PL 00194 Suwalki 1 Boisko,194,Suwalki 1 Boisko,MyStore Prośba o pomoc w edycji odbić czasowych,mystore prośba o pomoc w edycji odbić czasowych,MyStore Prośba o pomoc w edycji odbić czasowych,0.9
SD 169613,"Newpos Zamknięcie nie przeszło na kasie, z której był zamykany dzień.",2025 07 13 23:29:23.149000 02:00,Incydent,PL 00217 W wa 28 Galeria,217,W wa 28 Galeria,"Newpos Zamknięcie nie przeszło na kasie, z której był zamykany dzień.","newpos zamknięcie nie przeszło na kasie, z której był zamykany dzień.",Newpos Zamknięcie nie przeszło na kasie z której był zamykany dzień,0.9
SD 169612,MyStore edycja odbić czasowych nie można poprawić odbicia,2025 07 13 23:21:58.647000 02:00,Usługa,PL 00590 Nidzica,590,Nidzica,MyStore edycja odbić czasowych nie można poprawić odbicia,mystore edycja odbić czasowych nie można poprawić odbicia,MyStore Prośba o pomoc w edycji odbić czasowych,0.9
SD 169609,"Newpos Zamknięcie nie przeszło na kasie, z której był zamykany dzień. POS6",2025 07 13 23:10:52.876000 02:00,Incydent,PL 00462 Airport Airside,462,Airport Airside,"Newpos Zamknięcie nie przeszło na kasie, z której był zamykany dzień. POS6","newpos zamknięcie nie przeszło na kasie, z której był zamykany dzień. pos6",Newpos Zamknięcie nie przeszło na kasie z której był zamykany dzień,0.9
SD 169608,POS19 nie można nic kliknąć,2025 07 13 23:04:45.266000 02:00,Incydent,PL 00313 Brzesko,313,Brzesko,POS19 nie można nic kliknąć,pos19 nie można nic kliknąć,inne,0.5
SD 169607,CSO31 ekran jest bardzo przyciemniony,2025 07 13 22:54:35.256000 02:00,Incydent,pl 00567,567,pl 00567,CSO31 ekran jest bardzo przyciemniony,cso31 ekran jest bardzo przyciemniony,inne,0.5
SD 169606,TAB45 Wymaga zalogowania,2025 07 13 22:51:21.976000 02:00,Incydent,PL 00059 W wa 09 Polczynska,059,W wa 09 Polczynska,TAB45 Wymaga zalogowania,tab45 wymaga zalogowania,inne,0.5
SD 169605,POS nie można wylogować kasjera,2025 07 13 22:48:15.839000 02:00,Incydent,PL 00544 MOP Dabrowa Gornicza S1 W,544,MOP Dabrowa Gornicza S1 W,POS nie można wylogować kasjera,pos nie można wylogować kasjera,inne,0.5
SD 169604,Brakująca kwota po zapisaniu strat produktów gotowych,2025 07 13 22:44:00.754000 02:00,Incydent,PL 00174 Rzgow 1,174,Rzgow 1,Brakująca kwota po zapisaniu strat produktów gotowych,brakująca kwota po zapisaniu strat produktów gotowych,inne,0.5
SD 169603,Korekta błędnie wbitych strat,2025 07 13 22:42:24.968000 02:00,Usługa,Katarzyna Kozik,Nieznany,Katarzyna Kozik,Korekta błędnie wbitych strat,korekta błędnie wbitych strat,inne,0.5
SD 169602,MyStore problem ze zmianą hasła,2025 07 13 22:31:44.412000 02:00,Incydent,PL 00351 MOP Sitno S3,351,MOP Sitno S3,MyStore problem ze zmianą hasła,mystore problem ze zmianą hasła,inne,0.5
SD 169601,MyStore Prośba o pomoc w edycji odbić czasowych,2025 07 13 22:31:44.084000 02:00,Usługa,PL 00331 Nowy Targ,331,Nowy Targ,MyStore Prośba o pomoc w edycji odbić czasowych,mystore prośba o pomoc w edycji odbić czasowych,MyStore Prośba o pomoc w edycji odbić czasowych,0.9
SD 169600,MAP01 Drukarka biurowa nie odpowiada,2025 07 13 22:24:53.835000 02:00,Incydent,PL 00526 Nowy Sacz,526,Nowy Sacz,MAP01 Drukarka biurowa nie odpowiada,map01 drukarka biurowa nie odpowiada,inne,0.5
SD 169599,POS24 kasa nie chce się uruchomić,2025 07 13 22:22:52.721000 02:00,Incydent,PL 00516 Czluchow,516,Czluchow,POS24 kasa nie chce się uruchomić,pos24 kasa nie chce się uruchomić,POS/CSO zawieszony,0.9
SD 169598,POS01 DF POS not initalized,2025 07 13 22:22:52.506000 02:00,Incydent,PL 00608 Wyszkow,608,Wyszkow,POS01 DF POS not initalized,pos01 df pos not initalized,inne,0.5
SD 169597,MS9 nie włącza się okienko,2025 07 13 22:02:41.707000 02:00,Incydent,PL 00224 Debica,224,Debica,MS9 nie włącza się okienko,ms9 nie włącza się okienko,inne,0.5
SD 169596,MyStore planowanie sprzedaży brak możliwości wybrania przyszłych miesięcy,2025 07 13 22:01:53.911000 02:00,Incydent,PL 00365 Zywiec,365,Zywiec,MyStore planowanie sprzedaży brak możliwości wybrania przyszłych miesięcy,mystore planowanie sprzedaży brak możliwości wybrania przyszłych miesięcy,inne,0.5
SD 169595,Głuchy telefon,2025 07 13 21:59:06.562000 02:00,Usługa,PL 00644 Walbrzych 2,644,Walbrzych 2,Głuchy telefon,głuchy telefon,inne,0.5
SD 169594,Mystore – Prośba o pomoc w edycji odbić czasowych,2025 07 13 21:58:43.624000 02:00,Usługa,PL 00371 MOP Rogoziniec,371,MOP Rogoziniec,Mystore – Prośba o pomoc w edycji odbić czasowych,mystore – prośba o pomoc w edycji odbić czasowych,MyStore Prośba o pomoc w edycji odbić czasowych,0.9
SD 169593,MyStore Pokazuje się nieprawidłowa lista magazynowa,2025 07 13 21:51:48.019000 02:00,Incydent,PL 00445 Stalowa Wola,445,Stalowa Wola,MyStore Pokazuje się nieprawidłowa lista magazynowa,mystore pokazuje się nieprawidłowa lista magazynowa,inne,0.5
SD 169592,cso29 problem z drukowaniem paragonów,2025 07 13 21:49:07.025000 02:00,Incydent,PL 00315 MOP Worow Grojec,315,MOP Worow Grojec,cso29 problem z drukowaniem paragonów,cso29 problem z drukowaniem paragonów,inne,0.5
SD 169591,CSO28 Fiscal driver error,2025 07 13 21:47:50.699000 02:00,Incydent,Zielona Góra Focus 2 PL 00789,789,Zielona Góra Focus 2,CSO28 Fiscal driver error,cso28 fiscal driver error,inne,0.5
SD 169590,POS02 Długo się ładują kupony clr,2025 07 13 21:47:24.343000 02:00,Incydent,PL 00565 W wa Radzymińska 2,565,W wa Radzymińska 2,POS02 Długo się ładują kupony clr,pos02 długo się ładują kupony clr,inne,0.5
SD 169589,"POS08 Komunikat szuflada otwarta pomimo tego, że zamknięta",2025 07 13 21:46:55.915000 02:00,Incydent,PL 00439 Oswiecim,439,Oswiecim,"POS08 Komunikat szuflada otwarta pomimo tego, że zamknięta","pos08 komunikat szuflada otwarta pomimo tego, że zamknięta",inne,0.5
SD 169588,Mystore Nie ładuje sie dzienne planowanie sprzedaży,2025 07 13 21:41:35.333000 02:00,Incydent,PL 00292 MOP Kozlow,292,MOP Kozlow,Mystore Nie ładuje sie dzienne planowanie sprzedaży,mystore nie ładuje sie dzienne planowanie sprzedaży,inne,0.5
SD 169587,Ekran,2025 07 13 21:38:39.003000 02:00,Incydent,PL 00419 MOP Brwinow A2 North,419,MOP Brwinow A2 North,Ekran,ekran,inne,0.5
SD 169585,"Nie pokazuje danych, lokalizacji lokalizatorów",2025 07 13 21:35:06.169000 02:00,Incydent,PL 00419 MOP Brwinow A2 North,419,MOP Brwinow A2 North,"Nie pokazuje danych, lokalizacji lokalizatorów","nie pokazuje danych, lokalizacji lokalizatorów",inne,0.5
SD 169584,pos06 nie można zamknać dnia,2025 07 13 21:30:53.455000 02:00,Incydent,Zielona Góra Focus 2 PL 00789,789,Zielona Góra Focus 2,pos06 nie można zamknać dnia,pos06 nie można zamknać dnia,inne,0.5
SD 169582,Głuchy telefon,2025 07 13 21:16:33.428000 02:00,Usługa,PL 00318 Nadarzyn Maximus,318,Nadarzyn Maximus,Głuchy telefon,głuchy telefon,inne,0.5
SD 169581,Mystore Brak mozliwosci zalogwania sie,2025 07 13 21:13:57.826000 02:00,Incydent,PL 00123 Kutno 1,123,Kutno 1,Mystore Brak mozliwosci zalogwania sie,mystore brak mozliwosci zalogwania sie,inne,0.5
SD 169576,Mystore Brak możliwosci wprowadzenia inventaryzacji,2025 07 13 21:07:51.784000 02:00,Incydent,PL 00261 Katowice 5,261,Katowice 5,Mystore Brak możliwosci wprowadzenia inventaryzacji,mystore brak możliwosci wprowadzenia inventaryzacji,inne,0.5
SD 169574,MyStore Brak zużycia na wszystkich PP wczoraj,2025 07 13 21:06:03.845000 02:00,Usługa,PL 00318 Nadarzyn Maximus,318,Nadarzyn Maximus,MyStore Brak zużycia na wszystkich PP wczoraj,mystore brak zużycia na wszystkich pp wczoraj,Mystore brak zużycia,0.9
SD 169571,ORB01 Wiszące zamówienia,2025 07 13 20:59:49.478000 02:00,Incydent,Chodziez Chodziez,Nieznany,Chodziez Chodziez,ORB01 Wiszące zamówienia,orb01 wiszące zamówienia,inne,0.5
SD 169569,POS1 no response message,2025 07 13 20:57:24.797000 02:00,Incydent,PL 00577 Leszno S5,577,Leszno S5,POS1 no response message,pos1 no response message,inne,0.5
SD 169567,Telefon wychodzący restauracja oddzwania,2025 07 13 20:55:02.387000 02:00,Usługa,PL 00016 Torun 1,016,Torun 1,Telefon wychodzący restauracja oddzwania,telefon wychodzący restauracja oddzwania,inne,0.5
SD 169566,Mystore bledne dane w edycji odbic czasowych,2025 07 13 20:54:58.508000 02:00,Incydent,PL 00278 Dabrowa Gornicza 2,278,Dabrowa Gornicza 2,Mystore bledne dane w edycji odbic czasowych,mystore bledne dane w edycji odbic czasowych,MyStore Prośba o pomoc w edycji odbić czasowych,0.9
SD 169563,McDonald s Poland Coates Support Case 00375475 Acknowledgment,2025 07 13 20:50:31.485000 02:00,Usługa,pl asista,Asystent,Asystent systemowy,McDonald s Poland Coates Support Case 00375475 Acknowledgment,mcdonald s poland coates support case 00375475 acknowledgment,inne,0.5
SD 169562,McDonald s Poland Coates Support Case 00375473 Acknowledgment,2025 07 13 20:48:32.013000 02:00,Usługa,pl asista,Asystent,Asystent systemowy,McDonald s Poland Coates Support Case 00375473 Acknowledgment,mcdonald s poland coates support case 00375473 acknowledgment,inne,0.5
SD 169561,McDonald s Poland Coates Support Case 00375474 Acknowledgment,2025 07 13 20:48:31.797000 02:00,Usługa,pl asista,Asystent,Asystent systemowy,McDonald s Poland Coates Support Case 00375474 Acknowledgment,mcdonald s poland coates support case 00375474 acknowledgment,inne,0.5
SD 169560,kvs11 nie można zbić zamówień,2025 07 13 20:47:56.148000 02:00,Incydent,PL 00318 Nadarzyn Maximus,318,Nadarzyn Maximus,kvs11 nie można zbić zamówień,kvs11 nie można zbić zamówień,inne,0.5
SD 169558,McDonald s Poland Coates Support Case 00375472 Acknowledgment,2025 07 13 20:45:31.413000 02:00,Usługa,pl asista,Asystent,Asystent systemowy,McDonald s Poland Coates Support Case 00375472 Acknowledgment,mcdonald s poland coates support case 00375472 acknowledgment,inne,0.5
SD 169556,Zapytanie na temat aktualizacji rfm,2025 07 13 20:30:31.003000 02:00,Incydent,PL 00228 Kepno,228,Kepno,Zapytanie na temat aktualizacji rfm,zapytanie na temat aktualizacji rfm,inne,0.5
SD 169555,"POS06 Produkt jest nieaktywny, nie da się nabić niczego",2025 07 13 20:24:30.726000 02:00,Incydent,PL 00307 Ostrow Wielkopolski,307,Ostrow Wielkopolski,"POS06 Produkt jest nieaktywny, nie da się nabić niczego","pos06 produkt jest nieaktywny, nie da się nabić niczego",inne,0.5
SD 169554,cashcollector aplikacja nie reaguje,2025 07 13 20:21:39.931000 02:00,Incydent,PL 00447 Radom 5 Galeria Sloneczna,447,Radom 5 Galeria Sloneczna,cashcollector aplikacja nie reaguje,cashcollector aplikacja nie reaguje,inne,0.5
SD 169553,TAP45 nie można nabić deserów,2025 07 13 20:16:58.594000 02:00,Incydent,PL 00235 Wodzislaw Slaski,235,Wodzislaw Slaski,TAP45 nie można nabić deserów,tap45 nie można nabić deserów,inne,0.5
SD 169552,Mop autorelease nie wpada automatycznie,2025 07 13 20:14:08.080000 02:00,Incydent,PL 00342 Lubliniec,342,Lubliniec,Mop autorelease nie wpada automatycznie,mop autorelease nie wpada automatycznie,Autorelease nie wpada automatycznie,0.9
SD 169551,Wyse Brak możliwości zalogowania sie,2025 07 13 20:00:35.629000 02:00,Incydent,PL 00134 Kostrzyn 1,134,Kostrzyn 1,Wyse Brak możliwości zalogowania sie,wyse brak możliwości zalogowania sie,inne,0.5
SD 169550,EPROD Nie zmienia się ilość szuflad poniżej 2 dla mięsa 10:1,2025 07 13 19:48:27.347000 02:00,Incydent,PL 00101 Lublin 3 Centrum,101,Lublin 3 Centrum,EPROD Nie zmienia się ilość szuflad poniżej 2 dla mięsa 10:1,eprod nie zmienia się ilość szuflad poniżej 2 dla mięsa 10:1,inne,0.5
SD 169549,tr nie reaguje na kartę,2025 07 13 19:41:50.641000 02:00,Incydent,pl 00655,655,pl 00655,tr nie reaguje na kartę,tr nie reaguje na kartę,inne,0.5
SD 169547,brak podrganej ikonki na promocji lokalnej,2025 07 13 19:20:09.168000 02:00,Incydent,Edyta Król,Nieznany,Edyta Król,brak podrganej ikonki na promocji lokalnej,brak podrganej ikonki na promocji lokalnej,inne,0.5
SD 169546,Zablokowany TR,2025 07 13 19:12:08.834000 02:00,Incydent,PL 00372 MOP Malankowo 1 WEST,372,MOP Malankowo 1 WEST,Zablokowany TR,zablokowany tr,inne,0.5
SD 169545,CSO29 Czerwone M,2025 07 13 19:09:38.701000 02:00,Incydent,PL 00376 Nowy Sacz 02 Trzy Korony,376,Nowy Sacz 02 Trzy Korony,CSO29 Czerwone M,cso29 czerwone m,inne,0.5
SD 169544,KVS17 nie uruchamia się po chwilowym braku prądu,2025 07 13 19:01:25.396000 02:00,Incydent,PL 00475 Rawa Mazowiecka,475,Rawa Mazowiecka,KVS17 nie uruchamia się po chwilowym braku prądu,kvs17 nie uruchamia się po chwilowym braku prądu,inne,0.5
SD 169543,cashcollector nie wydał pieniędzy,2025 07 13 18:59:53.845000 02:00,Incydent,PL 00690 Czestochowa Wojska Polskiego,690,Czestochowa Wojska Polskiego,cashcollector nie wydał pieniędzy,cashcollector nie wydał pieniędzy,inne,0.5
SD 169542,Brak produkcji chwilowa awaria prądu,2025 07 13 18:38:35.097000 02:00,Incydent,PL 00440 Slubice,440,Slubice,Brak produkcji chwilowa awaria prądu,brak produkcji chwilowa awaria prądu,inne,0.5
SD 169525,Kvs1 w momencie przebicia zamówienia na serwis dodaje 100s,2025 07 13 18:20:31.506000 02:00,Incydent,PL 00107 Sopot 1,107,Sopot 1,Kvs1 w momencie przebicia zamówienia na serwis dodaje 100s,kvs1 w momencie przebicia zamówienia na serwis dodaje 100s,inne,0.5
SD 169524,POS01 Drukarka fiskalna nie uruchamia sie,2025 07 13 18:09:20.967000 02:00,Incydent,PL 00313 Brzesko,313,Brzesko,POS01 Drukarka fiskalna nie uruchamia sie,pos01 drukarka fiskalna nie uruchamia sie,inne,0.5
SD 169523,ORB01 Nie wyświetlają się wszystkie zamówienia w trakcie,2025 07 13 18:07:34.515000 02:00,Incydent,PL 00304 Ostrowiec Swietokrzyski,304,Ostrowiec Swietokrzyski,ORB01 Nie wyświetlają się wszystkie zamówienia w trakcie,orb01 nie wyświetlają się wszystkie zamówienia w trakcie,inne,0.5
SD 169522,mop odrzucone zamówienia,2025 07 13 18:00:19.480000 02:00,Usługa,PL 00525 Dzierzoniow,525,Dzierzoniow,mop odrzucone zamówienia,mop odrzucone zamówienia,MOP zamówienia nie drukują się/odrzuca zamówienia,0.9
SD 169521,Uszkodzenie,2025 07 13 17:55:10.992000 02:00,Incydent,PL 00212 Gdansk 07 Morena,212,Gdansk 07 Morena,Uszkodzenie,uszkodzenie,inne,0.5
SD 169520,Drukarka została zalana mieszanka,2025 07 13 17:53:36.798000 02:00,Incydent,pl 00702,702,pl 00702,Drukarka została zalana mieszanka,drukarka została zalana mieszanka,inne,0.5
SD 169518,mystore problem z edycją odbicia,2025 07 13 17:48:08.410000 02:00,Incydent,PL 00346 Szczecin 7 ECE,346,Szczecin 7 ECE,mystore problem z edycją odbicia,mystore problem z edycją odbicia,MyStore Prośba o pomoc w edycji odbić czasowych,0.9
SD 169517,pytanie gdzie sprawdzić okres w jakim był zalogowany kasjer,2025 07 13 17:47:57.083000 02:00,Usługa,PL 00709 MOP Widoma Wschod,709,MOP Widoma Wschod,pytanie gdzie sprawdzić okres w jakim był zalogowany kasjer,pytanie gdzie sprawdzić okres w jakim był zalogowany kasjer,inne,0.5
SD 169516,Z dnia wczorajszego nie widać zejścia półproduktów.,2025 07 13 17:36:11.388000 02:00,Incydent,PL 00496 Knurow,496,Knurow,Z dnia wczorajszego nie widać zejścia półproduktów.,z dnia wczorajszego nie widać zejścia półproduktów.,inne,0.5
SD 169515,pos01 drukarka zgasła i przestała odpowiadać w sieci,2025 07 13 17:17:13.064000 02:00,Incydent,PL 00313 Brzesko,313,Brzesko,pos01 drukarka zgasła i przestała odpowiadać w sieci,pos01 drukarka zgasła i przestała odpowiadać w sieci,inne,0.5
SD 169514,Rekalkulacja,2025 07 13 17:13:53.900000 02:00,Usługa,PL 00463 Rybnik 03 Rondo,463,Rybnik 03 Rondo,Rekalkulacja,rekalkulacja,inne,0.5
SD 169513,kvs03 drukarka nie działa,2025 07 13 17:10:20.490000 02:00,Incydent,PL 00554 Krapkowice,554,Krapkowice,kvs03 drukarka nie działa,kvs03 drukarka nie działa,inne,0.5
SD 169512,Pytanie o DT SBS,2025 07 13 17:08:27.151000 02:00,Usługa,PL 00521 Echa Lesne,521,Echa Lesne,Pytanie o DT SBS,pytanie o dt sbs,inne,0.5
SD 169511,przestarzała oferta,2025 07 13 16:58:51.970000 02:00,Incydent,PL 00255 Jarocin,255,Jarocin,przestarzała oferta,przestarzała oferta,inne,0.5
SD 169510,POS07 Nie odpowiada w sieci,2025 07 13 16:55:33.928000 02:00,Incydent,Chodziez Chodziez,Nieznany,Chodziez Chodziez,POS07 Nie odpowiada w sieci,pos07 nie odpowiada w sieci,inne,0.5
SD 169509,pos08 nie pinguje,2025 07 13 16:55:26.602000 02:00,Incydent,PL 00544 MOP Dabrowa Gornicza S1 W,544,MOP Dabrowa Gornicza S1 W,pos08 nie pinguje,pos08 nie pinguje,inne,0.5
SD 169507,MyStore prośba o restart hasła,2025 07 13 16:46:49.742000 02:00,Incydent,PL 00306 Minsk Mazowiecki,306,Minsk Mazowiecki,MyStore prośba o restart hasła,mystore prośba o restart hasła,inne,0.5
SD 169506,pytanie o promocję lokalną,2025 07 13 16:45:31.821000 02:00,Usługa,PL 00166 Gubin 1,166,Gubin 1,pytanie o promocję lokalną,pytanie o promocję lokalną,inne,0.5
SD 169505,Mcafee nie drukuje drukarka,2025 07 13 16:36:17.715000 02:00,Incydent,PL 00188 Plock 1,188,Plock 1,Mcafee nie drukuje drukarka,mcafee nie drukuje drukarka,inne,0.5
SD 169503,MyStore problem z edycją odbić,2025 07 13 16:17:40.057000 02:00,Incydent,PL 00261 Katowice 5,261,Katowice 5,MyStore problem z edycją odbić,mystore problem z edycją odbić,MyStore Prośba o pomoc w edycji odbić czasowych,0.9
SD 169502,Głuchy telefon,2025 07 13 16:06:30.805000 02:00,Usługa,PL 00432 Konstancin,432,Konstancin,Głuchy telefon,głuchy telefon,inne,0.5
SD 169501,Wyświetlanie na monitorze wody niegazowanej w kubku,2025 07 13 16:03:37.441000 02:00,Incydent,PL 00392 MOP Jozefow,392,MOP Jozefow,Wyświetlanie na monitorze wody niegazowanej w kubku,wyświetlanie na monitorze wody niegazowanej w kubku,inne,0.5
SD 169499,KVS09 MOP nie działa prawidłowo,2025 07 13 15:54:23.004000 02:00,Incydent,PL 00248 W wa 34 Park Wola,248,W wa 34 Park Wola,KVS09 MOP nie działa prawidłowo,kvs09 mop nie działa prawidłowo,inne,0.5
SD 169498,pos07 problem z szuflada,2025 07 13 15:51:20.276000 02:00,Incydent,PL 00320 Klodzko,320,Klodzko,pos07 problem z szuflada,pos07 problem z szuflada,inne,0.5
SD 169497,COD kupony clr wpadają zamiast na 1 to na druga i na odwrot,2025 07 13 15:50:31.891000 02:00,Incydent,PL 00386 Sochaczew,386,Sochaczew,COD kupony clr wpadają zamiast na 1 to na druga i na odwrot,cod kupony clr wpadają zamiast na 1 to na druga i na odwrot,inne,0.5
SD 169496,MS konto zablokowane,2025 07 13 15:37:52.489000 02:00,Incydent,PL 00290 MOP Olesnica,290,MOP Olesnica,MS konto zablokowane,ms konto zablokowane,inne,0.5
SD 169495,Kamera na lini driv,2025 07 13 15:36:58.923000 02:00,Incydent,PL 00320 Klodzko,320,Klodzko,Kamera na lini driv,kamera na lini driv,inne,0.5
SD 169494,waystation offline rhs01 wyłączony,2025 07 13 15:30:54.506000 02:00,Incydent,PL 00495 MOP Gorzyczki A1 W,495,MOP Gorzyczki A1 W,waystation offline rhs01 wyłączony,waystation offline rhs01 wyłączony,POS/CSO waystation offline,0.9
SD 169493,Zużycie na szklankach,2025 07 13 15:29:25.241000 02:00,Usługa,PL 00320 Klodzko,320,Klodzko,Zużycie na szklankach,zużycie na szklankach,inne,0.5
SD 169492,CLR prośba o zablokowanie zestawu,2025 07 13 15:24:52.598000 02:00,Usługa,PL 00371 MOP Rogoziniec,371,MOP Rogoziniec,CLR prośba o zablokowanie zestawu,clr prośba o zablokowanie zestawu,inne,0.5
SD 169491,wyświetlany zły rozmiar dla wody,2025 07 13 15:24:21.543000 02:00,Incydent,PL 00415 Poznan 15 Avenida PKP,415,Poznan 15 Avenida PKP,wyświetlany zły rozmiar dla wody,wyświetlany zły rozmiar dla wody,inne,0.5
SD 169490,problem z kasą,2025 07 13 15:24:02.321000 02:00,Incydent,PL 00479 MOP Machnacz A1 W,479,MOP Machnacz A1 W,problem z kasą,problem z kasą,inne,0.5
SD 169489,GPR BEV Nie drukuje,2025 07 13 15:22:57.118000 02:00,Incydent,PL 00111 Pszczyna 1,111,Pszczyna 1,GPR BEV Nie drukuje,gpr bev nie drukuje,inne,0.5
SD 169488,POS24 Fiscal driver not started,2025 07 13 15:20:05.367000 02:00,Incydent,PL 00111 Pszczyna 1,111,Pszczyna 1,POS24 Fiscal driver not started,pos24 fiscal driver not started,inne,0.5
SD 169487,ponowny problem z testo,2025 07 13 15:16:21.183000 02:00,Incydent,Anna Nowacka,Nieznany,Anna Nowacka,ponowny problem z testo,ponowny problem z testo,inne,0.5
SD 169486,Kontynuacja SD 166443 Testo Loggery nie działają,2025 07 13 15:10:35.233000 02:00,Incydent,PL 00415 Poznan 15 Avenida PKP,415,Poznan 15 Avenida PKP,Kontynuacja SD 166443 Testo Loggery nie działają,kontynuacja sd 166443 testo loggery nie działają,inne,0.5
SD 169484,mystore prośba o dodanie miesiaca w dziennym planowaniu sprzedaży,2025 07 13 14:58:41.432000 02:00,Incydent,PL 00568 Pultusk,568,Pultusk,mystore prośba o dodanie miesiaca w dziennym planowaniu sprzedaży,mystore prośba o dodanie miesiaca w dziennym planowaniu sprzedaży,inne,0.5
SD 169483,MS9 nie da się wbic testów jakości,2025 07 13 14:58:15.792000 02:00,Incydent,PL 00107 Sopot 1,107,Sopot 1,MS9 nie da się wbic testów jakości,ms9 nie da się wbic testów jakości,inne,0.5
SD 169482,aktywujące się śniadania których nie sprzedajemy,2025 07 13 14:54:01.607000 02:00,Incydent,PL 00623 Nowa Sol,623,Nowa Sol,aktywujące się śniadania których nie sprzedajemy,aktywujące się śniadania których nie sprzedajemy,inne,0.5
SD 169481,POS07 Nie załadował się,2025 07 13 14:53:41.670000 02:00,Incydent,PL 00603 Rybnik A1 Autohof,603,Rybnik A1 Autohof,POS07 Nie załadował się,pos07 nie załadował się,POS brak kafelków,0.9
SD 169480,Problem z mailem kamiennym kierownika restauracji,2025 07 13 14:50:48.564000 02:00,Incydent,Anna Bednarska,Nieznany,Anna Bednarska,Problem z mailem kamiennym kierownika restauracji,problem z mailem kamiennym kierownika restauracji,inne,0.5
SD 169479,cod nie świeci się,2025 07 13 14:48:45.372000 02:00,Incydent,PL 00554 Krapkowice,554,Krapkowice,cod nie świeci się,cod nie świeci się,inne,0.5
SD 169478,mfa,2025 07 13 14:47:08.932000 02:00,Incydent,PL 00058 W wa 17 Wilanow,058,W wa 17 Wilanow,mfa,mfa,inne,0.5
SD 169476,Odwrotne dzialanie,2025 07 13 14:38:17.574000 02:00,Incydent,PL 00178 Rumia 1 Grunwaldzka,178,Rumia 1 Grunwaldzka,Odwrotne dzialanie,odwrotne dzialanie,inne,0.5
SD 169475,KVSy zamówienie jest już na runnerze mimo że nie zostało skasowane z kuchni,2025 07 13 14:32:48.745000 02:00,Incydent,PL 00611 MOP Kleszczewko Zachod,611,MOP Kleszczewko Zachod,KVSy zamówienie jest już na runnerze mimo że nie zostało skasowane z kuchni,kvsy zamówienie jest już na runnerze mimo że nie zostało skasowane z kuchni,inne,0.5
SD 169473,BEV Nie można wyłączyć mirror mode,2025 07 13 14:18:58.700000 02:00,Incydent,PL 00667 Lidzbark Warminski,667,Lidzbark Warminski,BEV Nie można wyłączyć mirror mode,bev nie można wyłączyć mirror mode,inne,0.5
SD 169472,Kvs22/34 kasuje zamówienia po zapłaceniu,2025 07 13 14:17:49.997000 02:00,Incydent,PL 00289 MOP Leka,289,MOP Leka,Kvs22/34 kasuje zamówienia po zapłaceniu,kvs22/34 kasuje zamówienia po zapłaceniu,inne,0.5
SD 169471,MS nie liczy zużycia szklanek,2025 07 13 14:09:46.874000 02:00,Usługa,PL 00692 Tomaszow Mazowiecki Autohof,692,Tomaszow Mazowiecki Autohof,MS nie liczy zużycia szklanek,ms nie liczy zużycia szklanek,inne,0.5
SD 169470,Zmiany po wdrożeniu DT SBS,2025 07 13 14:07:29.544000 02:00,Incydent,PL 00240 Tczew,240,Tczew,Zmiany po wdrożeniu DT SBS,zmiany po wdrożeniu dt sbs,inne,0.5
SD 169469,Kvs 29 nie pokazuje zamówień,2025 07 13 13:58:38.216000 02:00,Incydent,PL 00068 Gorzow Wlkp 1,068,Gorzow Wlkp 1,Kvs 29 nie pokazuje zamówień,kvs 29 nie pokazuje zamówień,inne,0.5
SD 169466,POS01 Dyspenser wyłącza się automatycznie,2025 07 13 13:36:26.368000 02:00,Incydent,pl 00695,695,pl 00695,POS01 Dyspenser wyłącza się automatycznie,pos01 dyspenser wyłącza się automatycznie,inne,0.5
SD 169465,COD POS01 skaner nie działa,2025 07 13 13:25:11.625000 02:00,Incydent,PL 00586 Mlawa,586,Mlawa,COD POS01 skaner nie działa,cod pos01 skaner nie działa,POS/CSO/DT skaner nie działa,0.9
SD 169464,POS24 problem z anulacją zwrotu,2025 07 13 13:24:31.808000 02:00,Incydent,PL 00354 Ostroleka,354,Ostroleka,POS24 problem z anulacją zwrotu,pos24 problem z anulacją zwrotu,inne,0.5
SD 169463,MS9 bardzo powolne działanie,2025 07 13 13:12:57.888000 02:00,Incydent,PL 00471 Starogard Gdański,471,Starogard Gdański,MS9 bardzo powolne działanie,ms9 bardzo powolne działanie,inne,0.5
SD 169461,POS03 waystation offline,2025 07 13 12:53:06.740000 02:00,Incydent,pl 00663,663,pl 00663,POS03 waystation offline,pos03 waystation offline,POS/CSO waystation offline,0.9
SD 169459,KVS33 nie uruchamia się,2025 07 13 12:48:54.889000 02:00,Incydent,PL 00178 Rumia 1 Grunwaldzka,178,Rumia 1 Grunwaldzka,KVS33 nie uruchamia się,kvs33 nie uruchamia się,inne,0.5
SD 169458,POS02/19 skaner COD01 brak wiązki,2025 07 13 12:42:31.858000 02:00,Incydent,pl 00663,663,pl 00663,POS02/19 skaner COD01 brak wiązki,pos02/19 skaner cod01 brak wiązki,POS/CSO/DT skaner nie działa,0.9
SD 169457,"Po potwierdzeniu żądania z restauracją Stargard site 699 w raporcie zużycia półproduktów transfer nie widoczny. Wriny sprawdzone, mamy jednakowe z daną restauracją, z czego wynika minus 60 bułek na naszej restauracji.",2025 07 13 12:40:26.281000 02:00,Usługa,PL 00254 Szczecin 6 Galaxy,254,Szczecin 6 Galaxy,"Po potwierdzeniu żądania z restauracją Stargard site 699 w raporcie zużycia półproduktów transfer nie widoczny. Wriny sprawdzone, mamy jednakowe z daną restauracją, z czego wynika minus 60 bułek na naszej restauracji.","po potwierdzeniu żądania z restauracją stargard site 699 w raporcie zużycia półproduktów transfer nie widoczny. wriny sprawdzone, mamy jednakowe z daną restauracją, z czego wynika minus 60 bułek na naszej restauracji.",inne,0.5
SD 169456,KVS11 Nie pokazuje numeru zamówień,2025 07 13 12:26:15.326000 02:00,Incydent,PL 00264 Lodz 13 Manufaktura,264,Lodz 13 Manufaktura,KVS11 Nie pokazuje numeru zamówień,kvs11 nie pokazuje numeru zamówień,inne,0.5
SD 169455,Drukarka beverage cell,2025 07 13 12:26:06.459000 02:00,Incydent,PL 00596 Koszalin Autohof,596,Koszalin Autohof,Drukarka beverage cell,drukarka beverage cell,inne,0.5
SD 169454,MOP Prośba o wyłączenie,2025 07 13 12:25:19.105000 02:00,Usługa,PL 00395 Siedlce 02 Galeria S,395,Siedlce 02 Galeria S,MOP Prośba o wyłączenie,mop prośba o wyłączenie,MOP Prośba o włączenie/wyłączenie,0.9
SD 169453,Mystore brak zużycia na niektórych dniach,2025 07 13 12:22:46.421000 02:00,Incydent,pl 00120,120,pl 00120,Mystore brak zużycia na niektórych dniach,mystore brak zużycia na niektórych dniach,Mystore brak zużycia,0.9
SD 169451,Nie działa skaner na 2 linii DT,2025 07 13 11:52:10.573000 02:00,Incydent,PL 00711 Zywiec 2,711,Zywiec 2,Nie działa skaner na 2 linii DT,nie działa skaner na 2 linii dt,POS/CSO/DT skaner nie działa,0.9
SD 169448,MOP zamówienia nie drukują się / odrzuca zamówienia,2025 07 13 11:18:18.315000 02:00,Incydent,PL 00631 Zory Sokola,631,Zory Sokola,MOP zamówienia nie drukują się / odrzuca zamówienia,mop zamówienia nie drukują się / odrzuca zamówienia,Autorelease nie wpada automatycznie,0.9
SD 169447,HWA02 brak obrazu,2025 07 13 11:14:10.324000 02:00,Incydent,pl 00655,655,pl 00655,HWA02 brak obrazu,hwa02 brak obrazu,inne,0.5
SD 169445,BOS01 brak drukarki biurowej po przywróceniu obrazu VM,2025 07 13 11:11:21.756000 02:00,Incydent,PL 00553 Kutno 02,553,Kutno 02,BOS01 brak drukarki biurowej po przywróceniu obrazu VM,bos01 brak drukarki biurowej po przywróceniu obrazu vm,inne,0.5
SD 169443,Zamówienia z drive nie przesyłają się na CFS,2025 07 13 10:43:11.211000 02:00,Incydent,PL 00545 Koscierzyna,545,Koscierzyna,Zamówienia z drive nie przesyłają się na CFS,zamówienia z drive nie przesyłają się na cfs,inne,0.5
SD 169442,IDMB FC nie wyświetla obrazu,2025 07 13 10:33:22.157000 02:00,Incydent,PL 00303 Krakow 14 Bonarka,303,Krakow 14 Bonarka,IDMB FC nie wyświetla obrazu,idmb fc nie wyświetla obrazu,inne,0.5
SD 169439,ACTION NEEDED : We are awaiting a response for Case : 00374333 for McDonald s PL Piaseczno 61600468,2025 07 13 10:29:31.809000 02:00,Usługa,pl asista,Asystent,Asystent systemowy,ACTION NEEDED : We are awaiting a response for Case : 00374333 for McDonald s PL Piaseczno 61600468,action needed : we are awaiting a response for case : 00374333 for mcdonald s pl piaseczno 61600468,inne,0.5
SD 169438,ACTION NEEDED : We are awaiting a response for Case : 00373708 for McDonald s PL 61600687,2025 07 13 10:29:31.568000 02:00,Usługa,pl asista,Asystent,Asystent systemowy,ACTION NEEDED : We are awaiting a response for Case : 00373708 for McDonald s PL 61600687,action needed : we are awaiting a response for case : 00373708 for mcdonald s pl 61600687,inne,0.5
SD 169437,ACTION NEEDED : We are awaiting a response for Case : 00372410 for McDonald s Poland,2025 07 13 10:28:31.124000 02:00,Usługa,pl asista,Asystent,Asystent systemowy,ACTION NEEDED : We are awaiting a response for Case : 00372410 for McDonald s Poland,action needed : we are awaiting a response for case : 00372410 for mcdonald s poland,inne,0.5
SD 169436,RE: McDonald s PL Sochaczew 61600386 Coates Support Case 00375442 Acknowledgment,2025 07 13 10:27:31.926000 02:00,Usługa,pl asista,Asystent,Asystent systemowy,RE: McDonald s PL Sochaczew 61600386 Coates Support Case 00375442 Acknowledgment,re: mcdonald s pl sochaczew 61600386 coates support case 00375442 acknowledgment,inne,0.5
SD 169435,Restauracja nie pinguje,2025 07 13 10:24:25.207000 02:00,Incydent,PL 00481 MOP Chojny Wieluń S8 E,481,MOP Chojny Wieluń S8 E,Restauracja nie pinguje,restauracja nie pinguje,inne,0.5
SD 169434,RE: McDonald s Poland Coates Support Case 00375430 Acknowledgment,2025 07 13 10:19:31.641000 02:00,Usługa,pl asista,Asystent,Asystent systemowy,RE: McDonald s Poland Coates Support Case 00375430 Acknowledgment,re: mcdonald s poland coates support case 00375430 acknowledgment,inne,0.5
SD 169432,Kasa nie odpowiada,2025 07 13 10:09:29.058000 02:00,Incydent,PL 00610 MOP Kleszczewko Wschod,610,MOP Kleszczewko Wschod,Kasa nie odpowiada,kasa nie odpowiada,inne,0.5
SD 169431,POS01 Terminal nie działa,2025 07 13 10:08:46.451000 02:00,Incydent,PL 00428 Szczecinek,428,Szczecinek,POS01 Terminal nie działa,pos01 terminal nie działa,POS/CSO/DT skaner nie działa,0.9
SD 169430,TimeRecorder odbicia z wczoraj,2025 07 13 10:03:13.721000 02:00,Incydent,PL 00261 Katowice 5,261,Katowice 5,TimeRecorder odbicia z wczoraj,timerecorder odbicia z wczoraj,inne,0.5
SD 169429,POS01 Irruption na terminalu,2025 07 13 09:59:33.862000 02:00,Incydent,PL 00135 Elblag 1,135,Elblag 1,POS01 Irruption na terminalu,pos01 irruption na terminalu,inne,0.5
SD 169428,Nie działa Bumpar,2025 07 13 09:52:47.430000 02:00,Incydent,PL 00596 Koszalin Autohof,596,Koszalin Autohof,Nie działa Bumpar,nie działa bumpar,inne,0.5
SD 169427,ORB czerwona M,2025 07 13 09:38:28.637000 02:00,Incydent,PL 00158 Chorzow 2 Katowicka,158,Chorzow 2 Katowicka,ORB czerwona M,orb czerwona m,POS/CSO/KVS czerwona M,0.9
SD 169424,KVS02 Czerwona M,2025 07 13 09:30:59.115000 02:00,Incydent,PL 00418 Kalisz 02 Echo CH Amber,418,Kalisz 02 Echo CH Amber,KVS02 Czerwona M,kvs02 czerwona m,POS/CSO/KVS czerwona M,0.9
SD 169422,Ekran od kamer nie pokazuje obrazu,2025 07 13 09:28:11.554000 02:00,Incydent,PL 00051 Poznan 04 Franowo,051,Poznan 04 Franowo,Ekran od kamer nie pokazuje obrazu,ekran od kamer nie pokazuje obrazu,inne,0.5
SD 169421,POS02 Time Blocked,2025 07 13 09:21:10.480000 02:00,Incydent,PL 00342 Lubliniec,342,Lubliniec,POS02 Time Blocked,pos02 time blocked,inne,0.5
SD 169419,POS24 brak kafelków,2025 07 13 08:56:03.279000 02:00,Incydent,PL 00303 Krakow 14 Bonarka,303,Krakow 14 Bonarka,POS24 brak kafelków,pos24 brak kafelków,POS brak kafelków,0.9
SD 169418,MOP zamówienia nie drukują się / odrzuca zamówienia,2025 07 13 08:52:41.886000 02:00,Incydent,PL 00245 Poznan 11 Komorniki,245,Poznan 11 Komorniki,MOP zamówienia nie drukują się / odrzuca zamówienia,mop zamówienia nie drukują się / odrzuca zamówienia,Autorelease nie wpada automatycznie,0.9
SD 169417,POS01 no response message,2025 07 13 08:50:31.163000 02:00,Incydent,PL 00225 W wa 31 Conrada,225,W wa 31 Conrada,POS01 no response message,pos01 no response message,inne,0.5
SD 169415,Raport szybkości obsługi,2025 07 13 08:44:40.629000 02:00,Incydent,PL 00471 Starogard Gdański,471,Starogard Gdański,Raport szybkości obsługi,raport szybkości obsługi,inne,0.5
SD 169414,CSO30 terminal nie pinguje,2025 07 13 08:41:31.012000 02:00,Incydent,PL 00638 MOP Urzut S8,638,MOP Urzut S8,CSO30 terminal nie pinguje,cso30 terminal nie pinguje,Terminal nie działa,0.9
SD 169413,MyStore Brak możliwości zalogowania się,2025 07 13 08:41:15.683000 02:00,Incydent,PL 00377 Pabianice,377,Pabianice,MyStore Brak możliwości zalogowania się,mystore brak możliwości zalogowania się,inne,0.5
SD 169412,POS01 zawieszona na uruchamianiu,2025 07 13 08:31:52.457000 02:00,Incydent,PL 00180 Lublin 2,180,Lublin 2,POS01 zawieszona na uruchamianiu,pos01 zawieszona na uruchamianiu,inne,0.5
SD 169411,brak wydruku slipu na bevery desery,2025 07 13 08:28:58.886000 02:00,Incydent,PL 00550 Sokolow Podlaski,550,Sokolow Podlaski,brak wydruku slipu na bevery desery,brak wydruku slipu na bevery desery,inne,0.5
SD 169410,nie skanuje aplikacji,2025 07 13 08:21:07.015000 02:00,Incydent,PL 00550 Sokolow Podlaski,550,Sokolow Podlaski,nie skanuje aplikacji,nie skanuje aplikacji,inne,0.5
SD 169409,KVS04 i 10 czerwony ekran,2025 07 13 08:19:31.877000 02:00,Incydent,PL 00484 W Wa Galeria Rondo Wiatraczna,484,W Wa Galeria Rondo Wiatraczna,KVS04 i 10 czerwony ekran,kvs04 i 10 czerwony ekran,inne,0.5
SD 169408,McDonald s PL Sochaczew 61600386 Coates Support Case 00375442 Acknowledgment,2025 07 13 08:19:31.720000 02:00,Usługa,pl asista,Asystent,Asystent systemowy,McDonald s PL Sochaczew 61600386 Coates Support Case 00375442 Acknowledgment,mcdonald s pl sochaczew 61600386 coates support case 00375442 acknowledgment,inne,0.5
SD 169407,POS06 zacięty ekran,2025 07 13 08:17:16.032000 02:00,Incydent,PL 00219 Inowroclaw,219,Inowroclaw,POS06 zacięty ekran,pos06 zacięty ekran,inne,0.5
SD 169406,Problemy po awarii zasilania,2025 07 13 08:14:53.501000 02:00,Incydent,PL 00740 MOP S6 Kamien Polnoc,740,MOP S6 Kamien Polnoc,Problemy po awarii zasilania,problemy po awarii zasilania,inne,0.5
SD 169404,oDMB Brak podsumowania,2025 07 13 07:59:09.327000 02:00,Incydent,PL 00283 W wa 43 AL.Jerozolimskie,283,W wa 43 AL.Jerozolimskie,oDMB Brak podsumowania,odmb brak podsumowania,inne,0.5
SD 169403,Brak połączenia,2025 07 13 07:58:23.519000 02:00,Incydent,PL 00596 Koszalin Autohof,596,Koszalin Autohof,Brak połączenia,brak połączenia,inne,0.5
SD 169402,eProd czarny ekran,2025 07 13 07:57:49.308000 02:00,Incydent,PL 00241 Tomaszow Mazowiecki,241,Tomaszow Mazowiecki,eProd czarny ekran,eprod czarny ekran,inne,0.5
SD 169401,Zamówienia z drive nie pojawiają się na CFS,2025 07 13 07:51:58.223000 02:00,Incydent,PL 00283 W wa 43 AL.Jerozolimskie,283,W wa 43 AL.Jerozolimskie,Zamówienia z drive nie pojawiają się na CFS,zamówienia z drive nie pojawiają się na cfs,inne,0.5
SD 169400,POS07 TimeBlocked,2025 07 13 07:51:11.456000 02:00,Incydent,pl 00702,702,pl 00702,POS07 TimeBlocked,pos07 timeblocked,inne,0.5
SD 169399,Pytanie o stół multimedialny dla dzieci,2025 07 13 07:43:47.260000 02:00,Usługa,PL 00365 Zywiec,365,Zywiec,Pytanie o stół multimedialny dla dzieci,pytanie o stół multimedialny dla dzieci,inne,0.5
SD 169394,niezgodność dat pomiędzy PoS i drukarka fiskalną,2025 07 13 07:23:38.316000 02:00,Incydent,PL 00241 Tomaszow Mazowiecki,241,Tomaszow Mazowiecki,niezgodność dat pomiędzy PoS i drukarka fiskalną,niezgodność dat pomiędzy pos i drukarka fiskalną,inne,0.5
SD 169393,Brak zużycia z dnia 12.07.25,2025 07 13 07:22:43.514000 02:00,Incydent,PL 00471 Starogard Gdański,471,Starogard Gdański,Brak zużycia z dnia 12.07.25,brak zużycia z dnia 12.07.25,Mystore brak zużycia,0.9
SD 169392,nie odpowiada,2025 07 13 07:22:13.072000 02:00,Incydent,PL 00394 Wrzesnia,394,Wrzesnia,nie odpowiada,nie odpowiada,inne,0.5
SD 169391,Raport Operacyjny brak danych za dzień 12.07.25,2025 07 13 07:19:29.132000 02:00,Incydent,PL 00471 Starogard Gdański,471,Starogard Gdański,Raport Operacyjny brak danych za dzień 12.07.25,raport operacyjny brak danych za dzień 12.07.25,Mystore brak danych w raporcie PMX,0.9
SD 169390,problem z komputerem w pomieszczeniu managers room,2025 07 13 07:17:28.063000 02:00,Incydent,Szczecin Hakena PL 00680,680,Szczecin Hakena,problem z komputerem w pomieszczeniu managers room,problem z komputerem w pomieszczeniu managers room,inne,0.5
SD 169389,MyStore Brak możliwości włączenia aplikacji,2025 07 13 07:14:54.362000 02:00,Incydent,PL 00573 Piastow,573,Piastow,MyStore Brak możliwości włączenia aplikacji,mystore brak możliwości włączenia aplikacji,inne,0.5
SD 169387,POS01 admin logon,2025 07 13 07:06:14.562000 02:00,Incydent,PL 00225 W wa 31 Conrada,225,W wa 31 Conrada,POS01 admin logon,pos01 admin logon,POS/CSO/KVS admin logon,0.9
SD 169385,McDonald s Poland Coates Support Case 00375442 Acknowledgment,2025 07 13 07:03:32.822000 02:00,Usługa,pl asista,Asystent,Asystent systemowy,McDonald s Poland Coates Support Case 00375442 Acknowledgment,mcdonald s poland coates support case 00375442 acknowledgment,inne,0.5
SD 169384,"KVS09 czarny ekran, nie pinguje",2025 07 13 07:02:53.129000 02:00,Incydent,PL 00204 Konin,204,Konin,"KVS09 czarny ekran, nie pinguje","kvs09 czarny ekran, nie pinguje",inne,0.5
SD 169383,EPR01 Pokazuje czarny ekran,2025 07 13 06:57:09.163000 02:00,Incydent,PL 00228 Kepno,228,Kepno,EPR01 Pokazuje czarny ekran,epr01 pokazuje czarny ekran,inne,0.5
SD 169382,POS06 drukarka fiskalna nie pinguje,2025 07 13 06:55:39.162000 02:00,Incydent,PL 00386 Sochaczew,386,Sochaczew,POS06 drukarka fiskalna nie pinguje,pos06 drukarka fiskalna nie pinguje,inne,0.5
SD 169381,POS01 Zacina się przy płatności,2025 07 13 06:50:10.297000 02:00,Incydent,pl 00663,663,pl 00663,POS01 Zacina się przy płatności,pos01 zacina się przy płatności,POS/CSO zawieszony,0.9
SD 169379,skaner COD nie działa,2025 07 13 06:40:04.777000 02:00,Incydent,PL 00082 W wa 12 Radzyminska,082,W wa 12 Radzyminska,skaner COD nie działa,skaner cod nie działa,POS/CSO/DT skaner nie działa,0.9
SD 169376,McDonald s Poland Coates Support Case 00375430 Acknowledgment,2025 07 13 06:35:31.919000 02:00,Usługa,pl asista,Asystent,Asystent systemowy,McDonald s Poland Coates Support Case 00375430 Acknowledgment,mcdonald s poland coates support case 00375430 acknowledgment,inne,0.5
SD 169375,"BackOffice, OfficePC błąd z połączeniem/dostępem",2025 07 13 06:35:24.216000 02:00,Incydent,PL 00205 Tychy 2,205,Tychy 2,"BackOffice, OfficePC błąd z połączeniem/dostępem","backoffice, officepc błąd z połączeniem/dostępem",inne,0.5
SD 169374,McDonald s PL Kielce 61600599 Coates Support Case 00375423 Acknowledgment,2025 07 13 06:34:31.648000 02:00,Usługa,pl asista,Asystent,Asystent systemowy,McDonald s PL Kielce 61600599 Coates Support Case 00375423 Acknowledgment,mcdonald s pl kielce 61600599 coates support case 00375423 acknowledgment,inne,0.5
SD 169373,Wprowadzenie sprzedaży za dzień 12.07.2025,2025 07 13 06:28:33.398000 02:00,Usługa,Slawomir Malewicz,Nieznany,Slawomir Malewicz,Wprowadzenie sprzedaży za dzień 12.07.2025,wprowadzenie sprzedaży za dzień 12.07.2025,inne,0.5
SD 169369,KVS11 Brak dotyku,2025 07 13 06:17:24.770000 02:00,Incydent,PL 00137 Kielce 1,137,Kielce 1,KVS11 Brak dotyku,kvs11 brak dotyku,inne,0.5
SD 169368,oDMB zamówienia wyświetlają się na niepoprawnej linii po zmianie SBS,2025 07 13 06:12:26.171000 02:00,Incydent,PL 00386 Sochaczew,386,Sochaczew,oDMB zamówienia wyświetlają się na niepoprawnej linii po zmianie SBS,odmb zamówienia wyświetlają się na niepoprawnej linii po zmianie sbs,inne,0.5
SD 169367,MyStore Brak transferu za 12.07,2025 07 13 06:11:01.735000 02:00,Incydent,pl 00702,702,pl 00702,MyStore Brak transferu za 12.07,mystore brak transferu za 12.07,inne,0.5
SD 169366,MyStore nie da się wydrukować raportu,2025 07 13 06:07:54.118000 02:00,Incydent,PL 00203 Gdansk 06 Staw,203,Gdansk 06 Staw,MyStore nie da się wydrukować raportu,mystore nie da się wydrukować raportu,inne,0.5
SD 169365,Prośba o wyłączenie usługi MOP,2025 07 13 06:01:24.749000 02:00,Usługa,PL 00241 Tomaszow Mazowiecki,241,Tomaszow Mazowiecki,Prośba o wyłączenie usługi MOP,prośba o wyłączenie usługi mop,MOP Prośba o włączenie/wyłączenie,0.9
SD 169363,"CSO25 Cash recycler zaciął się,brak rozliczenia jego",2025 07 13 05:51:34.808000 02:00,Incydent,PL 00042 Bydgoszcz 2 Torpedo,042,Bydgoszcz 2 Torpedo,"CSO25 Cash recycler zaciął się,brak rozliczenia jego","cso25 cash recycler zaciął się,brak rozliczenia jego",inne,0.5
SD 169362,"Newpos Zamknięcie nie przeszło na kasie, z której był zamykany dzień.",2025 07 13 05:41:46.793000 02:00,Incydent,PL 00010 Krakow 01,010,Krakow 01,"Newpos Zamknięcie nie przeszło na kasie, z której był zamykany dzień.","newpos zamknięcie nie przeszło na kasie, z której był zamykany dzień.",Newpos Zamknięcie nie przeszło na kasie z której był zamykany dzień,0.9
SD 169361,Brak zużycia na masie muffinowej w różnych dniach,2025 07 13 05:37:58.987000 02:00,Usługa,pl 00120,120,pl 00120,Brak zużycia na masie muffinowej w różnych dniach,brak zużycia na masie muffinowej w różnych dniach,Mystore brak zużycia,0.9
SD 169360,Cash recycler nie można się zalogować,2025 07 13 05:26:47.402000 02:00,Incydent,PL 00042 Bydgoszcz 2 Torpedo,042,Bydgoszcz 2 Torpedo,Cash recycler nie można się zalogować,cash recycler nie można się zalogować,MyStore background service nie gotowy/nie można się zalogować,0.9
SD 169359,Zapytanie czy mozemy wylogowac kioski zdalnie,2025 07 13 05:10:12.671000 02:00,Incydent,PL 00010 Krakow 01,010,Krakow 01,Zapytanie czy mozemy wylogowac kioski zdalnie,zapytanie czy mozemy wylogowac kioski zdalnie,inne,0.5
SD 169358,CSO32 nie uruchamia się admin logon,2025 07 13 04:56:30.461000 02:00,Incydent,PL 00464 W wa 01 Centrum,464,W wa 01 Centrum,CSO32 nie uruchamia się admin logon,cso32 nie uruchamia się admin logon,POS/CSO/KVS admin logon,0.9
SD 169356,POS24 nie działa karta,2025 07 13 04:37:45.683000 02:00,Incydent,PL 00010 Krakow 01,010,Krakow 01,POS24 nie działa karta,pos24 nie działa karta,POS/CSO/DT skaner nie działa,0.9
SD 169355,"Problem z zamknięciem POS01 nie przeszło na kasie, z której był zamykany dzień.",2025 07 13 04:30:59.568000 02:00,Incydent,MOP Stobiecko Szlacheckie Zach,Nieznany,MOP Stobiecko Szlacheckie Zach,"Problem z zamknięciem POS01 nie przeszło na kasie, z której był zamykany dzień.","problem z zamknięciem pos01 nie przeszło na kasie, z której był zamykany dzień.",Newpos Zamknięcie nie przeszło na kasie z której był zamykany dzień,0.9
SD 169354,KVS admin logon po awarii prądu,2025 07 13 04:26:39.899000 02:00,Incydent,PL 00735 Oborniki,735,Oborniki,KVS admin logon po awarii prądu,kvs admin logon po awarii prądu,POS/CSO/KVS admin logon,0.9
SD 169353,Zapytanie na temat zmiany na linii drive sbs,2025 07 13 04:21:24.816000 02:00,Incydent,PL 00386 Sochaczew,386,Sochaczew,Zapytanie na temat zmiany na linii drive sbs,zapytanie na temat zmiany na linii drive sbs,inne,0.5
SD 169352,Nie pinguje BOS.,2025 07 13 04:21:12.935000 02:00,Incydent,PL 00553 Kutno 02,553,Kutno 02,Nie pinguje BOS.,nie pinguje bos.,inne,0.5
SD 169350,CSO30 Nie można wylogować,2025 07 13 04:09:39.341000 02:00,Incydent,Tychy 4 PL 00704,704,Tychy 4,CSO30 Nie można wylogować,cso30 nie można wylogować,inne,0.5
SD 169347,Mystore fatal error,2025 07 13 03:57:22.478000 02:00,Incydent,PL 00487 MOP Aleksandrowice A4 N,487,MOP Aleksandrowice A4 N,Mystore fatal error,mystore fatal error,inne,0.5
SD 169345,"Newpos Zamknięcie nie przeszło na kasie, z której był zamykany dzień. POS2",2025 07 13 03:50:07.531000 02:00,Incydent,PL 00219 Inowroclaw,219,Inowroclaw,"Newpos Zamknięcie nie przeszło na kasie, z której był zamykany dzień. POS2","newpos zamknięcie nie przeszło na kasie, z której był zamykany dzień. pos2",Newpos Zamknięcie nie przeszło na kasie z której był zamykany dzień,0.9
SD 169343,Mystore Wartości zerują się podczas wbijania inventaryzacji,2025 07 13 03:48:18.777000 02:00,Incydent,PL 00228 Kepno,228,Kepno,Mystore Wartości zerują się podczas wbijania inventaryzacji,mystore wartości zerują się podczas wbijania inventaryzacji,inne,0.5
SD 169342,pelnego dysk,2025 07 13 03:43:58.412000 02:00,Incydent,PL 00398 Gdansk 11 Lotos,398,Gdansk 11 Lotos,pelnego dysk,pelnego dysk,inne,0.5
SD 169341,Błędny wrin na napoju owsianym. Różnica pomiędzy fakturą a MS9,2025 07 13 03:43:32.767000 02:00,Incydent,PL 00597 Krasnystaw,597,Krasnystaw,Błędny wrin na napoju owsianym. Różnica pomiędzy fakturą a MS9,błędny wrin na napoju owsianym. różnica pomiędzy fakturą a ms9,inne,0.5
SD 169340,TAP45 nie zalogowany newps,2025 07 13 03:42:16.007000 02:00,Incydent,PL 00059 W wa 09 Polczynska,059,W wa 09 Polczynska,TAP45 nie zalogowany newps,tap45 nie zalogowany newps,inne,0.5
SD 169339,"Problem z zamknięciem POS02 nie przeszło na kasie, z której był zamykany dzień.",2025 07 13 03:40:10.515000 02:00,Incydent,MOP Stobiecko Szlacheckie Wschod,Nieznany,MOP Stobiecko Szlacheckie Wschod,"Problem z zamknięciem POS02 nie przeszło na kasie, z której był zamykany dzień.","problem z zamknięciem pos02 nie przeszło na kasie, z której był zamykany dzień.",Newpos Zamknięcie nie przeszło na kasie z której był zamykany dzień,0.9
SD 169338,Webtool nie wyświetla danych,2025 07 13 03:37:47.398000 02:00,Incydent,PL 00653 Czestochowa Południe Autohof,653,Czestochowa Południe Autohof,Webtool nie wyświetla danych,webtool nie wyświetla danych,inne,0.5
SD 169337,MyStore dostawa nie zaksięgowała się,2025 07 13 03:31:25.325000 02:00,Usługa,PL 00436 Gdynia 05 Dworzec PKP,436,Gdynia 05 Dworzec PKP,MyStore dostawa nie zaksięgowała się,mystore dostawa nie zaksięgowała się,MyStore dostawa nie zaksięgowała się,0.9
SD 169336,zamówienia MOP wpadają na druga kuchnię i serwis,2025 07 13 03:29:57.342000 02:00,Incydent,PL 00427 W wa 46 Dworzec Centralny,427,W wa 46 Dworzec Centralny,zamówienia MOP wpadają na druga kuchnię i serwis,zamówienia mop wpadają na druga kuchnię i serwis,Autorelease nie wpada automatycznie,0.9
SD 169335,Office nie działa drukarka,2025 07 13 03:23:56.453000 02:00,Incydent,PL 00311 Nowy Dwor Gdanski,311,Nowy Dwor Gdanski,Office nie działa drukarka,office nie działa drukarka,inne,0.5
SD 169334,"Newpos Zamknięcie nie przeszło na kasie, z której był zamykany dzień.",2025 07 13 03:14:54.179000 02:00,Incydent,PL 00059 W wa 09 Polczynska,059,W wa 09 Polczynska,"Newpos Zamknięcie nie przeszło na kasie, z której był zamykany dzień.","newpos zamknięcie nie przeszło na kasie, z której był zamykany dzień.",Newpos Zamknięcie nie przeszło na kasie z której był zamykany dzień,0.9
SD 169333,Mystore Brak zuzycia na pos za 12.07,2025 07 13 03:14:46.154000 02:00,Incydent,PL 00583 MOP Kochlice Zachód,583,MOP Kochlice Zachód,Mystore Brak zuzycia na pos za 12.07,mystore brak zuzycia na pos za 12.07,inne,0.5
SD 169332,POS2 kasetka pokazuje się jako zalogowana w MS9 mimo wylogowania kasjera.,2025 07 13 03:14:38.460000 02:00,Incydent,PL 00073 Bialystok 1,073,Bialystok 1,POS2 kasetka pokazuje się jako zalogowana w MS9 mimo wylogowania kasjera.,pos2 kasetka pokazuje się jako zalogowana w ms9 mimo wylogowania kasjera.,inne,0.5
SD 169331,"CSO28 Brak drukarki w kiosku, jest na servisie",2025 07 13 03:11:44.845000 02:00,Incydent,PL 00443 Nowy Dwor Mazowiecki,443,Nowy Dwor Mazowiecki,"CSO28 Brak drukarki w kiosku, jest na servisie","cso28 brak drukarki w kiosku, jest na servisie",CSOxx niedostępny,0.8
SD 169330,MyStore kurczak mccrispy dostawa przyszła na 8254/055 a w restauracji jest 8254/005,2025 07 13 03:05:56.950000 02:00,Usługa,PL 00328 Mielec,328,Mielec,MyStore kurczak mccrispy dostawa przyszła na 8254/055 a w restauracji jest 8254/005,mystore kurczak mccrispy dostawa przyszła na 8254/055 a w restauracji jest 8254/005,MyStore dostawa nie zaksięgowała się,0.9
SD 169329,POS24 komunikat o próbie zalogowania się innego użytkownika,2025 07 13 03:03:55.942000 02:00,Incydent,PL 00355 Rzeszow 5 Galeria Rzeszow,355,Rzeszow 5 Galeria Rzeszow,POS24 komunikat o próbie zalogowania się innego użytkownika,pos24 komunikat o próbie zalogowania się innego użytkownika,inne,0.5
SD 169328,"Newpos Zamknięcie nie przeszło na kasie, z której był zamykany dzień.",2025 07 13 03:00:03.006000 02:00,Incydent,PL 00543 W wa 63 Branickiego,543,W wa 63 Branickiego,"Newpos Zamknięcie nie przeszło na kasie, z której był zamykany dzień.","newpos zamknięcie nie przeszło na kasie, z której był zamykany dzień.",Newpos Zamknięcie nie przeszło na kasie z której był zamykany dzień,0.9
SD 169327,Mystore Duży minus na bułkach na inventaryzacji,2025 07 13 02:58:27.088000 02:00,Incydent,PL 00367 Wroclaw 18 SkyTower,367,Wroclaw 18 SkyTower,Mystore Duży minus na bułkach na inventaryzacji,mystore duży minus na bułkach na inventaryzacji,inne,0.5
SD 169326,Problem z otwarciem dnia biznesowego.,2025 07 13 02:52:00.335000 02:00,Incydent,PL 00740 MOP S6 Kamien Polnoc,740,MOP S6 Kamien Polnoc,Problem z otwarciem dnia biznesowego.,problem z otwarciem dnia biznesowego.,inne,0.5
SD 169325,KVS01 bumpbar nie działa,2025 07 13 02:49:23.111000 02:00,Incydent,PL 00455 Grodzisk Wielkopolski,455,Grodzisk Wielkopolski,KVS01 bumpbar nie działa,kvs01 bumpbar nie działa,inne,0.5
SD 169324,Mystore pos02 widnieje jako zalogowano pomimo że jest wylogowany,2025 07 13 02:47:06.544000 02:00,Incydent,PL 00073 Bialystok 1,073,Bialystok 1,Mystore pos02 widnieje jako zalogowano pomimo że jest wylogowany,mystore pos02 widnieje jako zalogowano pomimo że jest wylogowany,inne,0.5
SD 169323,"Newpos Zamknięcie nie przeszło na kasie, z której był zamykany dzień.",2025 07 13 02:46:27.022000 02:00,Incydent,PL 00458 Airport Landside,458,Airport Landside,"Newpos Zamknięcie nie przeszło na kasie, z której był zamykany dzień.","newpos zamknięcie nie przeszło na kasie, z której był zamykany dzień.",Newpos Zamknięcie nie przeszło na kasie z której był zamykany dzień,0.9
SD 169322,Kiosk 27 nie można wylogować,2025 07 13 02:43:23.374000 02:00,Incydent,PL 00576 Turek,576,Turek,Kiosk 27 nie można wylogować,kiosk 27 nie można wylogować,inne,0.5
SD 169321,"Problem z zamknięciem POS07 nie przeszło na kasie, z której był zamykany dzień.",2025 07 13 02:41:30.288000 02:00,Incydent,PL 00319 Krakow 15 Czyzyny,319,Krakow 15 Czyzyny,"Problem z zamknięciem POS07 nie przeszło na kasie, z której był zamykany dzień.","problem z zamknięciem pos07 nie przeszło na kasie, z której był zamykany dzień.",Newpos Zamknięcie nie przeszło na kasie z której był zamykany dzień,0.9
SD 169320,CSO25 CR.240 wyświetla kwotę przed wypłatą,2025 07 13 02:36:40.888000 02:00,Incydent,pl 00745,745,pl 00745,CSO25 CR.240 wyświetla kwotę przed wypłatą,cso25 cr.240 wyświetla kwotę przed wypłatą,inne,0.5
SD 169319,MyStore nie można uruchomić,2025 07 13 02:35:43.880000 02:00,Incydent,PL 00419 MOP Brwinow A2 North,419,MOP Brwinow A2 North,MyStore nie można uruchomić,mystore nie można uruchomić,inne,0.5
SD 169318,"Newpos Zamknięcie nie przeszło na kasie, z której był zamykany dzień. POS1",2025 07 13 02:27:47.518000 02:00,Incydent,PL 00082 W wa 12 Radzyminska,082,W wa 12 Radzyminska,"Newpos Zamknięcie nie przeszło na kasie, z której był zamykany dzień. POS1","newpos zamknięcie nie przeszło na kasie, z której był zamykany dzień. pos1",Newpos Zamknięcie nie przeszło na kasie z której był zamykany dzień,0.9
SD 169317,Zapytanie na temat zmiany na linii drive,2025 07 13 02:27:33.808000 02:00,Incydent,PL 00386 Sochaczew,386,Sochaczew,Zapytanie na temat zmiany na linii drive,zapytanie na temat zmiany na linii drive,inne,0.5
SD 169316,IDMB podczas uruchamiania/wyłaczania ekranu wyświetla się prośba o haslo,2025 07 13 02:23:37.087000 02:00,Incydent,PL 00219 Inowroclaw,219,Inowroclaw,IDMB podczas uruchamiania/wyłaczania ekranu wyświetla się prośba o haslo,idmb podczas uruchamiania/wyłaczania ekranu wyświetla się prośba o haslo,inne,0.5
SD 169315,"Newpos Zamknięcie nie przeszło na kasie, z której był zamykany dzień.",2025 07 13 02:19:46.904000 02:00,Incydent,pl 00745,745,pl 00745,"Newpos Zamknięcie nie przeszło na kasie, z której był zamykany dzień.","newpos zamknięcie nie przeszło na kasie, z której był zamykany dzień.",Newpos Zamknięcie nie przeszło na kasie z której był zamykany dzień,0.9
SD 169313,McDonald s Poland Coates Support Case 00375430 Acknowledgment,2025 07 13 02:12:31.817000 02:00,Usługa,pl asista,Asystent,Asystent systemowy,McDonald s Poland Coates Support Case 00375430 Acknowledgment,mcdonald s poland coates support case 00375430 acknowledgment,inne,0.5
SD 169310,Zamknij / otwórz system POS nie można otworzyć systemu,2025 07 13 01:36:10.320000 02:00,Incydent,PL 00128 Kalisz 1,128,Kalisz 1,Zamknij / otwórz system POS nie można otworzyć systemu,zamknij / otwórz system pos nie można otworzyć systemu,inne,0.5
SD 169309,CSO32 Drukarka fiskala nie odpowiada,2025 07 13 01:35:44.370000 02:00,Incydent,PL 00311 Nowy Dwor Gdanski,311,Nowy Dwor Gdanski,CSO32 Drukarka fiskala nie odpowiada,cso32 drukarka fiskala nie odpowiada,inne,0.5
SD 169308,"Newpos Zamknięcie nie przeszło na kasie, z której był zamykany dzień. POS6",2025 07 13 01:29:38.548000 02:00,Incydent,PL 00128 Kalisz 1,128,Kalisz 1,"Newpos Zamknięcie nie przeszło na kasie, z której był zamykany dzień. POS6","newpos zamknięcie nie przeszło na kasie, z której był zamykany dzień. pos6",Newpos Zamknięcie nie przeszło na kasie z której był zamykany dzień,0.9
SD 169306,Głuchy telefon,2025 07 13 01:26:16.913000 02:00,Incydent,PL 00496 Knurow,496,Knurow,Głuchy telefon,głuchy telefon,inne,0.5
SD 169305,POS06 Brak możliwosci wylogowania pos,2025 07 13 01:14:03.664000 02:00,Incydent,PL 00234 Olkusz,234,Olkusz,POS06 Brak możliwosci wylogowania pos,pos06 brak możliwosci wylogowania pos,POS brak kafelków,0.9
SD 169304,POS19 nie wylogowuje się kasjer.,2025 07 13 01:13:39.112000 02:00,Incydent,PL 00527 Elk,527,Elk,POS19 nie wylogowuje się kasjer.,pos19 nie wylogowuje się kasjer.,inne,0.5
SD 169302,MyStore zamknięcie/otwarcie nie można uruchomić,2025 07 13 00:59:29.033000 02:00,Incydent,PL 00560 Lask,560,Lask,MyStore zamknięcie/otwarcie nie można uruchomić,mystore zamknięcie/otwarcie nie można uruchomić,inne,0.5
SD 169301,"Newpos Zamknięcie nie przeszło na kasie, z której był zamykany dzień.",2025 07 13 00:57:32.742000 02:00,Incydent,Gizycko PL 00607,607,Gizycko,"Newpos Zamknięcie nie przeszło na kasie, z której był zamykany dzień.","newpos zamknięcie nie przeszło na kasie, z której był zamykany dzień.",Newpos Zamknięcie nie przeszło na kasie z której był zamykany dzień,0.9
SD 169300,"Newpos Zamknięcie nie przeszło na kasie, z której był zamykany dzień. POS6",2025 07 13 00:55:39.271000 02:00,Incydent,PL 00466 W wa 50 Zachodnia,466,W wa 50 Zachodnia,"Newpos Zamknięcie nie przeszło na kasie, z której był zamykany dzień. POS6","newpos zamknięcie nie przeszło na kasie, z której był zamykany dzień. pos6",Newpos Zamknięcie nie przeszło na kasie z której był zamykany dzień,0.9
SD 169299,CSO25 Nie pinguje,2025 07 13 00:54:48.807000 02:00,Incydent,PL 00342 Lubliniec,342,Lubliniec,CSO25 Nie pinguje,cso25 nie pinguje,inne,0.5
SD 169298,Kiosk 29 nie można wylogować,2025 07 13 00:53:28.602000 02:00,Incydent,PL 00419 MOP Brwinow A2 North,419,MOP Brwinow A2 North,Kiosk 29 nie można wylogować,kiosk 29 nie można wylogować,inne,0.5
SD 169296,POS9 admin logon cały czas się pokazuje,2025 07 13 00:41:28.910000 02:00,Incydent,PL 00288 MOP Police,288,MOP Police,POS9 admin logon cały czas się pokazuje,pos9 admin logon cały czas się pokazuje,POS/CSO/KVS admin logon,0.9
SD 169295,"CSO27 Zawiesił się, nie zamknął się dzień biznesowy",2025 07 13 00:37:57.250000 02:00,Incydent,PL 00479 MOP Machnacz A1 W,479,MOP Machnacz A1 W,"CSO27 Zawiesił się, nie zamknął się dzień biznesowy","cso27 zawiesił się, nie zamknął się dzień biznesowy",inne,0.5
SD 169294,MyStore po jakim czasie dostawa się pojawi w mystore po potwierdzeniu,2025 07 13 00:36:51.819000 02:00,Usługa,PL 00590 Nidzica,590,Nidzica,MyStore po jakim czasie dostawa się pojawi w mystore po potwierdzeniu,mystore po jakim czasie dostawa się pojawi w mystore po potwierdzeniu,MyStore dostawa nie zaksięgowała się,0.9
SD 169293,"Newpos Zamknięcie nie przeszło na kasie, z której był zamykany dzień.",2025 07 13 00:22:36.601000 02:00,Incydent,PL 00614 Grojec Dekada,614,Grojec Dekada,"Newpos Zamknięcie nie przeszło na kasie, z której był zamykany dzień.","newpos zamknięcie nie przeszło na kasie, z której był zamykany dzień.",Newpos Zamknięcie nie przeszło na kasie z której był zamykany dzień,0.9
SD 169292,"Newpos Zamknięcie nie przeszło na kasie, z której był zamykany dzień.",2025 07 13 00:21:31.452000 02:00,Incydent,pl 00163,163,pl 00163,"Newpos Zamknięcie nie przeszło na kasie, z której był zamykany dzień.","newpos zamknięcie nie przeszło na kasie, z której był zamykany dzień.",Newpos Zamknięcie nie przeszło na kasie z której był zamykany dzień,0.9
SD 169291,FOE63 Nie przeszło zamknięcie dnia biznesowego,2025 07 13 00:19:52.728000 02:00,Incydent,PL 00391 Katowice 09 Rolna,391,Katowice 09 Rolna,FOE63 Nie przeszło zamknięcie dnia biznesowego,foe63 nie przeszło zamknięcie dnia biznesowego,FOE63 nieprawidłowy dzień biznesowy,0.9
SD 169290,Coates Support Case 00375423 Acknowledgment,2025 07 13 00:16:31.770000 02:00,Usługa,pl asista,Asystent,Asystent systemowy,Coates Support Case 00375423 Acknowledgment,coates support case 00375423 acknowledgment,inne,0.5
SD 169289,Autorelease glovo po zamknięciu,2025 07 13 00:15:08.681000 02:00,Incydent,PL 00463 Rybnik 03 Rondo,463,Rybnik 03 Rondo,Autorelease glovo po zamknięciu,autorelease glovo po zamknięciu,inne,0.5
SD 169288,KVS11 Nie pinguje,2025 07 13 00:13:24.236000 02:00,Incydent,PL 00310 Chelm,310,Chelm,KVS11 Nie pinguje,kvs11 nie pinguje,inne,0.5
SD 169287,Brak pełnej oferty na kioskach w nocy.,2025 07 13 00:11:30.358000 02:00,Incydent,PL 00500 Stargard,500,Stargard,Brak pełnej oferty na kioskach w nocy.,brak pełnej oferty na kioskach w nocy.,inne,0.5
SD 169286,POS19 błędna godzina,2025 07 13 00:08:58.894000 02:00,Incydent,PL 00439 Oswiecim,439,Oswiecim,POS19 błędna godzina,pos19 błędna godzina,inne,0.5
SD 169285,ODBN,2025 07 13 00:08:10.089000 02:00,Incydent,PL 00599 Kielce Pasaz Swietokrzysk,599,Kielce Pasaz Swietokrzysk,ODBN,odbn,inne,0.5
SD 169284,Prośba o detach CSO25,2025 07 13 00:03:31.512000 02:00,Incydent,PL 00366 Szczecin 09 Ster,366,Szczecin 09 Ster,Prośba o detach CSO25,prośba o detach cso25,inne,0.5
SD 169283,"Problem z zamknięciem POS06 nie przeszło na kasie, z której był zamykany dzień.",2025 07 13 00:00:11.528000 02:00,Incydent,PL 00503 Gdańsk 12 Lotnisko Airside,503,Gdańsk 12 Lotnisko Airside,"Problem z zamknięciem POS06 nie przeszło na kasie, z której był zamykany dzień.","problem z zamknięciem pos06 nie przeszło na kasie, z której był zamykany dzień.",Newpos Zamknięcie nie przeszło na kasie z której był zamykany dzień,0.9
