﻿key,title,created,issue_type,reporter,site,site_name,title_clean,title_lower,category,confidence
SD 171379,POS24 nie zamknął się dzień,2025 07 16 23:54:10.954000 02:00,Incydent,PL 00071 Lodz 03 Piotrkowska,071,Lodz 03 Piotrkowska,POS24 nie zamknął się dzień,pos24 nie zamknął się dzień,inne,0.5
SD 171378,CSO32 Nie można domknąc drukarki,2025 07 16 23:49:50.237000 02:00,Incydent,pl 00684,684,pl 00684,CSO32 Nie można domknąc drukarki,cso32 nie można domknąc drukarki,inne,0.5
SD 171377,CSO32 Nie pinguje.,2025 07 16 23:44:24.549000 02:00,Incydent,pl 00684,684,pl 00684,CSO32 Nie pinguje.,cso32 nie pinguje.,inne,0.5
SD 171375,Pytanie odnośnie DT SBS,2025 07 16 23:44:03.576000 02:00,Usługa,PL 00487 MOP Aleksandrowice A4 N,487,MOP Aleksandrowice A4 N,Pytanie odnośnie DT SBS,pytanie odnośnie dt sbs,inne,0.5
SD 171374,Korekta błędnie wbitych strat,2025 07 16 23:42:02.255000 02:00,Usługa,PL 00044 Poznan 03 Hetmanska,044,Poznan 03 Hetmanska,Korekta błędnie wbitych strat,korekta błędnie wbitych strat,inne,0.5
SD 171373,Prośba o wyłączenie MOP,2025 07 16 23:40:57.556000 02:00,Usługa,PL 00307 Ostrow Wielkopolski,307,Ostrow Wielkopolski,Prośba o wyłączenie MOP,prośba o wyłączenie mop,MOP Prośba o włączenie/wyłączenie,0.9
SD 171372,Mystore Kasetka foe63 widnieje jako zalogowana,2025 07 16 23:39:09.990000 02:00,Incydent,pl 00708,708,pl 00708,Mystore Kasetka foe63 widnieje jako zalogowana,mystore kasetka foe63 widnieje jako zalogowana,inne,0.5
SD 171371,MOP Prośba o włączenie/wyłączenie,2025 07 16 23:39:06.309000 02:00,Usługa,PL 00466 W wa 50 Zachodnia,466,W wa 50 Zachodnia,MOP Prośba o włączenie/wyłączenie,mop prośba o włączenie/wyłączenie,MOP Prośba o włączenie/wyłączenie,0.9
SD 171370,Bark czasów,2025 07 16 23:39:01.357000 02:00,Incydent,PL 00352 MOP Lozienica,352,MOP Lozienica,Bark czasów,bark czasów,inne,0.5
SD 171368,"Problem z zamknięciem POS06 nie przeszło na kasie, z której był zamykany dzień.",2025 07 16 23:30:18.200000 02:00,Incydent,PL 00462 Airport Airside,462,Airport Airside,"Problem z zamknięciem POS06 nie przeszło na kasie, z której był zamykany dzień.","problem z zamknięciem pos06 nie przeszło na kasie, z której był zamykany dzień.",Newpos Zamknięcie nie przeszło na kasie z której był zamykany dzień,0.9
SD 171366,Głuchy telefon,2025 07 16 23:28:15.738000 02:00,Usługa,PL 00740 MOP S6 Kamien Polnoc,740,MOP S6 Kamien Polnoc,Głuchy telefon,głuchy telefon,inne,0.5
SD 171365,MOP Prośba o włączenie/wyłączenie,2025 07 16 23:25:10.753000 02:00,Usługa,pl 00702,702,pl 00702,MOP Prośba o włączenie/wyłączenie,mop prośba o włączenie/wyłączenie,MOP Prośba o włączenie/wyłączenie,0.9
SD 171363,Nie działa dotyk w dolnej części ekranu,2025 07 16 23:23:06.659000 02:00,Poważny Incydent,PL 00014 Zakopane 1,014,Zakopane 1,Nie działa dotyk w dolnej części ekranu,nie działa dotyk w dolnej części ekranu,inne,0.5
SD 171361,Prośba o wyłączenie MOP.,2025 07 16 23:18:50.375000 02:00,Usługa,pl 00684,684,pl 00684,Prośba o wyłączenie MOP.,prośba o wyłączenie mop.,MOP Prośba o włączenie/wyłączenie,0.9
SD 171360,MOP Prośba o włączenie/wyłączenie,2025 07 16 23:14:34.955000 02:00,Usługa,MOP Stobiecko Szlacheckie Zach,Nieznany,MOP Stobiecko Szlacheckie Zach,MOP Prośba o włączenie/wyłączenie,mop prośba o włączenie/wyłączenie,MOP Prośba o włączenie/wyłączenie,0.9
SD 171357,Waystaion offline Brak przyczyny wystąpienia,2025 07 16 23:08:18.133000 02:00,Incydent,PL 00142 Gdynia 03 Spoldzielnia,142,Gdynia 03 Spoldzielnia,Waystaion offline Brak przyczyny wystąpienia,waystaion offline brak przyczyny wystąpienia,POS/CSO waystation offline,0.9
SD 171356,mleko,2025 07 16 23:07:11.577000 02:00,Usługa,PL 00643 Bytow,643,Bytow,mleko,mleko,inne,0.5
SD 171354,Telefon z pytaniem o aktualiację Sesame,2025 07 16 23:06:50.380000 02:00,Usługa,PL 00251 Olsztyn 2,251,Olsztyn 2,Telefon z pytaniem o aktualiację Sesame,telefon z pytaniem o aktualiację sesame,inne,0.5
SD 171352,skaner na kiosku 30 nie skanuje kodów,2025 07 16 23:05:25.488000 02:00,Incydent,PL 00014 Zakopane 1,014,Zakopane 1,skaner na kiosku 30 nie skanuje kodów,skaner na kiosku 30 nie skanuje kodów,inne,0.5
SD 171351,TR Zablokowany Tr Nie przechodzi zamkniecie dnia biznesowego,2025 07 16 23:04:21.632000 02:00,Incydent,PL 00693 Brzeg,693,Brzeg,TR Zablokowany Tr Nie przechodzi zamkniecie dnia biznesowego,tr zablokowany tr nie przechodzi zamkniecie dnia biznesowego,inne,0.5
SD 171350,Kasa czyta zamkniętą szufladę jako otwartą,2025 07 16 23:04:11.215000 02:00,Incydent,PL 00423 Strzegom,423,Strzegom,Kasa czyta zamkniętą szufladę jako otwartą,kasa czyta zamkniętą szufladę jako otwartą,inne,0.5
SD 171349,Nie można zalogować się na laptopa pracowniczego.,2025 07 16 23:03:34.460000 02:00,Incydent,PL 00323 Biala Podlaska,323,Biala Podlaska,Nie można zalogować się na laptopa pracowniczego.,nie można zalogować się na laptopa pracowniczego.,MyStore background service nie gotowy/nie można się zalogować,0.9
SD 171347,Mystore Brak możliwosci zmiany hasła,2025 07 16 22:50:29.259000 02:00,Incydent,PL 00653 Czestochowa Południe Autohof,653,Czestochowa Południe Autohof,Mystore Brak możliwosci zmiany hasła,mystore brak możliwosci zmiany hasła,inne,0.5
SD 171346,Prośba o wyłączenie MOP,2025 07 16 22:50:21.766000 02:00,Usługa,PL 00323 Biala Podlaska,323,Biala Podlaska,Prośba o wyłączenie MOP,prośba o wyłączenie mop,MOP Prośba o włączenie/wyłączenie,0.9
SD 171345,Mop prośba o wyłączenie usługi,2025 07 16 22:48:09.623000 02:00,Usługa,PL 00245 Poznan 11 Komorniki,245,Poznan 11 Komorniki,Mop prośba o wyłączenie usługi,mop prośba o wyłączenie usługi,MOP Prośba o włączenie/wyłączenie,0.9
SD 171344,KVS18 nie pinguje,2025 07 16 22:46:44.554000 02:00,Incydent,PL 00540 Krakow Sliwiaka,540,Krakow Sliwiaka,KVS18 nie pinguje,kvs18 nie pinguje,inne,0.5
SD 171343,Prośba o włączenie serwerów.,2025 07 16 22:46:31.862000 02:00,Incydent,PL 00127 W wa 18 Ursynow,127,W wa 18 Ursynow,Prośba o włączenie serwerów.,prośba o włączenie serwerów.,inne,0.5
SD 171342,Błąd podczas zamykania dnia na urządzeniach,2025 07 16 22:37:35.225000 02:00,Incydent,PL 00309 W wa 42 Janki 2,309,W wa 42 Janki 2,Błąd podczas zamykania dnia na urządzeniach,błąd podczas zamykania dnia na urządzeniach,inne,0.5
SD 171341,MS9 Użytkownik zablokowany.,2025 07 16 22:36:03.962000 02:00,Incydent,PL 00575 Czechowice Dziedzice,575,Czechowice Dziedzice,MS9 Użytkownik zablokowany.,ms9 użytkownik zablokowany.,inne,0.5
SD 171339,błąd wysyłania poprawek odbić czasowych do TR,2025 07 16 22:29:47.536000 02:00,Incydent,PL 00693 Brzeg,693,Brzeg,błąd wysyłania poprawek odbić czasowych do TR,błąd wysyłania poprawek odbić czasowych do tr,inne,0.5
SD 171338,Prośba o zablokowanie MOP.,2025 07 16 22:26:50.072000 02:00,Usługa,PL 00267 W wa 38 Solidarnosci,267,W wa 38 Solidarnosci,Prośba o zablokowanie MOP.,prośba o zablokowanie mop.,MOP Prośba o włączenie/wyłączenie,0.9
SD 171337,Pytanie o testy z checklisty dotyczącej Sesame,2025 07 16 22:25:04.915000 02:00,Usługa,PL 00320 Klodzko,320,Klodzko,Pytanie o testy z checklisty dotyczącej Sesame,pytanie o testy z checklisty dotyczącej sesame,inne,0.5
SD 171336,POS06 Brak kafelków na pos,2025 07 16 22:23:21.466000 02:00,Incydent,PL 00507 Wrocław 21 CH Wroclavia,507,Wrocław 21 CH Wroclavia,POS06 Brak kafelków na pos,pos06 brak kafelków na pos,POS brak kafelków,0.9
SD 171335,RE: McDonald s Poland Coates Support Case 00376866 Acknowledgment,2025 07 16 22:23:21.457000 02:00,Usługa,PL 00105 Radom 2 Ustronie,105,Radom 2 Ustronie,RE: McDonald s Poland Coates Support Case 00376866 Acknowledgment,re: mcdonald s poland coates support case 00376866 acknowledgment,inne,0.5
SD 171333,Pytanie o aktualizację Sesame,2025 07 16 22:21:51.886000 02:00,Usługa,pl 00708,708,pl 00708,Pytanie o aktualizację Sesame,pytanie o aktualizację sesame,inne,0.5
SD 171332,Połączenie,2025 07 16 22:16:58.084000 02:00,Incydent,PL 00323 Biala Podlaska,323,Biala Podlaska,Połączenie,połączenie,inne,0.5
SD 171331,RHS prośba o bezpieczne wyłączenie,2025 07 16 22:13:38.585000 02:00,Incydent,PL 00127 W wa 18 Ursynow,127,W wa 18 Ursynow,RHS prośba o bezpieczne wyłączenie,rhs prośba o bezpieczne wyłączenie,inne,0.5
SD 171330,MOP Prośba o włączenie/wyłączenie,2025 07 16 22:10:38.183000 02:00,Usługa,PL 00367 Wroclaw 18 SkyTower,367,Wroclaw 18 SkyTower,MOP Prośba o włączenie/wyłączenie,mop prośba o włączenie/wyłączenie,MOP Prośba o włączenie/wyłączenie,0.9
SD 171329,Zapytanie o aktualizację.,2025 07 16 21:59:27.585000 02:00,Usługa,pl 00626,626,pl 00626,Zapytanie o aktualizację.,zapytanie o aktualizację.,inne,0.5
SD 171326,Paragony bez kodów QR,2025 07 16 21:55:58.689000 02:00,Incydent,PL 00439 Oswiecim,439,Oswiecim,Paragony bez kodów QR,paragony bez kodów qr,inne,0.5
SD 171325,pytanie o aktualizacje systemu kasowego,2025 07 16 21:55:53.223000 02:00,Usługa,PL 00020 W wa 04 Przejscie,020,W wa 04 Przejscie,pytanie o aktualizacje systemu kasowego,pytanie o aktualizacje systemu kasowego,inne,0.5
SD 171323,Zły adres email,2025 07 16 21:37:55.290000 02:00,Incydent,PL 00419 MOP Brwinow A2 North,419,MOP Brwinow A2 North,Zły adres email,zły adres email,inne,0.5
SD 171322,MyStore Raport sprdzedaży godzinowej nie pobiera danych od godziny 19:20,2025 07 16 21:36:31.081000 02:00,Usługa,pl 00696,696,pl 00696,MyStore Raport sprdzedaży godzinowej nie pobiera danych od godziny 19:20,mystore raport sprdzedaży godzinowej nie pobiera danych od godziny 19:20,inne,0.5
SD 171321,Rekaukulacja,2025 07 16 21:31:57.312000 02:00,Incydent,PL 00352 MOP Lozienica,352,MOP Lozienica,Rekaukulacja,rekaukulacja,inne,0.5
SD 171320,Po awarii prądu nie załadowały się KVSy,2025 07 16 21:26:41.304000 02:00,Incydent,PL 00342 Lubliniec,342,Lubliniec,Po awarii prądu nie załadowały się KVSy,po awarii prądu nie załadowały się kvsy,inne,0.5
SD 171319,tr zła godzina,2025 07 16 21:17:13.118000 02:00,Incydent,PL 00082 W wa 12 Radzyminska,082,W wa 12 Radzyminska,tr zła godzina,tr zła godzina,inne,0.5
SD 171317,POS24 zacięta na 50% ładowania,2025 07 16 21:16:33.842000 02:00,Incydent,PL 00644 Walbrzych 2,644,Walbrzych 2,POS24 zacięta na 50% ładowania,pos24 zacięta na 50% ładowania,POS/CSO zawieszony,0.9
SD 171316,KVS11 po awarii prądu przesunął się dotyk na ekranie,2025 07 16 21:12:58.296000 02:00,Incydent,PL 00122 Poznan 08 Baranowo,122,Poznan 08 Baranowo,KVS11 po awarii prądu przesunął się dotyk na ekranie,kvs11 po awarii prądu przesunął się dotyk na ekranie,inne,0.5
SD 171315,Telefon od policji,2025 07 16 21:03:24.742000 02:00,Usługa,pl asista,Asystent,Asystent systemowy,Telefon od policji,telefon od policji,inne,0.5
SD 171313,COD skaner skanuje odwrotnie,2025 07 16 20:49:24.636000 02:00,Incydent,PL 00240 Tczew,240,Tczew,COD skaner skanuje odwrotnie,cod skaner skanuje odwrotnie,inne,0.5
SD 171312,Mystore brak czasów w raporcie szybkości obsługi,2025 07 16 20:45:30.577000 02:00,Incydent,PL 00260 W wa 37 Arkadia,260,W wa 37 Arkadia,Mystore brak czasów w raporcie szybkości obsługi,mystore brak czasów w raporcie szybkości obsługi,MyStore brak czasów szybkości obsługi,0.9
SD 171311,Zapytanie o blokowanie zamówień MOP,2025 07 16 20:40:32.450000 02:00,Incydent,pl 00655,655,pl 00655,Zapytanie o blokowanie zamówień MOP,zapytanie o blokowanie zamówień mop,inne,0.5
SD 171310,Zestaw Family inne ceny na ikonach i na podsumowaniu,2025 07 16 20:37:42.620000 02:00,Incydent,PL 00374 W wa 47 Wal Miedzeszynski,374,W wa 47 Wal Miedzeszynski,Zestaw Family inne ceny na ikonach i na podsumowaniu,zestaw family inne ceny na ikonach i na podsumowaniu,inne,0.5
SD 171309,cso25 paragon zły adres,2025 07 16 20:37:19.484000 02:00,Incydent,PL 00300 W wa 41 Zlote Tarasy,300,W wa 41 Zlote Tarasy,cso25 paragon zły adres,cso25 paragon zły adres,inne,0.5
SD 171308,drukarka mop co jakiś czas przestaje pingowac,2025 07 16 20:23:36.399000 02:00,Incydent,PL 00032 W wa 06 Janki,032,W wa 06 Janki,drukarka mop co jakiś czas przestaje pingowac,drukarka mop co jakiś czas przestaje pingowac,inne,0.5
SD 171307,CFS brak podglądu kamery linii 1,2025 07 16 20:20:37.578000 02:00,Incydent,PL 00711 Zywiec 2,711,Zywiec 2,CFS brak podglądu kamery linii 1,cfs brak podglądu kamery linii 1,inne,0.5
SD 171306,Zapytanie o tablet/aktualizacje HoC,2025 07 16 20:15:52.708000 02:00,Usługa,PL 00300 W wa 41 Zlote Tarasy,300,W wa 41 Zlote Tarasy,Zapytanie o tablet/aktualizacje HoC,zapytanie o tablet/aktualizacje hoc,inne,0.5
SD 171305,Mystore zbyt duże zużycie na napoju owsianym,2025 07 16 20:06:49.283000 02:00,Incydent,PL 00211 W wa 29 Lazurowa,211,W wa 29 Lazurowa,Mystore zbyt duże zużycie na napoju owsianym,mystore zbyt duże zużycie na napoju owsianym,inne,0.5
SD 171304,POS01 brak kafelków,2025 07 16 19:58:37.461000 02:00,Incydent,PL 00342 Lubliniec,342,Lubliniec,POS01 brak kafelków,pos01 brak kafelków,POS brak kafelków,0.9
SD 171302,McDonald s Poland Coates Support Case 00376866 Acknowledgment,2025 07 16 19:46:21.660000 02:00,Usługa,pl asista,Asystent,Asystent systemowy,McDonald s Poland Coates Support Case 00376866 Acknowledgment,mcdonald s poland coates support case 00376866 acknowledgment,inne,0.5
SD 171301,POS02 nie pinguje,2025 07 16 19:37:25.285000 02:00,Incydent,PL 00070 Lodz 04 Lodka,070,Lodz 04 Lodka,POS02 nie pinguje,pos02 nie pinguje,inne,0.5
SD 171300,Spadek,2025 07 16 19:35:48.139000 02:00,Usługa,PL 00354 Ostroleka,354,Ostroleka,Spadek,spadek,inne,0.5
SD 171299,CSO28 Termina Bład połączenia,2025 07 16 19:24:38.443000 02:00,Incydent,PL 00346 Szczecin 7 ECE,346,Szczecin 7 ECE,CSO28 Termina Bład połączenia,cso28 termina bład połączenia,inne,0.5
SD 171298,POS24 Drukarka fiskalna nie drukuje paragonów,2025 07 16 19:23:02.254000 02:00,Incydent,PL 00475 Rawa Mazowiecka,475,Rawa Mazowiecka,POS24 Drukarka fiskalna nie drukuje paragonów,pos24 drukarka fiskalna nie drukuje paragonów,inne,0.5
SD 171297,drukarka zle drukuje,2025 07 16 19:15:37.662000 02:00,Incydent,PL 00560 Lask,560,Lask,drukarka zle drukuje,drukarka zle drukuje,inne,0.5
SD 171296,Brak informacji o zamówieniu specjalnym,2025 07 16 19:13:05.152000 02:00,Incydent,PL 00496 Knurow,496,Knurow,Brak informacji o zamówieniu specjalnym,brak informacji o zamówieniu specjalnym,inne,0.5
SD 171295,skończyła się promocja,2025 07 16 19:04:46.279000 02:00,Incydent,PL 00530 Bielsko Biała Park Gemini,530,Bielsko Biała Park Gemini,skończyła się promocja,skończyła się promocja,inne,0.5
SD 171294,Pobrana opłata,2025 07 16 18:55:24.123000 02:00,Incydent,Szczecin Hakena PL 00680,680,Szczecin Hakena,Pobrana opłata,pobrana opłata,inne,0.5
SD 171293,"oDMB double left Czarny, nie wyświetla contentu",2025 07 16 18:44:57.456000 02:00,Incydent,PL 00165 Czeladz 2,165,Czeladz 2,"oDMB double left Czarny, nie wyświetla contentu","odmb double left czarny, nie wyświetla contentu",inne,0.5
SD 171290,Korekta błędnie wbitych strat,2025 07 16 18:18:56.489000 02:00,Usługa,PL 00168 Tarnow 2,168,Tarnow 2,Korekta błędnie wbitych strat,korekta błędnie wbitych strat,inne,0.5
SD 171289,Ekran prezentera,2025 07 16 18:13:38.646000 02:00,Incydent,PL 00693 Brzeg,693,Brzeg,Ekran prezentera,ekran prezentera,inne,0.5
SD 171284,RE: McDonald s Poland Coates Support Case 00375472 Acknowledgment,2025 07 16 17:50:21.730000 02:00,Usługa,pl asista,Asystent,Asystent systemowy,RE: McDonald s Poland Coates Support Case 00375472 Acknowledgment,re: mcdonald s poland coates support case 00375472 acknowledgment,inne,0.5
SD 171283,POS07 niedziałający skaner,2025 07 16 17:43:56.201000 02:00,Incydent,PL 00168 Tarnow 2,168,Tarnow 2,POS07 niedziałający skaner,pos07 niedziałający skaner,POS/CSO/DT skaner nie działa,0.9
SD 171281,POS24 zablokowane McShakersy,2025 07 16 17:39:35.105000 02:00,Incydent,PL 00527 Elk,527,Elk,POS24 zablokowane McShakersy,pos24 zablokowane mcshakersy,inne,0.5
SD 171280,pos24 uszkodzony terminal,2025 07 16 17:34:34.998000 02:00,Incydent,PL 00160 Radom 4 Czarnieckiego,160,Radom 4 Czarnieckiego,pos24 uszkodzony terminal,pos24 uszkodzony terminal,Terminal nie działa,0.9
SD 171279,Brak dostawy widocznej w mystore mimo zaksięgowania w HaviConnect,2025 07 16 17:24:06.157000 02:00,Incydent,PL 00190 Zyrardow,190,Zyrardow,Brak dostawy widocznej w mystore mimo zaksięgowania w HaviConnect,brak dostawy widocznej w mystore mimo zaksięgowania w haviconnect,inne,0.5
SD 171278,kiosk 31 nie ucina paragonów,2025 07 16 17:23:49.527000 02:00,Incydent,PL 00560 Lask,560,Lask,kiosk 31 nie ucina paragonów,kiosk 31 nie ucina paragonów,inne,0.5
SD 171277,Mystore problem z zalogowaniem,2025 07 16 17:22:44.822000 02:00,Incydent,PL 00462 Airport Airside,462,Airport Airside,Mystore problem z zalogowaniem,mystore problem z zalogowaniem,inne,0.5
SD 171275,Problem z internetem w restauracji,2025 07 16 17:04:07.060000 02:00,Incydent,PL 00628 Mop Zakrzew Wschod,628,Mop Zakrzew Wschod,Problem z internetem w restauracji,problem z internetem w restauracji,inne,0.5
SD 171274,Zamówienia wskakują z opóźnieniem,2025 07 16 17:03:24.554000 02:00,Incydent,PL 00595 Znin,595,Znin,Zamówienia wskakują z opóźnieniem,zamówienia wskakują z opóźnieniem,inne,0.5
SD 171273,test,2025 07 16 17:01:29.447000 02:00,Incydent,Artur Cholewski,Nieznany,Artur Cholewski,test,test,inne,0.5
SD 171272,raport szybkości obsługi nie ładuje się od 14:00,2025 07 16 16:59:27.746000 02:00,Incydent,PL 00437 MOP Wisniowa Gora A1 W,437,MOP Wisniowa Gora A1 W,raport szybkości obsługi nie ładuje się od 14:00,raport szybkości obsługi nie ładuje się od 14:00,inne,0.5
SD 171271,Przy kioski nr 30 drukuje paragony bez kodu qr,2025 07 16 16:59:02.860000 02:00,Incydent,PL 00481 MOP Chojny Wieluń S8 E,481,MOP Chojny Wieluń S8 E,Przy kioski nr 30 drukuje paragony bez kodu qr,przy kioski nr 30 drukuje paragony bez kodu qr,inne,0.5
SD 171270,Mystore problem z zamknięciem dnia biznesowego,2025 07 16 16:58:36.014000 02:00,Incydent,pl 00759,759,pl 00759,Mystore problem z zamknięciem dnia biznesowego,mystore problem z zamknięciem dnia biznesowego,inne,0.5
SD 171268,Backoffice i OfficePC działają powolnie,2025 07 16 16:51:58.489000 02:00,Incydent,PL 00675 MOP S8 Budykierz,675,MOP S8 Budykierz,Backoffice i OfficePC działają powolnie,backoffice i officepc działają powolnie,inne,0.5
SD 171267,laptop personalnej drukarka nie drukuje,2025 07 16 16:45:40.365000 02:00,Incydent,PL 00521 Echa Lesne,521,Echa Lesne,laptop personalnej drukarka nie drukuje,laptop personalnej drukarka nie drukuje,inne,0.5
SD 171266,MOP zamówienia nie drukują się / odrzuca zamówienia,2025 07 16 16:43:00.677000 02:00,Incydent,PL 00127 W wa 18 Ursynow,127,W wa 18 Ursynow,MOP zamówienia nie drukują się / odrzuca zamówienia,mop zamówienia nie drukują się / odrzuca zamówienia,Autorelease nie wpada automatycznie,0.9
SD 171265,TimeRecorder Nie reaguje na dotyk,2025 07 16 16:37:55.922000 02:00,Incydent,PL 00319 Krakow 15 Czyzyny,319,Krakow 15 Czyzyny,TimeRecorder Nie reaguje na dotyk,timerecorder nie reaguje na dotyk,inne,0.5
SD 171264,zbyt słaby zasięg internetu,2025 07 16 16:36:07.568000 02:00,Incydent,PL 00507 Wrocław 21 CH Wroclavia,507,Wrocław 21 CH Wroclavia,zbyt słaby zasięg internetu,zbyt słaby zasięg internetu,inne,0.5
SD 171263,Kody logowanie do Asisty site 457,2025 07 16 16:34:22.024000 02:00,Usługa,PL 00457 Wroclaw 20 Dworzec PKP 2,457,Wroclaw 20 Dworzec PKP 2,Kody logowanie do Asisty site 457,kody logowanie do asisty site 457,inne,0.5
SD 171262,CSO25 Pytanie o płatność blik,2025 07 16 16:24:57.563000 02:00,Incydent,pl 00707,707,pl 00707,CSO25 Pytanie o płatność blik,cso25 pytanie o płatność blik,inne,0.5
SD 171260,Drukarka biurowa problem z wydrukowaniem,2025 07 16 16:21:59.983000 02:00,Incydent,PL 00155 Poznan 10 Kino,155,Poznan 10 Kino,Drukarka biurowa problem z wydrukowaniem,drukarka biurowa problem z wydrukowaniem,inne,0.5
SD 171259,Aktualizacja Systemu Kasowego Sesame HoC 1,2025 07 16 16:21:39.717000 02:00,Usługa,pl 00745,745,pl 00745,Aktualizacja Systemu Kasowego Sesame HoC 1,aktualizacja systemu kasowego sesame hoc 1,inne,0.5
SD 171258,Aktualizacja Systemu Kasowego Sesame HoC 1,2025 07 16 16:21:06.654000 02:00,Usługa,pl 00733,733,pl 00733,Aktualizacja Systemu Kasowego Sesame HoC 1,aktualizacja systemu kasowego sesame hoc 1,inne,0.5
SD 171257,KVS11 zacięty ekran,2025 07 16 16:20:13.084000 02:00,Incydent,PL 00516 Czluchow,516,Czluchow,KVS11 zacięty ekran,kvs11 zacięty ekran,inne,0.5
SD 171256,Aktualizacja Systemu Kasowego Sesame HoC 1,2025 07 16 16:20:04.588000 02:00,Usługa,MOP Stobiecko Szlacheckie Zach,Nieznany,MOP Stobiecko Szlacheckie Zach,Aktualizacja Systemu Kasowego Sesame HoC 1,aktualizacja systemu kasowego sesame hoc 1,inne,0.5
SD 171255,Aktualizacja Systemu Kasowego Sesame HoC 1,2025 07 16 16:19:34.726000 02:00,Usługa,MOP Stobiecko Szlacheckie Wschod,Nieznany,MOP Stobiecko Szlacheckie Wschod,Aktualizacja Systemu Kasowego Sesame HoC 1,aktualizacja systemu kasowego sesame hoc 1,inne,0.5
SD 171254,Aktualizacja Systemu Kasowego Sesame HoC 1,2025 07 16 16:19:05.199000 02:00,Usługa,pl 00708,708,pl 00708,Aktualizacja Systemu Kasowego Sesame HoC 1,aktualizacja systemu kasowego sesame hoc 1,inne,0.5
SD 171253,Aktualizacja Systemu Kasowego Sesame HoC 1,2025 07 16 16:18:41.312000 02:00,Usługa,pl 00707,707,pl 00707,Aktualizacja Systemu Kasowego Sesame HoC 1,aktualizacja systemu kasowego sesame hoc 1,inne,0.5
SD 171252,Aktualizacja Systemu Kasowego Sesame HoC 1,2025 07 16 16:17:35.317000 02:00,Usługa,pl 00702,702,pl 00702,Aktualizacja Systemu Kasowego Sesame HoC 1,aktualizacja systemu kasowego sesame hoc 1,inne,0.5
SD 171251,Aktualizacja Systemu Kasowego Sesame HoC 1,2025 07 16 16:17:11.760000 02:00,Usługa,pl 00696,696,pl 00696,Aktualizacja Systemu Kasowego Sesame HoC 1,aktualizacja systemu kasowego sesame hoc 1,inne,0.5
SD 171250,Aktualizacja Systemu Kasowego Sesame HoC 1,2025 07 16 16:16:51.175000 02:00,Usługa,pl 00684,684,pl 00684,Aktualizacja Systemu Kasowego Sesame HoC 1,aktualizacja systemu kasowego sesame hoc 1,inne,0.5
SD 171249,Pytanie o kod do blokowania,2025 07 16 16:16:45.658000 02:00,Incydent,PL 00489 MOP KĘPNICA A4 S,489,MOP KĘPNICA A4 S,Pytanie o kod do blokowania,pytanie o kod do blokowania,inne,0.5
SD 171248,Błedny numer na raportach fiskalnych dobowych,2025 07 16 16:16:33.760000 02:00,Incydent,PL 00312 Czestochowa 6,312,Czestochowa 6,Błedny numer na raportach fiskalnych dobowych,błedny numer na raportach fiskalnych dobowych,inne,0.5
SD 171247,Aktualizacja Systemu Kasowego Sesame HoC 1,2025 07 16 16:15:39.709000 02:00,Usługa,pl 00663,663,pl 00663,Aktualizacja Systemu Kasowego Sesame HoC 1,aktualizacja systemu kasowego sesame hoc 1,inne,0.5
SD 171246,MOP prośba o włączenie / wyłączenie,2025 07 16 16:14:30.322000 02:00,Usługa,PL 00127 W wa 18 Ursynow,127,W wa 18 Ursynow,MOP prośba o włączenie / wyłączenie,mop prośba o włączenie / wyłączenie,MOP Prośba o włączenie/wyłączenie,0.9
SD 171244,Aktualizacja Systemu Kasowego Sesame HoC 1,2025 07 16 16:13:34.946000 02:00,Usługa,pl 00655,655,pl 00655,Aktualizacja Systemu Kasowego Sesame HoC 1,aktualizacja systemu kasowego sesame hoc 1,inne,0.5
SD 171243,Aktualizacja Systemu Kasowego Sesame HoC 1,2025 07 16 16:12:24.837000 02:00,Usługa,PL 00627 MOP Paszczyna Polnoc,627,MOP Paszczyna Polnoc,Aktualizacja Systemu Kasowego Sesame HoC 1,aktualizacja systemu kasowego sesame hoc 1,inne,0.5
SD 171242,Aktualizacja Systemu Kasowego Sesame HoC 1,2025 07 16 16:12:00.078000 02:00,Usługa,pl 00626,626,pl 00626,Aktualizacja Systemu Kasowego Sesame HoC 1,aktualizacja systemu kasowego sesame hoc 1,inne,0.5
SD 171241,Aktualizacja Systemu Kasowego Sesame HoC 1,2025 07 16 16:11:23.706000 02:00,Usługa,PL 00622 Lukow,622,Lukow,Aktualizacja Systemu Kasowego Sesame HoC 1,aktualizacja systemu kasowego sesame hoc 1,inne,0.5
SD 171240,Aktualizacja Systemu Kasowego Sesame HoC 1,2025 07 16 16:10:53.444000 02:00,Usługa,PL 00617 Wejherowo,617,Wejherowo,Aktualizacja Systemu Kasowego Sesame HoC 1,aktualizacja systemu kasowego sesame hoc 1,inne,0.5
SD 171239,Aktualizacja Systemu Kasowego Sesame HoC 1,2025 07 16 16:10:15.968000 02:00,Usługa,PL 00600 Zabkowice,600,Zabkowice,Aktualizacja Systemu Kasowego Sesame HoC 1,aktualizacja systemu kasowego sesame hoc 1,inne,0.5
SD 171238,Raport z serwisowanej drukarki,2025 07 16 16:09:49.642000 02:00,Incydent,Karolina Zwierzykowska,Nieznany,Karolina Zwierzykowska,Raport z serwisowanej drukarki,raport z serwisowanej drukarki,inne,0.5
SD 171237,Aktualizacja Systemu Kasowego Sesame HoC 1,2025 07 16 16:09:22.390000 02:00,Usługa,PL 00595 Znin,595,Znin,Aktualizacja Systemu Kasowego Sesame HoC 1,aktualizacja systemu kasowego sesame hoc 1,inne,0.5
SD 171236,Zgloszenie serwisowe CR.240 zapytanie czy pinguje,2025 07 16 16:08:53.260000 02:00,Usługa,PL 00073 Bialystok 1,073,Bialystok 1,Zgloszenie serwisowe CR.240 zapytanie czy pinguje,zgloszenie serwisowe cr.240 zapytanie czy pinguje,inne,0.5
SD 171235,Aktualizacja Systemu Kasowego Sesame HoC 1,2025 07 16 16:08:48.689000 02:00,Usługa,PL 00586 Mlawa,586,Mlawa,Aktualizacja Systemu Kasowego Sesame HoC 1,aktualizacja systemu kasowego sesame hoc 1,inne,0.5
SD 171234,Aktualizacja Systemu Kasowego Sesame HoC 1,2025 07 16 16:08:18.429000 02:00,Usługa,pl 00567,567,pl 00567,Aktualizacja Systemu Kasowego Sesame HoC 1,aktualizacja systemu kasowego sesame hoc 1,inne,0.5
SD 171233,Aktualizacja Systemu Kasowego Sesame HoC 1,2025 07 16 16:07:55.236000 02:00,Usługa,pl 00555,555,pl 00555,Aktualizacja Systemu Kasowego Sesame HoC 1,aktualizacja systemu kasowego sesame hoc 1,inne,0.5
SD 171232,Aktualizacja Systemu Kasowego Sesame HoC 1,2025 07 16 16:07:24.961000 02:00,Usługa,PL 00482 W Wa 54 Wschodnia,482,W Wa 54 Wschodnia,Aktualizacja Systemu Kasowego Sesame HoC 1,aktualizacja systemu kasowego sesame hoc 1,inne,0.5
SD 171231,Aktualizacja Systemu Kasowego Sesame HoC 1,2025 07 16 16:07:01.265000 02:00,Usługa,PL 00466 W wa 50 Zachodnia,466,W wa 50 Zachodnia,Aktualizacja Systemu Kasowego Sesame HoC 1,aktualizacja systemu kasowego sesame hoc 1,inne,0.5
SD 171230,Aktualizacja Systemu Kasowego Sesame HoC 1,2025 07 16 16:06:35.518000 02:00,Usługa,PL 00455 Grodzisk Wielkopolski,455,Grodzisk Wielkopolski,Aktualizacja Systemu Kasowego Sesame HoC 1,aktualizacja systemu kasowego sesame hoc 1,inne,0.5
SD 171229,CSO30 terminal nie pinguje,2025 07 16 16:06:06.859000 02:00,Poważny Incydent,PL 00638 MOP Urzut S8,638,MOP Urzut S8,CSO30 terminal nie pinguje,cso30 terminal nie pinguje,Terminal nie działa,0.9
SD 171228,Niski poziom zasięgu sieci wi fi,2025 07 16 16:05:14.451000 02:00,Incydent,PL 00740 MOP S6 Kamien Polnoc,740,MOP S6 Kamien Polnoc,Niski poziom zasięgu sieci wi fi,niski poziom zasięgu sieci wi fi,inne,0.5
SD 171227,CSO28 drukarka fiskalna się zacina,2025 07 16 16:03:48.101000 02:00,Incydent,PL 00714 Lodz Nowa Sukcesja,714,Lodz Nowa Sukcesja,CSO28 drukarka fiskalna się zacina,cso28 drukarka fiskalna się zacina,inne,0.5
SD 171226,Aktualizacja Systemu Kasowego Sesame HoC 1,2025 07 16 15:59:20.378000 02:00,Usługa,PL 00323 Biala Podlaska,323,Biala Podlaska,Aktualizacja Systemu Kasowego Sesame HoC 1,aktualizacja systemu kasowego sesame hoc 1,inne,0.5
SD 171225,Aktualizacja Systemu Kasowego Sesame HoC 1,2025 07 16 15:58:57.161000 02:00,Usługa,PL 00320 Klodzko,320,Klodzko,Aktualizacja Systemu Kasowego Sesame HoC 1,aktualizacja systemu kasowego sesame hoc 1,inne,0.5
SD 171224,Aktualizacja Systemu Kasowego Sesame HoC 1,2025 07 16 15:58:23.761000 02:00,Usługa,PL 00307 Ostrow Wielkopolski,307,Ostrow Wielkopolski,Aktualizacja Systemu Kasowego Sesame HoC 1,aktualizacja systemu kasowego sesame hoc 1,inne,0.5
SD 171223,Aktualizacja Systemu Kasowego Sesame HoC 1,2025 07 16 15:57:02.969000 02:00,Usługa,PL 00300 W wa 41 Zlote Tarasy,300,W wa 41 Zlote Tarasy,Aktualizacja Systemu Kasowego Sesame HoC 1,aktualizacja systemu kasowego sesame hoc 1,inne,0.5
SD 171222,Aktualizacja Systemu Kasowego Sesame HoC 1,2025 07 16 15:55:30.722000 02:00,Usługa,PL 00300 W wa 41 Zlote Tarasy,300,W wa 41 Zlote Tarasy,Aktualizacja Systemu Kasowego Sesame HoC 1,aktualizacja systemu kasowego sesame hoc 1,inne,0.5
SD 171221,Aktualizacja Systemu Kasowego Sesame HoC 1,2025 07 16 15:55:09.190000 02:00,Usługa,PL 00271 Siedlce,271,Siedlce,Aktualizacja Systemu Kasowego Sesame HoC 1,aktualizacja systemu kasowego sesame hoc 1,inne,0.5
SD 171220,Aktualizacja Systemu Kasowego Sesame HoC 1,2025 07 16 15:54:53.472000 02:00,Usługa,PL 00251 Olsztyn 2,251,Olsztyn 2,Aktualizacja Systemu Kasowego Sesame HoC 1,aktualizacja systemu kasowego sesame hoc 1,inne,0.5
SD 171219,Aktualizacja Systemu Kasowego Sesame HoC 1,2025 07 16 15:54:26.448000 02:00,Usługa,PL 00245 Poznan 11 Komorniki,245,Poznan 11 Komorniki,Aktualizacja Systemu Kasowego Sesame HoC 1,aktualizacja systemu kasowego sesame hoc 1,inne,0.5
SD 171218,Aktualizacja Systemu Kasowego Sesame HoC 1,2025 07 16 15:52:21.418000 02:00,Usługa,PL 00020 W wa 04 Przejscie,020,W wa 04 Przejscie,Aktualizacja Systemu Kasowego Sesame HoC 1,aktualizacja systemu kasowego sesame hoc 1,inne,0.5
SD 171217,Prace naprawcze po awarii prądu,2025 07 16 15:51:26.888000 02:00,Incydent,PL 00127 W wa 18 Ursynow,127,W wa 18 Ursynow,Prace naprawcze po awarii prądu,prace naprawcze po awarii prądu,inne,0.5
SD 171216,mop brak fiskalizacji zamówień,2025 07 16 15:49:19.502000 02:00,Incydent,PL 00289 MOP Leka,289,MOP Leka,mop brak fiskalizacji zamówień,mop brak fiskalizacji zamówień,MOP brak fiskalizacji,0.9
SD 171215,CR.240 problem z płatnością przy gotówkomacie,2025 07 16 15:46:08.410000 02:00,Incydent,pl 00754,754,pl 00754,CR.240 problem z płatnością przy gotówkomacie,cr.240 problem z płatnością przy gotówkomacie,inne,0.5
SD 171214,EPR02 brak obrazu,2025 07 16 15:42:01.054000 02:00,Incydent,PL 00228 Kepno,228,Kepno,EPR02 brak obrazu,epr02 brak obrazu,inne,0.5
SD 171213,MyStore Nie włącza się aplikacja,2025 07 16 15:39:22.523000 02:00,Incydent,PL 00295 Lubin 2 Cuprum Arena,295,Lubin 2 Cuprum Arena,MyStore Nie włącza się aplikacja,mystore nie włącza się aplikacja,inne,0.5
SD 171212,MyStore brak napoju owsianego,2025 07 16 15:36:24.003000 02:00,Usługa,PL 00239 W wa 35 Dzika,239,W wa 35 Dzika,MyStore brak napoju owsianego,mystore brak napoju owsianego,inne,0.5
SD 171211,brak synchronizacji ekranu,2025 07 16 15:29:26.192000 02:00,Incydent,PL 00592 Jedrzejow,592,Jedrzejow,brak synchronizacji ekranu,brak synchronizacji ekranu,inne,0.5
SD 171210,mystore niepoprawna nazwa użytkownika,2025 07 16 15:24:44.087000 02:00,Incydent,PL 00333 MOP Wymyslow,333,MOP Wymyslow,mystore niepoprawna nazwa użytkownika,mystore niepoprawna nazwa użytkownika,inne,0.5
SD 171209,Prośba o włączenie MOP,2025 07 16 15:24:34.334000 02:00,Usługa,PL 00289 MOP Leka,289,MOP Leka,Prośba o włączenie MOP,prośba o włączenie mop,MOP Prośba o włączenie/wyłączenie,0.9
SD 171206,Stół multimedialny nie można nic kliknąć,2025 07 16 15:00:02.630000 02:00,Incydent,pl 00754,754,pl 00754,Stół multimedialny nie można nic kliknąć,stół multimedialny nie można nic kliknąć,inne,0.5
SD 171205,dzisiaj o godzinie 21.30 zostanie wyłączony prąd w restauracji. Przerwa w dostawie prądu potrwa około 30 minut,2025 07 16 14:57:45.948000 02:00,Incydent,PL 00476 Bydgoszcz 07 Focus,476,Bydgoszcz 07 Focus,dzisiaj o godzinie 21.30 zostanie wyłączony prąd w restauracji. Przerwa w dostawie prądu potrwa około 30 minut,dzisiaj o godzinie 21.30 zostanie wyłączony prąd w restauracji. przerwa w dostawie prądu potrwa około 30 minut,inne,0.5
SD 171204,abs nie nalewa,2025 07 16 14:56:18.046000 02:00,Incydent,PL 00568 Pultusk,568,Pultusk,abs nie nalewa,abs nie nalewa,inne,0.5
SD 171202,Zamówienia Drive wpadają na odwrót,2025 07 16 14:48:40.309000 02:00,Incydent,MOP Wozniki PL 00683,683,MOP Wozniki,Zamówienia Drive wpadają na odwrót,zamówienia drive wpadają na odwrót,inne,0.5
SD 171200,Skaner COD Linia 1 i 2 Nie przekazuje kuponów do kasy,2025 07 16 14:36:21.712000 02:00,Incydent,PL 00475 Rawa Mazowiecka,475,Rawa Mazowiecka,Skaner COD Linia 1 i 2 Nie przekazuje kuponów do kasy,skaner cod linia 1 i 2 nie przekazuje kuponów do kasy,inne,0.5
SD 171199,Korekta błędnie wbitych strat,2025 07 16 14:31:54.451000 02:00,Usługa,PL 00491 Tarnow 3,491,Tarnow 3,Korekta błędnie wbitych strat,korekta błędnie wbitych strat,inne,0.5
SD 171198,kvs17 drukarka nie drukuje,2025 07 16 14:29:49.088000 02:00,Incydent,PL 00319 Krakow 15 Czyzyny,319,Krakow 15 Czyzyny,kvs17 drukarka nie drukuje,kvs17 drukarka nie drukuje,inne,0.5
SD 171197,POS24 Nie chowa się nóż obicnacz,2025 07 16 14:19:29.449000 02:00,Incydent,PL 00489 MOP KĘPNICA A4 S,489,MOP KĘPNICA A4 S,POS24 Nie chowa się nóż obicnacz,pos24 nie chowa się nóż obicnacz,inne,0.5
SD 171196,biały ekran,2025 07 16 14:19:17.461000 02:00,Incydent,Tomasz Pandzich,Nieznany,Tomasz Pandzich,biały ekran,biały ekran,inne,0.5
SD 171195,drukarka boha brak etykiet,2025 07 16 14:14:35.662000 02:00,Incydent,PL 00228 Kepno,228,Kepno,drukarka boha brak etykiet,drukarka boha brak etykiet,inne,0.5
SD 171194,KVS19 mimo włączonego ABS wyświetlają się napoje,2025 07 16 14:13:16.524000 02:00,Incydent,PL 00319 Krakow 15 Czyzyny,319,Krakow 15 Czyzyny,KVS19 mimo włączonego ABS wyświetlają się napoje,kvs19 mimo włączonego abs wyświetlają się napoje,inne,0.5
SD 171193,POS19 brak kafelków,2025 07 16 14:08:15.713000 02:00,Incydent,PL 00319 Krakow 15 Czyzyny,319,Krakow 15 Czyzyny,POS19 brak kafelków,pos19 brak kafelków,POS brak kafelków,0.9
SD 171192,KVS11 Admin logon po restarcie,2025 07 16 14:05:51.139000 02:00,Incydent,PL 00656 Szczuczyn,656,Szczuczyn,KVS11 Admin logon po restarcie,kvs11 admin logon po restarcie,POS/CSO/KVS admin logon,0.9
SD 171191,Pobrana płatność która nie jest zarejestrowana,2025 07 16 14:01:24.495000 02:00,Incydent,PL 00205 Tychy 2,205,Tychy 2,Pobrana płatność która nie jest zarejestrowana,pobrana płatność która nie jest zarejestrowana,inne,0.5
SD 171189,"CSO28,30,31 Niedostepny",2025 07 16 13:55:34.344000 02:00,Incydent,PL 00437 MOP Wisniowa Gora A1 W,437,MOP Wisniowa Gora A1 W,"CSO28,30,31 Niedostepny","cso28,30,31 niedostepny",CSOxx niedostępny,0.9
SD 171188,Brak zużycia produktów,2025 07 16 13:54:43.761000 02:00,Incydent,PL 00648 Wola Korycka,648,Wola Korycka,Brak zużycia produktów,brak zużycia produktów,Mystore brak zużycia,0.9
SD 171187,Spadek niekwalifikujący się,2025 07 16 13:50:37.865000 02:00,Usługa,PL 00218 Krakow 09 Bora,218,Krakow 09 Bora,Spadek niekwalifikujący się,spadek niekwalifikujący się,inne,0.5
SD 171185,KVS17 gpr nie drukuje opisek,2025 07 16 13:48:20.020000 02:00,Incydent,PL 00395 Siedlce 02 Galeria S,395,Siedlce 02 Galeria S,KVS17 gpr nie drukuje opisek,kvs17 gpr nie drukuje opisek,inne,0.5
SD 171178,Brak zamówień z Pyszne w dniu dzisiejszym,2025 07 16 13:46:27.448000 02:00,Usługa,PL 00008 Czestochowa 1,008,Czestochowa 1,Brak zamówień z Pyszne w dniu dzisiejszym,brak zamówień z pyszne w dniu dzisiejszym,inne,0.5
SD 171177,Pobiera pieniądze ale nie zlicza do płatności,2025 07 16 13:44:45.591000 02:00,Incydent,PL 00264 Lodz 13 Manufaktura,264,Lodz 13 Manufaktura,Pobiera pieniądze ale nie zlicza do płatności,pobiera pieniądze ale nie zlicza do płatności,inne,0.5
SD 171175,Cashrecycler błąd restart 11,2025 07 16 13:40:20.879000 02:00,Incydent,PL 00455 Grodzisk Wielkopolski,455,Grodzisk Wielkopolski,Cashrecycler błąd restart 11,cashrecycler błąd restart 11,inne,0.5
SD 171173,POS01 Problem z płatnościami,2025 07 16 13:36:22.780000 02:00,Incydent,PL 00218 Krakow 09 Bora,218,Krakow 09 Bora,POS01 Problem z płatnościami,pos01 problem z płatnościami,inne,0.5
SD 171172,Pytanie o brak zużycia na frytkach dla wrinu,2025 07 16 13:35:54.513000 02:00,Usługa,PL 00467 Zary,467,Zary,Pytanie o brak zużycia na frytkach dla wrinu,pytanie o brak zużycia na frytkach dla wrinu,Mystore brak zużycia,0.9
SD 171171,GF MOD Logowanie/MFA,2025 07 16 13:35:25.859000 02:00,Usługa,Kinga Jassowicz Bobinska,Nieznany,Kinga Jassowicz Bobinska,GF MOD Logowanie/MFA,gf mod logowanie/mfa,inne,0.5
SD 171170,Urządzenie nie nalewa automatycznie napojów,2025 07 16 13:31:03.990000 02:00,Incydent,Krystian Matysiak,Nieznany,Krystian Matysiak,Urządzenie nie nalewa automatycznie napojów,urządzenie nie nalewa automatycznie napojów,inne,0.5
SD 171169,DT2 kamera nie działa,2025 07 16 13:30:27.372000 02:00,Incydent,pl 00555,555,pl 00555,DT2 kamera nie działa,dt2 kamera nie działa,POS/CSO/DT skaner nie działa,0.9
SD 171168,MS na odwrót wczytuje kasy,2025 07 16 13:28:20.749000 02:00,Incydent,PL 00643 Bytow,643,Bytow,MS na odwrót wczytuje kasy,ms na odwrót wczytuje kasy,inne,0.5
SD 171167,MP Zamieniony obraz,2025 07 16 13:26:33.605000 02:00,Incydent,PL 00686 Słupca,686,Słupca,MP Zamieniony obraz,mp zamieniony obraz,inne,0.5
SD 171166,Kamera Line 1 brak obrazu z kamery,2025 07 16 13:24:55.013000 02:00,Incydent,PL 00149 Bielsko 2 Batory,149,Bielsko 2 Batory,Kamera Line 1 brak obrazu z kamery,kamera line 1 brak obrazu z kamery,inne,0.5
SD 171165,Drukarka grill żadna nie drukuje,2025 07 16 13:16:29.185000 02:00,Incydent,PL 00277 Bydgoszcz 5 Galeria,277,Bydgoszcz 5 Galeria,Drukarka grill żadna nie drukuje,drukarka grill żadna nie drukuje,inne,0.5
SD 171163,POS24 DF drukuje nie pełny paragon,2025 07 16 13:13:00.396000 02:00,Incydent,PL 00329 Pulawy,329,Pulawy,POS24 DF drukuje nie pełny paragon,pos24 df drukuje nie pełny paragon,inne,0.5
SD 171162,MOP prośba o włączenie / wyłączenie,2025 07 16 13:10:06.566000 02:00,Usługa,PL 00438 MOP Wisniowa Gora A1 E,438,MOP Wisniowa Gora A1 E,MOP prośba o włączenie / wyłączenie,mop prośba o włączenie / wyłączenie,MOP Prośba o włączenie/wyłączenie,0.9
SD 171161,Prośba o włączenie MOP,2025 07 16 13:08:23.958000 02:00,Usługa,PL 00024 Olsztyn 1,024,Olsztyn 1,Prośba o włączenie MOP,prośba o włączenie mop,MOP Prośba o włączenie/wyłączenie,0.9
SD 171160,EPRO01 stan mięsa 0,2025 07 16 12:53:31.481000 02:00,Incydent,pl 00655,655,pl 00655,EPRO01 stan mięsa 0,epro01 stan mięsa 0,inne,0.5
SD 171159,MyStore Zły wrin,2025 07 16 12:51:50.537000 02:00,Usługa,PL 00398 Gdansk 11 Lotos,398,Gdansk 11 Lotos,MyStore Zły wrin,mystore zły wrin,inne,0.5
SD 171158,GF MOD Logowanie/MFA,2025 07 16 12:48:21.951000 02:00,Usługa,pl asista,Asystent,Asystent systemowy,GF MOD Logowanie/MFA,gf mod logowanie/mfa,inne,0.5
SD 171157,RE: McDonald s PL 61600686 Coates Support Case 00376596 Acknowledgment,2025 07 16 12:45:21.945000 02:00,Usługa,pl asista,Asystent,Asystent systemowy,RE: McDonald s PL 61600686 Coates Support Case 00376596 Acknowledgment,re: mcdonald s pl 61600686 coates support case 00376596 acknowledgment,inne,0.5
SD 171156,McDonald s PL 61600686 Coates Support Case 00376596 Acknowledgment,2025 07 16 12:39:21.413000 02:00,Usługa,pl asista,Asystent,Asystent systemowy,McDonald s PL 61600686 Coates Support Case 00376596 Acknowledgment,mcdonald s pl 61600686 coates support case 00376596 acknowledgment,inne,0.5
SD 171154,iDMB FC_3 powtarzający się problem z wyświetlaniem ekranu,2025 07 16 12:38:22.860000 02:00,Incydent,PL 00222 Plock 2,222,Plock 2,iDMB FC_3 powtarzający się problem z wyświetlaniem ekranu,idmb fc_3 powtarzający się problem z wyświetlaniem ekranu,inne,0.5
SD 171153,McDonald s Poland Coates Support Case 00376596 Acknowledgment,2025 07 16 12:36:22.459000 02:00,Usługa,pl asista,Asystent,Asystent systemowy,McDonald s Poland Coates Support Case 00376596 Acknowledgment,mcdonald s poland coates support case 00376596 acknowledgment,inne,0.5
SD 171152,MFA Wygenerowanie nowych kodów,2025 07 16 12:31:35.233000 02:00,Usługa,pl 00634,634,pl 00634,MFA Wygenerowanie nowych kodów,mfa wygenerowanie nowych kodów,inne,0.5
SD 171151,duże minusy na mleku,2025 07 16 12:29:41.267000 02:00,Incydent,PL 00463 Rybnik 03 Rondo,463,Rybnik 03 Rondo,duże minusy na mleku,duże minusy na mleku,inne,0.5
SD 171150,brak możliwości drukowania z backoffice,2025 07 16 12:21:48.812000 02:00,Incydent,PL 00264 Lodz 13 Manufaktura,264,Lodz 13 Manufaktura,brak możliwości drukowania z backoffice,brak możliwości drukowania z backoffice,inne,0.5
SD 171149,TS lokalizatory nie pokazują się na tablecie,2025 07 16 12:19:05.573000 02:00,Incydent,pl 00634,634,pl 00634,TS lokalizatory nie pokazują się na tablecie,ts lokalizatory nie pokazują się na tablecie,inne,0.5
SD 171148,czujnik,2025 07 16 12:14:08.892000 02:00,Incydent,pl 00707,707,pl 00707,czujnik,czujnik,inne,0.5
SD 171146,MS pytanie o korektę błędnie wbitych strat,2025 07 16 12:07:40.594000 02:00,Usługa,PL 00491 Tarnow 3,491,Tarnow 3,MS pytanie o korektę błędnie wbitych strat,ms pytanie o korektę błędnie wbitych strat,inne,0.5
SD 171145,Nie można się zalogować na Office/BackOffice,2025 07 16 12:06:10.226000 02:00,Incydent,PL 00640 Słupsk 2 Boh. Westerplatte,640,Słupsk 2 Boh. Westerplatte,Nie można się zalogować na Office/BackOffice,nie można się zalogować na office/backoffice,inne,0.5
SD 171144,KVS31 nie kasuje zamówień,2025 07 16 12:05:53.087000 02:00,Incydent,PL 00367 Wroclaw 18 SkyTower,367,Wroclaw 18 SkyTower,KVS31 nie kasuje zamówień,kvs31 nie kasuje zamówień,inne,0.5
SD 171143,MS wrin napoju owsianego,2025 07 16 12:05:06.401000 02:00,Usługa,PL 00169 Katowice 3 Aral,169,Katowice 3 Aral,MS wrin napoju owsianego,ms wrin napoju owsianego,inne,0.5
SD 171142,Mystore brak zużycia półproduktu,2025 07 16 12:02:00.168000 02:00,Incydent,pl 00120,120,pl 00120,Mystore brak zużycia półproduktu,mystore brak zużycia półproduktu,Mystore brak zużycia,0.9
SD 171141,Nie otwiera się Mystore na komputerze.,2025 07 16 11:56:57.885000 02:00,Incydent,PL 00619 Gorzow Wielkopolski,619,Gorzow Wielkopolski,Nie otwiera się Mystore na komputerze.,nie otwiera się mystore na komputerze.,inne,0.5
SD 171139,Mystore błędne hasło,2025 07 16 11:46:21.894000 02:00,Incydent,PL 00523 Stary Sacz,523,Stary Sacz,Mystore błędne hasło,mystore błędne hasło,inne,0.5
SD 171138,KVS31 nie można zbijać mięs bumbarem,2025 07 16 11:38:47.519000 02:00,Incydent,PL 00367 Wroclaw 18 SkyTower,367,Wroclaw 18 SkyTower,KVS31 nie można zbijać mięs bumbarem,kvs31 nie można zbijać mięs bumbarem,inne,0.5
SD 171137,BO Problem z logowaniem,2025 07 16 11:36:00.783000 02:00,Incydent,PL 00225 W wa 31 Conrada,225,W wa 31 Conrada,BO Problem z logowaniem,bo problem z logowaniem,inne,0.5
SD 171136,Raport zużycia półproduktów z dnia 12/13.07 nie działa poprawnie,2025 07 16 11:29:55.871000 02:00,Incydent,PL 00471 Starogard Gdański,471,Starogard Gdański,Raport zużycia półproduktów z dnia 12/13.07 nie działa poprawnie,raport zużycia półproduktów z dnia 12/13.07 nie działa poprawnie,inne,0.5
SD 171135,POS24 zamówienie blokuje kasę,2025 07 16 11:29:35.857000 02:00,Incydent,PL 00317 Katowice 6 Ulanska,317,Katowice 6 Ulanska,POS24 zamówienie blokuje kasę,pos24 zamówienie blokuje kasę,inne,0.5
SD 171133,CSO oferta lokalna na kioskach jest zbyt wcześnie,2025 07 16 11:26:22.174000 02:00,Incydent,PL 00262 Krakow 11 ECE IS,262,Krakow 11 ECE IS,CSO oferta lokalna na kioskach jest zbyt wcześnie,cso oferta lokalna na kioskach jest zbyt wcześnie,CSOxx niedostępny,0.8
SD 171132,POS07 nie działa poprawnie,2025 07 16 11:25:09.300000 02:00,Incydent,PL 00314 Lublin 4,314,Lublin 4,POS07 nie działa poprawnie,pos07 nie działa poprawnie,POS/CSO/DT skaner nie działa,0.9
SD 171131,MOP Zablokowanie zamówień,2025 07 16 11:24:38.095000 02:00,Incydent,PL 00024 Olsztyn 1,024,Olsztyn 1,MOP Zablokowanie zamówień,mop zablokowanie zamówień,MOP Prośba o włączenie/wyłączenie,0.9
SD 171130,POS07 admin logon,2025 07 16 11:23:36.376000 02:00,Incydent,PL 00641 Ilawa,641,Ilawa,POS07 admin logon,pos07 admin logon,POS/CSO/KVS admin logon,0.9
SD 171128,RHS01 wykonał się restart bez ostrzeżenia,2025 07 16 11:18:08.394000 02:00,Incydent,PL 00469 Bydgoszcz 06 ECE,469,Bydgoszcz 06 ECE,RHS01 wykonał się restart bez ostrzeżenia,rhs01 wykonał się restart bez ostrzeżenia,inne,0.5
SD 171127,ODMB Błędna reklama,2025 07 16 11:13:22.831000 02:00,Incydent,PL 00348 Plonsk,348,Plonsk,ODMB Błędna reklama,odmb błędna reklama,inne,0.5
SD 171126,Brak danych PMIX rest 427,2025 07 16 11:10:21.422000 02:00,Usługa,pl asista,Asystent,Asystent systemowy,Brak danych PMIX rest 427,brak danych pmix rest 427,inne,0.5
SD 171124,MyStore problem z zakładaniem kont dla pracowników,2025 07 16 11:01:16.516000 02:00,Incydent,pl 00720,720,pl 00720,MyStore problem z zakładaniem kont dla pracowników,mystore problem z zakładaniem kont dla pracowników,inne,0.5
SD 171123,"14 lipca był wbity zwrot do dostawcy, z faktury korygującej i w zużyciu półproduktu nie został uwzględniony",2025 07 16 11:00:23.936000 02:00,Usługa,PL 00155 Poznan 10 Kino,155,Poznan 10 Kino,"14 lipca był wbity zwrot do dostawcy, z faktury korygującej i w zużyciu półproduktu nie został uwzględniony","14 lipca był wbity zwrot do dostawcy, z faktury korygującej i w zużyciu półproduktu nie został uwzględniony",inne,0.5
SD 171122,GF MOD Logowanie/MFA,2025 07 16 10:59:25.832000 02:00,Usługa,pl asista,Asystent,Asystent systemowy,GF MOD Logowanie/MFA,gf mod logowanie/mfa,inne,0.5
SD 171121,Prośba o zablokowanie kiosków ze względu na awarię urządzeń na kuchni,2025 07 16 10:59:23.095000 02:00,Usługa,PL 00024 Olsztyn 1,024,Olsztyn 1,Prośba o zablokowanie kiosków ze względu na awarię urządzeń na kuchni,prośba o zablokowanie kiosków ze względu na awarię urządzeń na kuchni,inne,0.5
SD 171120,CSO26 DF nie reaguje,2025 07 16 10:56:59.714000 02:00,Incydent,pl 00163,163,pl 00163,CSO26 DF nie reaguje,cso26 df nie reaguje,inne,0.5
SD 171119,GPR nie drukują po awarii prądu,2025 07 16 10:50:17.202000 02:00,Incydent,PL 00501 Mrągowo,501,Mrągowo,GPR nie drukują po awarii prądu,gpr nie drukują po awarii prądu,inne,0.5
SD 171118,CSO Admin Logon po chwilowym zaniku prądu,2025 07 16 10:47:55.810000 02:00,Incydent,Gizycko PL 00607,607,Gizycko,CSO Admin Logon po chwilowym zaniku prądu,cso admin logon po chwilowym zaniku prądu,POS/CSO/KVS admin logon,0.9
SD 171117,Proszę o stworzenie promocji lokalne,2025 07 16 10:43:22.677000 02:00,Usługa,PL 00135 Elblag 1,135,Elblag 1,Proszę o stworzenie promocji lokalne,proszę o stworzenie promocji lokalne,inne,0.5
SD 171115,Pytanie o serwis do pamięci chronionej,2025 07 16 10:38:51.645000 02:00,Usługa,PL 00228 Kepno,228,Kepno,Pytanie o serwis do pamięci chronionej,pytanie o serwis do pamięci chronionej,inne,0.5
SD 171114,Wyse.13 nie można się zalogować,2025 07 16 10:38:01.117000 02:00,Incydent,PL 00436 Gdynia 05 Dworzec PKP,436,Gdynia 05 Dworzec PKP,Wyse.13 nie można się zalogować,wyse.13 nie można się zalogować,inne,0.5
SD 171113,Rest nie dostała kodów do konta BOHA,2025 07 16 10:36:31.362000 02:00,Usługa,pl 00720,720,pl 00720,Rest nie dostała kodów do konta BOHA,rest nie dostała kodów do konta boha,inne,0.5
SD 171112,Mystore nie można dodać produktu,2025 07 16 10:30:41.642000 02:00,Incydent,PL 00350 MOP Wysoka S3,350,MOP Wysoka S3,Mystore nie można dodać produktu,mystore nie można dodać produktu,inne,0.5
SD 171110,Korekta strat dziennych MyStore,2025 07 16 10:22:22.531000 02:00,Usługa,pl 00707,707,pl 00707,Korekta strat dziennych MyStore,korekta strat dziennych mystore,inne,0.5
SD 171108,POSy złe ceny,2025 07 16 10:19:33.212000 02:00,Incydent,PL 00558 W wa Warsaw Hub,558,W wa Warsaw Hub,POSy złe ceny,posy złe ceny,inne,0.5
SD 171107,ORB01 Brak animacji na monitorze,2025 07 16 10:19:00.095000 02:00,Incydent,PL 00598 Opole Obwodnica,598,Opole Obwodnica,ORB01 Brak animacji na monitorze,orb01 brak animacji na monitorze,inne,0.5
SD 171106,KVS31 offline,2025 07 16 10:18:04.149000 02:00,Incydent,PL 00363 Sosnowiec 3 Plaza,363,Sosnowiec 3 Plaza,KVS31 offline,kvs31 offline,inne,0.5
SD 171105,KVS11/12 Zaciął się,2025 07 16 10:15:50.117000 02:00,Incydent,PL 00264 Lodz 13 Manufaktura,264,Lodz 13 Manufaktura,KVS11/12 Zaciął się,kvs11/12 zaciął się,inne,0.5
SD 171103,Słabe połączenie,2025 07 16 10:14:24.150000 02:00,Usługa,PL 00264 Lodz 13 Manufaktura,264,Lodz 13 Manufaktura,Słabe połączenie,słabe połączenie,inne,0.5
SD 171099,"nie działają monitory kvs na kuchni, serwisie, mccaffe, do mycia rąk",2025 07 16 10:01:10.195000 02:00,Incydent,PL 00423 Strzegom,423,Strzegom,"nie działają monitory kvs na kuchni, serwisie, mccaffe, do mycia rąk","nie działają monitory kvs na kuchni, serwisie, mccaffe, do mycia rąk",POS/CSO/KVS czerwona M,0.9
SD 171098,Włączenie/Wyłączenie usługi MOP,2025 07 16 10:01:02.050000 02:00,Usługa,PL 00438 MOP Wisniowa Gora A1 E,438,MOP Wisniowa Gora A1 E,Włączenie/Wyłączenie usługi MOP,włączenie/wyłączenie usługi mop,MOP Prośba o włączenie/wyłączenie,0.9
SD 171097,MOP prośba o włączenie / wyłączenie,2025 07 16 10:00:51.179000 02:00,Usługa,PL 00295 Lubin 2 Cuprum Arena,295,Lubin 2 Cuprum Arena,MOP prośba o włączenie / wyłączenie,mop prośba o włączenie / wyłączenie,MOP Prośba o włączenie/wyłączenie,0.9
SD 171095,nie drukuje grill slipów,2025 07 16 09:49:53.042000 02:00,Incydent,PL 00298 Konin 2,298,Konin 2,nie drukuje grill slipów,nie drukuje grill slipów,inne,0.5
SD 171094,CSO wyświetlają się lunch,2025 07 16 09:47:57.357000 02:00,Incydent,PL 00367 Wroclaw 18 SkyTower,367,Wroclaw 18 SkyTower,CSO wyświetlają się lunch,cso wyświetlają się lunch,inne,0.5
SD 171093,Pos03 Kasa zacieła się,2025 07 16 09:42:53.130000 02:00,Incydent,PL 00032 W wa 06 Janki,032,W wa 06 Janki,Pos03 Kasa zacieła się,pos03 kasa zacieła się,POS/CSO zawieszony,0.9
SD 171092,Głuchy telefon,2025 07 16 09:41:22.657000 02:00,Usługa,PL 00126 Krakow 06 Wielicka,126,Krakow 06 Wielicka,Głuchy telefon,głuchy telefon,inne,0.5
SD 171091,MyStore brak czasów obsługi od godziny 17:30 w dniu 15.07,2025 07 16 09:40:46.327000 02:00,Incydent,PL 00350 MOP Wysoka S3,350,MOP Wysoka S3,MyStore brak czasów obsługi od godziny 17:30 w dniu 15.07,mystore brak czasów obsługi od godziny 17:30 w dniu 15.07,MyStore brak czasów szybkości obsługi,0.9
SD 171089,Głuchy telefon,2025 07 16 09:37:35.855000 02:00,Usługa,PL 00032 W wa 06 Janki,032,W wa 06 Janki,Głuchy telefon,głuchy telefon,inne,0.5
SD 171088,TR wrong employee no.,2025 07 16 09:35:33.732000 02:00,Incydent,pl 00759,759,pl 00759,TR wrong employee no.,tr wrong employee no.,inne,0.5
SD 171085,Informacja odnośnie restauracji,2025 07 16 09:29:01.168000 02:00,Usługa,PL 00177 Radom 3 Mall,177,Radom 3 Mall,Informacja odnośnie restauracji,informacja odnośnie restauracji,inne,0.5
SD 171082,MOP brak fiskalizacji zamówień,2025 07 16 09:26:01.443000 02:00,Incydent,PL 00714 Lodz Nowa Sukcesja,714,Lodz Nowa Sukcesja,MOP brak fiskalizacji zamówień,mop brak fiskalizacji zamówień,MOP brak fiskalizacji,0.9
SD 171080,KVS31 brak możliwości zbijania Bumbarem mięs,2025 07 16 09:22:48.961000 02:00,Incydent,PL 00277 Bydgoszcz 5 Galeria,277,Bydgoszcz 5 Galeria,KVS31 brak możliwości zbijania Bumbarem mięs,kvs31 brak możliwości zbijania bumbarem mięs,inne,0.5
SD 171077,Jest potrzebny reset,2025 07 16 09:17:13.255000 02:00,Incydent,PL 00090 Gorzow Wlkp 2 Centrum,090,Gorzow Wlkp 2 Centrum,Jest potrzebny reset,jest potrzebny reset,inne,0.5
SD 171075,MOP Brak fiskalizacja,2025 07 16 09:16:47.042000 02:00,Incydent,PL 00143 Czeladz 1,143,Czeladz 1,MOP Brak fiskalizacja,mop brak fiskalizacja,MOP brak fiskalizacji,0.9
SD 171073,Kiosk29 niedostępny,2025 07 16 09:13:50.067000 02:00,Incydent,PL 00542 Bydgoszcz PKP,542,Bydgoszcz PKP,Kiosk29 niedostępny,kiosk29 niedostępny,CSOxx niedostępny,0.9
SD 171072,DF MOP Nie pinguje,2025 07 16 09:13:37.841000 02:00,Incydent,PL 00227 W wa 30 Sadyba,227,W wa 30 Sadyba,DF MOP Nie pinguje,df mop nie pinguje,inne,0.5
SD 171070,KVS01 nie drukuje gpr,2025 07 16 09:13:21.834000 02:00,Incydent,PL 00291 MOP Witowice,291,MOP Witowice,KVS01 nie drukuje gpr,kvs01 nie drukuje gpr,inne,0.5
SD 171068,pos24 zawiesza się,2025 07 16 08:57:43.846000 02:00,Incydent,PL 00466 W wa 50 Zachodnia,466,W wa 50 Zachodnia,pos24 zawiesza się,pos24 zawiesza się,POS/CSO zawieszony,0.9
SD 171066,Duże plusy inwentaryzacyjne na produkcie McNuggets,2025 07 16 08:52:14.207000 02:00,Incydent,PL 00298 Konin 2,298,Konin 2,Duże plusy inwentaryzacyjne na produkcie McNuggets,duże plusy inwentaryzacyjne na produkcie mcnuggets,inne,0.5
SD 171065,Skaner COD na DT2 nie skanuje,2025 07 16 08:46:52.658000 02:00,Incydent,PL 00298 Konin 2,298,Konin 2,Skaner COD na DT2 nie skanuje,skaner cod na dt2 nie skanuje,POS/CSO/DT skaner nie działa,0.9
SD 171064,KVS Czas 0/0,2025 07 16 08:44:50.984000 02:00,Incydent,PL 00491 Tarnow 3,491,Tarnow 3,KVS Czas 0/0,kvs czas 0/0,inne,0.5
SD 171063,RE: McDonald s Poland Coates Support Case 00375473 Acknowledgment,2025 07 16 08:42:21.889000 02:00,Usługa,pl asista,Asystent,Asystent systemowy,RE: McDonald s Poland Coates Support Case 00375473 Acknowledgment,re: mcdonald s poland coates support case 00375473 acknowledgment,inne,0.5
SD 171062,po zeskanowaniu brak odpoweidzi,2025 07 16 08:40:30.552000 02:00,Incydent,PL 00394 Wrzesnia,394,Wrzesnia,po zeskanowaniu brak odpoweidzi,po zeskanowaniu brak odpoweidzi,inne,0.5
SD 171061,KVS18 Nie działa dotyk,2025 07 16 08:33:55.378000 02:00,Incydent,PL 00596 Koszalin Autohof,596,Koszalin Autohof,KVS18 Nie działa dotyk,kvs18 nie działa dotyk,inne,0.5
SD 171059,MOP zablokowanie zamówień,2025 07 16 08:28:52.314000 02:00,Usługa,PL 00295 Lubin 2 Cuprum Arena,295,Lubin 2 Cuprum Arena,MOP zablokowanie zamówień,mop zablokowanie zamówień,MOP Prośba o włączenie/wyłączenie,0.9
SD 171056,POS01 terminal komunikat irruption,2025 07 16 08:22:55.603000 02:00,Incydent,PL 00135 Elblag 1,135,Elblag 1,POS01 terminal komunikat irruption,pos01 terminal komunikat irruption,inne,0.5
SD 171054,KVS18 Nie pinguje,2025 07 16 08:16:07.462000 02:00,Incydent,PL 00450 Gdansk 13 Forum Gdansk Mall,450,Gdansk 13 Forum Gdansk Mall,KVS18 Nie pinguje,kvs18 nie pinguje,inne,0.5
SD 171053,informacja,2025 07 16 08:14:06.634000 02:00,Usługa,PL 00195 Zabrze 2,195,Zabrze 2,informacja,informacja,inne,0.5
SD 171052,CSO25 Niedostępny,2025 07 16 08:13:38.247000 02:00,Incydent,PL 00008 Czestochowa 1,008,Czestochowa 1,CSO25 Niedostępny,cso25 niedostępny,CSOxx niedostępny,0.9
SD 171051,POS03 Nie załadował się,2025 07 16 08:12:16.371000 02:00,Incydent,PL 00640 Słupsk 2 Boh. Westerplatte,640,Słupsk 2 Boh. Westerplatte,POS03 Nie załadował się,pos03 nie załadował się,POS brak kafelków,0.9
SD 171049,Bląd obcinacza do naprawy,2025 07 16 08:08:10.358000 02:00,Incydent,PL 00245 Poznan 11 Komorniki,245,Poznan 11 Komorniki,Bląd obcinacza do naprawy,bląd obcinacza do naprawy,inne,0.5
SD 171048,POSy nie działa przeciągnięcie kartą,2025 07 16 08:05:44.021000 02:00,Incydent,PL 00367 Wroclaw 18 SkyTower,367,Wroclaw 18 SkyTower,POSy nie działa przeciągnięcie kartą,posy nie działa przeciągnięcie kartą,POS/CSO/DT skaner nie działa,0.9
SD 171046,"CSO30 kiosk nie dostępny, df nie odpowiada",2025 07 16 08:03:46.847000 02:00,Incydent,PL 00540 Krakow Sliwiaka,540,Krakow Sliwiaka,"CSO30 kiosk nie dostępny, df nie odpowiada","cso30 kiosk nie dostępny, df nie odpowiada",CSOxx niedostępny,0.8
SD 171045,MOP wykryto brak fiskalizacji zamówień,2025 07 16 08:03:30.208000 02:00,Incydent,PL 00667 Lidzbark Warminski,667,Lidzbark Warminski,MOP wykryto brak fiskalizacji zamówień,mop wykryto brak fiskalizacji zamówień,MOP brak fiskalizacji,0.9
SD 171042,KVS17 GPR nie drukuje,2025 07 16 07:57:36.894000 02:00,Incydent,PL 00195 Zabrze 2,195,Zabrze 2,KVS17 GPR nie drukuje,kvs17 gpr nie drukuje,inne,0.5
SD 171041,CR.240 przyjmuje kwotę lecz nie odlicza jej od płatności,2025 07 16 07:56:46.814000 02:00,Incydent,PL 00522 Piekary Slaskie,522,Piekary Slaskie,CR.240 przyjmuje kwotę lecz nie odlicza jej od płatności,cr.240 przyjmuje kwotę lecz nie odlicza jej od płatności,inne,0.5
SD 171040,POS03 brak kafelków,2025 07 16 07:56:36.524000 02:00,Incydent,PL 00042 Bydgoszcz 2 Torpedo,042,Bydgoszcz 2 Torpedo,POS03 brak kafelków,pos03 brak kafelków,POS brak kafelków,0.9
SD 171039,ms nie chce sie uruchomic,2025 07 16 07:54:05.547000 02:00,Incydent,PL 00473 Białystok 05 Produkcyjna,473,Białystok 05 Produkcyjna,ms nie chce sie uruchomic,ms nie chce sie uruchomic,inne,0.5
SD 171036,KVS/DF błędna godzina,2025 07 16 07:52:24.911000 02:00,Incydent,PL 00367 Wroclaw 18 SkyTower,367,Wroclaw 18 SkyTower,KVS/DF błędna godzina,kvs/df błędna godzina,inne,0.5
SD 171034,ACTION NEEDED : We are awaiting a response for Case : 00375430 for McDonald s Poland,2025 07 16 07:48:21.154000 02:00,Usługa,pl asista,Asystent,Asystent systemowy,ACTION NEEDED : We are awaiting a response for Case : 00375430 for McDonald s Poland,action needed : we are awaiting a response for case : 00375430 for mcdonald s poland,inne,0.5
SD 171033,MyStore nie można wykonać korekty na odbiciu czasowym,2025 07 16 07:47:41.165000 02:00,Usługa,PL 00133 Szczecin 5 Poludniowa,133,Szczecin 5 Poludniowa,MyStore nie można wykonać korekty na odbiciu czasowym,mystore nie można wykonać korekty na odbiciu czasowym,MyStore Prośba o pomoc w edycji odbić czasowych,0.9
SD 171032,KVS11 czerwone tło i logo mcd,2025 07 16 07:45:39.071000 02:00,Incydent,Grudziadz PL 00661,661,Grudziadz,KVS11 czerwone tło i logo mcd,kvs11 czerwone tło i logo mcd,POS/CSO/KVS czerwona M,0.9
SD 171031,POS06 Brak Kafelków,2025 07 16 07:44:55.744000 02:00,Incydent,PL 00399 Jawornik,399,Jawornik,POS06 Brak Kafelków,pos06 brak kafelków,POS brak kafelków,0.9
SD 171030,KVS/CSO Nie pingują,2025 07 16 07:44:44.556000 02:00,Poważny Incydent,PL 00295 Lubin 2 Cuprum Arena,295,Lubin 2 Cuprum Arena,KVS/CSO Nie pingują,kvs/cso nie pingują,inne,0.5
SD 171029,"McDonalds, McDonald s PL 61600687, Coates Support Case 00373708, 61600687, Case Resolution",2025 07 16 07:44:21.971000 02:00,Usługa,pl asista,Asystent,Asystent systemowy,"McDonalds, McDonald s PL 61600687, Coates Support Case 00373708, 61600687, Case Resolution","mcdonalds, mcdonald s pl 61600687, coates support case 00373708, 61600687, case resolution",inne,0.5
SD 171027,HWA01 szary ekran po restarcie,2025 07 16 07:36:06.118000 02:00,Incydent,PL 00522 Piekary Slaskie,522,Piekary Slaskie,HWA01 szary ekran po restarcie,hwa01 szary ekran po restarcie,inne,0.5
SD 171026,Skaner DT Nie skanuje,2025 07 16 07:33:14.373000 02:00,Incydent,PL 00445 Stalowa Wola,445,Stalowa Wola,Skaner DT Nie skanuje,skaner dt nie skanuje,POS/CSO/DT skaner nie działa,0.9
SD 171025,watermarka aktywcja windows,2025 07 16 07:33:09.514000 02:00,Incydent,PL 00230 Katowice 4,230,Katowice 4,watermarka aktywcja windows,watermarka aktywcja windows,inne,0.5
SD 171024,Płatność,2025 07 16 07:30:45.245000 02:00,Incydent,PL 00230 Katowice 4,230,Katowice 4,Płatność,płatność,inne,0.5
SD 171023,Kasa się nie uruchamia. Pomimo restartu.,2025 07 16 07:29:44.083000 02:00,Incydent,PL 00500 Stargard,500,Stargard,Kasa się nie uruchamia. Pomimo restartu.,kasa się nie uruchamia. pomimo restartu.,inne,0.5
SD 171022,MyStore prośba o pomoc ze zmianą hasła,2025 07 16 07:27:20.868000 02:00,Usługa,PL 00568 Pultusk,568,Pultusk,MyStore prośba o pomoc ze zmianą hasła,mystore prośba o pomoc ze zmianą hasła,inne,0.5
SD 171021,POS brak kafelków,2025 07 16 07:26:44.855000 02:00,Incydent,PL 00519 Krotoszyn,519,Krotoszyn,POS brak kafelków,pos brak kafelków,POS brak kafelków,0.9
SD 171020,Zamienione linie w słuchawkach,2025 07 16 07:26:15.649000 02:00,Usługa,Rydultowy PL 00681,681,Rydultowy,Zamienione linie w słuchawkach,zamienione linie w słuchawkach,inne,0.5
SD 171019,Problem z pinpadem,2025 07 16 07:24:18.148000 02:00,Incydent,PL 00462 Airport Airside,462,Airport Airside,Problem z pinpadem,problem z pinpadem,Terminal nie działa,0.9
SD 171018,KVS17 nie działa dotyk,2025 07 16 07:24:05.386000 02:00,Incydent,PL 00590 Nidzica,590,Nidzica,KVS17 nie działa dotyk,kvs17 nie działa dotyk,inne,0.5
SD 171017,KVS17 gpr nie drukuje opisek,2025 07 16 07:23:58.257000 02:00,Incydent,PL 00291 MOP Witowice,291,MOP Witowice,KVS17 gpr nie drukuje opisek,kvs17 gpr nie drukuje opisek,inne,0.5
SD 171016,MOP brak fiskalizacji zamówień,2025 07 16 07:20:32.128000 02:00,Incydent,PL 00735 Oborniki,735,Oborniki,MOP brak fiskalizacji zamówień,mop brak fiskalizacji zamówień,MOP brak fiskalizacji,0.9
SD 171015,Włącznie usługi MOP,2025 07 16 07:20:26.625000 02:00,Usługa,PL 00073 Bialystok 1,073,Bialystok 1,Włącznie usługi MOP,włącznie usługi mop,inne,0.5
SD 171014,RE: McDonald s PL Jarocin 61600255 Coates Support Case 00376317 Acknowledgment,2025 07 16 07:20:21.593000 02:00,Usługa,pl asista,Asystent,Asystent systemowy,RE: McDonald s PL Jarocin 61600255 Coates Support Case 00376317 Acknowledgment,re: mcdonald s pl jarocin 61600255 coates support case 00376317 acknowledgment,inne,0.5
SD 171013,McDonald s PL Jarocin 61600255 Coates Support Case 00376317 Acknowledgment,2025 07 16 07:20:21.566000 02:00,Usługa,pl asista,Asystent,Asystent systemowy,McDonald s PL Jarocin 61600255 Coates Support Case 00376317 Acknowledgment,mcdonald s pl jarocin 61600255 coates support case 00376317 acknowledgment,inne,0.5
SD 171012,McDonald s PL Koszalin 61600339 Coates Support Case 00376559 Acknowledgment,2025 07 16 07:20:21.543000 02:00,Usługa,pl asista,Asystent,Asystent systemowy,McDonald s PL Koszalin 61600339 Coates Support Case 00376559 Acknowledgment,mcdonald s pl koszalin 61600339 coates support case 00376559 acknowledgment,inne,0.5
SD 171004,MyStore brak zużycia 15.07,2025 07 16 07:18:01.974000 02:00,Incydent,PL 00439 Oswiecim,439,Oswiecim,MyStore brak zużycia 15.07,mystore brak zużycia 15.07,Mystore brak zużycia,0.9
SD 170998,MOP Brak fiskalizacji zamówień,2025 07 16 07:14:49.220000 02:00,Incydent,PL 00347 Szczecin 08 PZ,347,Szczecin 08 PZ,MOP Brak fiskalizacji zamówień,mop brak fiskalizacji zamówień,MOP brak fiskalizacji,0.9
SD 170997,Ładowanie zatrzymało się na 50% i nie rusza dalej. Restart urządzenia nie rozwiązuje problemu.,2025 07 16 07:14:17.151000 02:00,Incydent,PL 00448 Jaroslaw,448,Jaroslaw,Ładowanie zatrzymało się na 50% i nie rusza dalej. Restart urządzenia nie rozwiązuje problemu.,ładowanie zatrzymało się na 50% i nie rusza dalej. restart urządzenia nie rozwiązuje problemu.,inne,0.5
SD 170993,kvs09 i 31 czerwone tło i logo mcd,2025 07 16 07:12:27.373000 02:00,Incydent,PL 00601 Torun Lodzka,601,Torun Lodzka,kvs09 i 31 czerwone tło i logo mcd,kvs09 i 31 czerwone tło i logo mcd,POS/CSO/KVS czerwona M,0.9
SD 170990,POS01 Nie załadował się,2025 07 16 07:12:06.906000 02:00,Incydent,PL 00130 W wa 19 Mlyn,130,W wa 19 Mlyn,POS01 Nie załadował się,pos01 nie załadował się,POS brak kafelków,0.9
SD 170987,głuchy telefon,2025 07 16 07:10:12.437000 02:00,Incydent,PL 00427 W wa 46 Dworzec Centralny,427,W wa 46 Dworzec Centralny,głuchy telefon,głuchy telefon,inne,0.5
SD 170986,MS problem z logowaniem,2025 07 16 07:06:51.683000 02:00,Incydent,PL 00427 W wa 46 Dworzec Centralny,427,W wa 46 Dworzec Centralny,MS problem z logowaniem,ms problem z logowaniem,inne,0.5
SD 170985,POS01 ładowanie 50%,2025 07 16 07:05:51.194000 02:00,Incydent,PL 00185 Wroclaw 09 Bardzka,185,Wroclaw 09 Bardzka,POS01 ładowanie 50%,pos01 ładowanie 50%,inne,0.5
SD 170984,Ponowny problem z drukarkami grillowymi po aktualizacji,2025 07 16 07:05:22.924000 02:00,Incydent,PL 00140 Mikolow 1,140,Mikolow 1,Ponowny problem z drukarkami grillowymi po aktualizacji,ponowny problem z drukarkami grillowymi po aktualizacji,inne,0.5
SD 170983,POS03 Nie załadował się,2025 07 16 07:05:00.967000 02:00,Incydent,PL 00149 Bielsko 2 Batory,149,Bielsko 2 Batory,POS03 Nie załadował się,pos03 nie załadował się,POS brak kafelków,0.9
SD 170982,MOP nie działa prawidłowo,2025 07 16 07:04:13.843000 02:00,Incydent,PL 00528 Jozefow,528,Jozefow,MOP nie działa prawidłowo,mop nie działa prawidłowo,inne,0.5
SD 170981,Głuchy telefon,2025 07 16 07:03:16.052000 02:00,Usługa,PL 00185 Wroclaw 09 Bardzka,185,Wroclaw 09 Bardzka,Głuchy telefon,głuchy telefon,inne,0.5
SD 170980,POS19 Nie załadował się,2025 07 16 07:02:47.088000 02:00,Incydent,PL 00178 Rumia 1 Grunwaldzka,178,Rumia 1 Grunwaldzka,POS19 Nie załadował się,pos19 nie załadował się,POS brak kafelków,0.9
SD 170979,POS01 ładowanie 50%,2025 07 16 07:02:08.449000 02:00,Incydent,PL 00631 Zory Sokola,631,Zory Sokola,POS01 ładowanie 50%,pos01 ładowanie 50%,inne,0.5
SD 170978,Restauracja zgłasza problem z MyStore,2025 07 16 07:00:30.218000 02:00,Usługa,MOP Stobiecko Szlacheckie Wschod,Nieznany,MOP Stobiecko Szlacheckie Wschod,Restauracja zgłasza problem z MyStore,restauracja zgłasza problem z mystore,inne,0.5
SD 170977,Backoffie zmiana rozdzielczości,2025 07 16 07:00:23.975000 02:00,Incydent,PL 00568 Pultusk,568,Pultusk,Backoffie zmiana rozdzielczości,backoffie zmiana rozdzielczości,inne,0.5
SD 170975,POS03 Nie załadował się,2025 07 16 06:59:26.970000 02:00,Incydent,PL 00553 Kutno 02,553,Kutno 02,POS03 Nie załadował się,pos03 nie załadował się,POS brak kafelków,0.9
SD 170973,POS24 Admin Logon,2025 07 16 06:55:56.745000 02:00,Incydent,PL 00466 W wa 50 Zachodnia,466,W wa 50 Zachodnia,POS24 Admin Logon,pos24 admin logon,POS/CSO/KVS admin logon,0.9
SD 170972,POS06 brak kafelków,2025 07 16 06:54:58.351000 02:00,Incydent,PL 00078 Poznan 07 Swarzedz,078,Poznan 07 Swarzedz,POS06 brak kafelków,pos06 brak kafelków,POS brak kafelków,0.9
SD 170971,Router Rest nie pinguje,2025 07 16 06:50:24.239000 02:00,Incydent,PL 00367 Wroclaw 18 SkyTower,367,Wroclaw 18 SkyTower,Router Rest nie pinguje,router rest nie pinguje,inne,0.5
SD 170969,HWA01 zawiesozny ekran,2025 07 16 06:45:36.455000 02:00,Incydent,PL 00525 Dzierzoniow,525,Dzierzoniow,HWA01 zawiesozny ekran,hwa01 zawiesozny ekran,inne,0.5
SD 170968,POS24 długo się uruchamia,2025 07 16 06:43:37.399000 02:00,Usługa,PL 00566 Wroclaw 22 Auchan,566,Wroclaw 22 Auchan,POS24 długo się uruchamia,pos24 długo się uruchamia,inne,0.5
SD 170967,FOE63 Niepoprawny dzień biznesowy,2025 07 16 06:41:38.759000 02:00,Incydent,PL 00077 W wa 13 Pruszkow,077,W wa 13 Pruszkow,FOE63 Niepoprawny dzień biznesowy,foe63 niepoprawny dzień biznesowy,FOE63 nieprawidłowy dzień biznesowy,0.9
SD 170966,McDonald s Poland Coates Support Case 00376559 Acknowledgment,2025 07 16 06:39:21.620000 02:00,Usługa,pl asista,Asystent,Asystent systemowy,McDonald s Poland Coates Support Case 00376559 Acknowledgment,mcdonald s poland coates support case 00376559 acknowledgment,inne,0.5
SD 170965,IDMB FC02 nie działa,2025 07 16 06:38:13.532000 02:00,Incydent,PL 00414 MOP Stanislawice A4 South,414,MOP Stanislawice A4 South,IDMB FC02 nie działa,idmb fc02 nie działa,inne,0.5
SD 170964,POS06 ładowanie 50%,2025 07 16 06:32:37.409000 02:00,Incydent,Stargard 2 PL 00699,699,Stargard 2,POS06 ładowanie 50%,pos06 ładowanie 50%,inne,0.5
SD 170963,KVS10 Czerwona M,2025 07 16 06:28:46.589000 02:00,Incydent,PL 00452 Gdansk 14 Forum Gdansk Instore,452,Gdansk 14 Forum Gdansk Instore,KVS10 Czerwona M,kvs10 czerwona m,POS/CSO/KVS czerwona M,0.9
SD 170962,DF MOP nie działa prawidłowo,2025 07 16 06:28:39.243000 02:00,Incydent,PL 00032 W wa 06 Janki,032,W wa 06 Janki,DF MOP nie działa prawidłowo,df mop nie działa prawidłowo,inne,0.5
SD 170961,Kasa nie uruchamia się do końca,2025 07 16 06:27:27.043000 02:00,Incydent,PL 00612 Gdynia Szperk,612,Gdynia Szperk,Kasa nie uruchamia się do końca,kasa nie uruchamia się do końca,inne,0.5
SD 170960,Wprowadzenie sprzedaży za dzień 15.07.2025,2025 07 16 06:25:22.414000 02:00,Usługa,Slawomir Malewicz,Nieznany,Slawomir Malewicz,Wprowadzenie sprzedaży za dzień 15.07.2025,wprowadzenie sprzedaży za dzień 15.07.2025,inne,0.5
SD 170959,MOP Brak fiskalizacji zamówień,2025 07 16 06:21:30.302000 02:00,Incydent,PL 00169 Katowice 3 Aral,169,Katowice 3 Aral,MOP Brak fiskalizacji zamówień,mop brak fiskalizacji zamówień,MOP brak fiskalizacji,0.9
SD 170958,Wyłączają się,2025 07 16 06:18:52.603000 02:00,Incydent,PL 00339 Koszalin 3 Monte Casino,339,Koszalin 3 Monte Casino,Wyłączają się,wyłączają się,inne,0.5
SD 170957,WayStation offline,2025 07 16 06:14:53.641000 02:00,Incydent,PL 00463 Rybnik 03 Rondo,463,Rybnik 03 Rondo,WayStation offline,waystation offline,POS/CSO waystation offline,0.9
SD 170956,Pilot HoC 1 ponowny problem z drukarkami grillowymi po aktualizacji,2025 07 16 06:14:41.853000 02:00,Incydent,PL 00411 MOP Markuszow S17 North,411,MOP Markuszow S17 North,Pilot HoC 1 ponowny problem z drukarkami grillowymi po aktualizacji,pilot hoc 1 ponowny problem z drukarkami grillowymi po aktualizacji,inne,0.5
SD 170955,POS01 Nie załadował się,2025 07 16 06:13:28.597000 02:00,Incydent,pl 00555,555,pl 00555,POS01 Nie załadował się,pos01 nie załadował się,POS brak kafelków,0.9
SD 170954,POS admin logon,2025 07 16 06:11:09.840000 02:00,Incydent,PL 00721 Bydgoszcz Jana Pawla,721,Bydgoszcz Jana Pawla,POS admin logon,pos admin logon,POS/CSO/KVS admin logon,0.9
SD 170953,Wrin Napój Owsiany,2025 07 16 06:10:28.545000 02:00,Usługa,PL 00089 Krakow 04 Fala,089,Krakow 04 Fala,Wrin Napój Owsiany,wrin napój owsiany,inne,0.5
SD 170952,Wyłączenie prądu 11:30 14:30,2025 07 16 06:09:11.621000 02:00,Usługa,PL 00288 MOP Police,288,MOP Police,Wyłączenie prądu 11:30 14:30,wyłączenie prądu 11:30 14:30,inne,0.5
SD 170951,MOP nie działa prawidłowo,2025 07 16 06:05:45.951000 02:00,Incydent,MOP Stobiecko Szlacheckie Zach,Nieznany,MOP Stobiecko Szlacheckie Zach,MOP nie działa prawidłowo,mop nie działa prawidłowo,inne,0.5
SD 170950,POS03 Not Initialized,2025 07 16 05:58:06.104000 02:00,Incydent,PL 00258 Pila,258,Pila,POS03 Not Initialized,pos03 not initialized,POS not initalized,0.9
SD 170949,POS01 Zacięte na 50%.,2025 07 16 05:58:05.979000 02:00,Incydent,PL 00622 Lukow,622,Lukow,POS01 Zacięte na 50%.,pos01 zacięte na 50%.,inne,0.5
SD 170948,POS06 brak kafelków,2025 07 16 05:57:13.049000 02:00,Incydent,PL 00224 Debica,224,Debica,POS06 brak kafelków,pos06 brak kafelków,POS brak kafelków,0.9
SD 170947,POS03 Brak kafelków,2025 07 16 05:51:12.759000 02:00,Incydent,pl 00655,655,pl 00655,POS03 Brak kafelków,pos03 brak kafelków,POS brak kafelków,0.9
SD 170946,Połączenie,2025 07 16 05:50:02.779000 02:00,Incydent,PL 00657 Konin 3,657,Konin 3,Połączenie,połączenie,inne,0.5
SD 170944,TR Serwer nie jest dostępny,2025 07 16 05:48:13.500000 02:00,Incydent,MOP Stobiecko Szlacheckie Wschod,Nieznany,MOP Stobiecko Szlacheckie Wschod,TR Serwer nie jest dostępny,tr serwer nie jest dostępny,inne,0.5
SD 170943,EPR01 Nie pinguje.,2025 07 16 05:46:51.837000 02:00,Incydent,pl 00208,208,pl 00208,EPR01 Nie pinguje.,epr01 nie pinguje.,inne,0.5
SD 170942,Pos01 Admin logon,2025 07 16 05:44:17.147000 02:00,Incydent,PL 00311 Nowy Dwor Gdanski,311,Nowy Dwor Gdanski,Pos01 Admin logon,pos01 admin logon,POS/CSO/KVS admin logon,0.9
SD 170941,POS01 zacięty na 50%,2025 07 16 05:43:45.305000 02:00,Incydent,PL 00017 Czestochowa 2,017,Czestochowa 2,POS01 zacięty na 50%,pos01 zacięty na 50%,inne,0.5
SD 170940,POS06 Zawiesiła się podczas uruchaminia,2025 07 16 05:43:44.454000 02:00,Incydent,MOP Wozniki PL 00683,683,MOP Wozniki,POS06 Zawiesiła się podczas uruchaminia,pos06 zawiesiła się podczas uruchaminia,POS/CSO zawieszony,0.9
SD 170939,Brak produktu Frytki na listach magazynowych,2025 07 16 05:39:46.839000 02:00,Incydent,PL 00455 Grodzisk Wielkopolski,455,Grodzisk Wielkopolski,Brak produktu Frytki na listach magazynowych,brak produktu frytki na listach magazynowych,inne,0.5
SD 170938,RHS01 nie uruchomił się po awarii prądu,2025 07 16 05:34:45.448000 02:00,Incydent,PL 00071 Lodz 03 Piotrkowska,071,Lodz 03 Piotrkowska,RHS01 nie uruchomił się po awarii prądu,rhs01 nie uruchomił się po awarii prądu,inne,0.5
SD 170937,POS19 time blocked,2025 07 16 05:34:20.528000 02:00,Incydent,PL 00239 W wa 35 Dzika,239,W wa 35 Dzika,POS19 time blocked,pos19 time blocked,inne,0.5
SD 170936,nie może się uruchomić,2025 07 16 05:31:27.177000 02:00,Incydent,pl 00624,624,pl 00624,nie może się uruchomić,nie może się uruchomić,inne,0.5
SD 170934,POS02 Zawieszone ładowanie NP,2025 07 16 05:28:14.599000 02:00,Incydent,PL 00610 MOP Kleszczewko Wschod,610,MOP Kleszczewko Wschod,POS02 Zawieszone ładowanie NP,pos02 zawieszone ładowanie np,inne,0.5
SD 170933,POS19 Brak kafelków,2025 07 16 05:25:38.332000 02:00,Incydent,PL 00070 Lodz 04 Lodka,070,Lodz 04 Lodka,POS19 Brak kafelków,pos19 brak kafelków,POS brak kafelków,0.9
SD 170932,KVS06 Nie uruchamia się newpos,2025 07 16 05:23:46.560000 02:00,Incydent,Koscian PL 00665,665,Koscian,KVS06 Nie uruchamia się newpos,kvs06 nie uruchamia się newpos,POS/CSO/KVS czerwona M,0.9
SD 170931,brak wrina,2025 07 16 05:18:14.250000 02:00,Incydent,PL 00462 Airport Airside,462,Airport Airside,brak wrina,brak wrina,inne,0.5
SD 170930,KVS02 czerwona M,2025 07 16 05:18:03.149000 02:00,Incydent,PL 00516 Czluchow,516,Czluchow,KVS02 czerwona M,kvs02 czerwona m,POS/CSO/KVS czerwona M,0.9
SD 170929,Waystation offline,2025 07 16 05:17:35.611000 02:00,Incydent,PL 00162 Poznan 09 Obornicka,162,Poznan 09 Obornicka,Waystation offline,waystation offline,POS/CSO waystation offline,0.9
SD 170928,MAP01 Drukarka nie drukuje.,2025 07 16 05:15:36.462000 02:00,Incydent,PL 00473 Białystok 05 Produkcyjna,473,Białystok 05 Produkcyjna,MAP01 Drukarka nie drukuje.,map01 drukarka nie drukuje.,inne,0.5
SD 170927,Waystaion offline Brak przyczyny wystąpienia,2025 07 16 05:03:38.644000 02:00,Incydent,PL 00132 Zory 1,132,Zory 1,Waystaion offline Brak przyczyny wystąpienia,waystaion offline brak przyczyny wystąpienia,POS/CSO waystation offline,0.9
SD 170926,POS06 brak kafelków,2025 07 16 04:56:14.658000 02:00,Incydent,PL 00320 Klodzko,320,Klodzko,POS06 brak kafelków,pos06 brak kafelków,POS brak kafelków,0.9
SD 170925,Błędna godzina na TR oraz BOS01,2025 07 16 04:43:55.510000 02:00,Incydent,PL 00694 Tarnow,694,Tarnow,Błędna godzina na TR oraz BOS01,błędna godzina na tr oraz bos01,inne,0.5
SD 170924,Zapytanie o cofnięcie planowanego restartu o 5:30.,2025 07 16 04:33:59.645000 02:00,Usługa,PL 00481 MOP Chojny Wieluń S8 E,481,MOP Chojny Wieluń S8 E,Zapytanie o cofnięcie planowanego restartu o 5:30.,zapytanie o cofnięcie planowanego restartu o 5:30.,inne,0.5
SD 170923,brak wydruków grill slipów z drukarki BC / McCafe oraz MFY2,2025 07 16 04:28:19.350000 02:00,Incydent,PL 00334 Tarnobrzeg,334,Tarnobrzeg,brak wydruków grill slipów z drukarki BC / McCafe oraz MFY2,brak wydruków grill slipów z drukarki bc / mccafe oraz mfy2,inne,0.5
SD 170922,Zapytanie na temat zmiany sbs,2025 07 16 04:25:40.337000 02:00,Usługa,PL 00740 MOP S6 Kamien Polnoc,740,MOP S6 Kamien Polnoc,Zapytanie na temat zmiany sbs,zapytanie na temat zmiany sbs,inne,0.5
SD 170920,Szary ekran,2025 07 16 04:11:39.960000 02:00,Incydent,PL 00334 Tarnobrzeg,334,Tarnobrzeg,Szary ekran,szary ekran,inne,0.5
SD 170919,OfficePC drukarka nie drukuje,2025 07 16 04:09:07.272000 02:00,Incydent,PL 00643 Bytow,643,Bytow,OfficePC drukarka nie drukuje,officepc drukarka nie drukuje,inne,0.5
SD 170918,Prośba o detach CSO25.,2025 07 16 04:08:32.344000 02:00,Incydent,PL 00325 Chrzanow,325,Chrzanow,Prośba o detach CSO25.,prośba o detach cso25.,inne,0.5
SD 170901,POS03 Brak kafelków na pos,2025 07 16 03:49:12.096000 02:00,Incydent,PL 00339 Koszalin 3 Monte Casino,339,Koszalin 3 Monte Casino,POS03 Brak kafelków na pos,pos03 brak kafelków na pos,POS brak kafelków,0.9
SD 170900,Zamiana DT SBS,2025 07 16 03:40:15.280000 02:00,Incydent,Szczecin Hakena PL 00680,680,Szczecin Hakena,Zamiana DT SBS,zamiana dt sbs,inne,0.5
SD 170899,DT SBS Zminay przypisania kas na linii DT dostosowanie do nowego stanardu,2025 07 16 03:39:13.275000 02:00,Incydent,Grudziadz PL 00661,661,Grudziadz,DT SBS Zminay przypisania kas na linii DT dostosowanie do nowego stanardu,dt sbs zminay przypisania kas na linii dt dostosowanie do nowego stanardu,inne,0.5
SD 170898,RHS01/02 nie uruchomiły się po awarii prądu,2025 07 16 03:39:03.111000 02:00,Incydent,PL 00721 Bydgoszcz Jana Pawla,721,Bydgoszcz Jana Pawla,RHS01/02 nie uruchomiły się po awarii prądu,rhs01/02 nie uruchomiły się po awarii prądu,inne,0.5
SD 170896,CSO31 brak raportu dobowego,2025 07 16 03:38:17.368000 02:00,Incydent,PL 00522 Piekary Slaskie,522,Piekary Slaskie,CSO31 brak raportu dobowego,cso31 brak raportu dobowego,inne,0.5
SD 170891,CSO28 Brak papieru w drukarce,2025 07 16 03:20:58.299000 02:00,Incydent,PL 00330 Okmiany,330,Okmiany,CSO28 Brak papieru w drukarce,cso28 brak papieru w drukarce,inne,0.5
SD 170890,Po zamianie SBS nie działa skaner.,2025 07 16 03:20:06.659000 02:00,Incydent,PL 00711 Zywiec 2,711,Zywiec 2,Po zamianie SBS nie działa skaner.,po zamianie sbs nie działa skaner.,POS/CSO/DT skaner nie działa,0.9
SD 170889,MyStore problem z zamknięciem dnia,2025 07 16 03:16:05.513000 02:00,Incydent,PL 00575 Czechowice Dziedzice,575,Czechowice Dziedzice,MyStore problem z zamknięciem dnia,mystore problem z zamknięciem dnia,inne,0.5
SD 170888,POSY Nie działaja terminale w rest,2025 07 16 03:14:30.103000 02:00,Incydent,PL 00462 Airport Airside,462,Airport Airside,POSY Nie działaja terminale w rest,posy nie działaja terminale w rest,POS/CSO/DT skaner nie działa,0.9
SD 170887,CSO31 Nie uruchamia się.,2025 07 16 03:10:12.977000 02:00,Incydent,PL 00645 Wroclaw Kazimierza Wielkiego,645,Wroclaw Kazimierza Wielkiego,CSO31 Nie uruchamia się.,cso31 nie uruchamia się.,inne,0.5
SD 170886,MyStore problem z TR,2025 07 16 03:07:44.562000 02:00,Usługa,PL 00501 Mrągowo,501,Mrągowo,MyStore problem z TR,mystore problem z tr,inne,0.5
SD 170885,Zegar w backoffice ORAZ na TR spieszy się o godzinę,2025 07 16 03:05:50.953000 02:00,Incydent,PL 00318 Nadarzyn Maximus,318,Nadarzyn Maximus,Zegar w backoffice ORAZ na TR spieszy się o godzinę,zegar w backoffice oraz na tr spieszy się o godzinę,inne,0.5
SD 170884,Zapytanie na temat linii sbs na drive,2025 07 16 03:01:51.127000 02:00,Usługa,PL 00740 MOP S6 Kamien Polnoc,740,MOP S6 Kamien Polnoc,Zapytanie na temat linii sbs na drive,zapytanie na temat linii sbs na drive,inne,0.5
SD 170883,MS9 Prośba o dodanie nr WRIN dla nowego napoju owsianego.,2025 07 16 03:01:44.469000 02:00,Incydent,PL 00094 Legnica 1,094,Legnica 1,MS9 Prośba o dodanie nr WRIN dla nowego napoju owsianego.,ms9 prośba o dodanie nr wrin dla nowego napoju owsianego.,inne,0.5
SD 170882,"Problem z zamknięciem POS02 nie przeszło na kasie, z której był zamykany dzień.",2025 07 16 02:57:34.498000 02:00,Incydent,PL 00292 MOP Kozlow,292,MOP Kozlow,"Problem z zamknięciem POS02 nie przeszło na kasie, z której był zamykany dzień.","problem z zamknięciem pos02 nie przeszło na kasie, z której był zamykany dzień.",Newpos Zamknięcie nie przeszło na kasie z której był zamykany dzień,0.9
SD 170879,Prośba o restart hasla do MS,2025 07 16 02:55:05.538000 02:00,Incydent,PL 00224 Debica,224,Debica,Prośba o restart hasla do MS,prośba o restart hasla do ms,inne,0.5
SD 170878,MyStore problem z zamknięciem dnia,2025 07 16 02:54:44.712000 02:00,Incydent,PL 00658 Ozimek,658,Ozimek,MyStore problem z zamknięciem dnia,mystore problem z zamknięciem dnia,inne,0.5
SD 170877,CSO29 Nie pinguje,2025 07 16 02:54:05.253000 02:00,Incydent,PL 00399 Jawornik,399,Jawornik,CSO29 Nie pinguje,cso29 nie pinguje,inne,0.5
SD 170876,Zapytanie na temat linii sbs na drive,2025 07 16 02:53:54.743000 02:00,Usługa,Szczecin Hakena PL 00680,680,Szczecin Hakena,Zapytanie na temat linii sbs na drive,zapytanie na temat linii sbs na drive,inne,0.5
SD 170873,"Newpos Zamknięcie nie przeszło na kasie, z której był zamykany dzień.",2025 07 16 02:46:21.789000 02:00,Incydent,PL 00298 Konin 2,298,Konin 2,"Newpos Zamknięcie nie przeszło na kasie, z której był zamykany dzień.","newpos zamknięcie nie przeszło na kasie, z której był zamykany dzień.",Newpos Zamknięcie nie przeszło na kasie z której był zamykany dzień,0.9
SD 170872,CSO29 wydrukował się zerowy drawer.,2025 07 16 02:46:04.035000 02:00,Incydent,PL 00590 Nidzica,590,Nidzica,CSO29 wydrukował się zerowy drawer.,cso29 wydrukował się zerowy drawer.,inne,0.5
SD 170871,Raport zużycia półproduktów,2025 07 16 02:45:58.704000 02:00,Incydent,PL 00352 MOP Lozienica,352,MOP Lozienica,Raport zużycia półproduktów,raport zużycia półproduktów,inne,0.5
SD 170870,Mystore Duże minusy na inventaryzacji,2025 07 16 02:44:33.590000 02:00,Incydent,PL 00046 Gdynia 01,046,Gdynia 01,Mystore Duże minusy na inventaryzacji,mystore duże minusy na inventaryzacji,inne,0.5
SD 170868,POS08 Ładowanie zatrzymało się na 50%.,2025 07 16 02:41:21.313000 02:00,Incydent,PL 00332 Poznan 14 Baltycka,332,Poznan 14 Baltycka,POS08 Ładowanie zatrzymało się na 50%.,pos08 ładowanie zatrzymało się na 50%.,inne,0.5
SD 170867,Kody do zeskanowania skanera DT,2025 07 16 02:39:27.234000 02:00,Usługa,Koscian PL 00665,665,Koscian,Kody do zeskanowania skanera DT,kody do zeskanowania skanera dt,POS/CSO/DT skaner nie działa,0.9
SD 170866,POS03 50%,2025 07 16 02:38:01.393000 02:00,Incydent,Strykow PL 00571,571,Strykow,POS03 50%,pos03 50%,inne,0.5
SD 170864,CSO41 Admin logon.,2025 07 16 02:29:01.269000 02:00,Incydent,PL 00444 W wa 49 Swietokrzyska,444,W wa 49 Swietokrzyska,CSO41 Admin logon.,cso41 admin logon.,POS/CSO/KVS admin logon,0.9
SD 170863,nieudane zamknięcie dnia,2025 07 16 02:28:21.422000 02:00,Incydent,PL 00581 Kolo,581,Kolo,nieudane zamknięcie dnia,nieudane zamknięcie dnia,inne,0.5
SD 170862,POS03 Not initialized,2025 07 16 02:25:42.916000 02:00,Incydent,PL 00565 W wa Radzymińska 2,565,W wa Radzymińska 2,POS03 Not initialized,pos03 not initialized,POS not initalized,0.9
SD 170861,CSO31 nie pinguje,2025 07 16 02:23:20.889000 02:00,Incydent,PL 00641 Ilawa,641,Ilawa,CSO31 nie pinguje,cso31 nie pinguje,inne,0.5
SD 170860,Pytanie o zbicie zamówienia,2025 07 16 02:23:20.623000 02:00,Usługa,PL 00366 Szczecin 09 Ster,366,Szczecin 09 Ster,Pytanie o zbicie zamówienia,pytanie o zbicie zamówienia,inne,0.5
SD 170859,Nie przechodzi zamknięcie dnia na wszystkich urządzeniach,2025 07 16 02:20:29.188000 02:00,Incydent,PL 00467 Zary,467,Zary,Nie przechodzi zamknięcie dnia na wszystkich urządzeniach,nie przechodzi zamknięcie dnia na wszystkich urządzeniach,inne,0.5
SD 170858,POS07 50%,2025 07 16 02:20:09.468000 02:00,Incydent,PL 00165 Czeladz 2,165,Czeladz 2,POS07 50%,pos07 50%,inne,0.5
SD 170857,POS02 50%,2025 07 16 02:18:51.944000 02:00,Incydent,PL 00195 Zabrze 2,195,Zabrze 2,POS02 50%,pos02 50%,inne,0.5
SD 170855,BOS01 nie mozna się połączyć,2025 07 16 02:17:01.923000 02:00,Usługa,PL 00080 Krakow 03 Opolska,080,Krakow 03 Opolska,BOS01 nie mozna się połączyć,bos01 nie mozna się połączyć,inne,0.5
SD 170854,"Newpos Zamknięcie nie przeszło na kasie, z której był zamykany dzień. POS24",2025 07 16 02:16:43.472000 02:00,Incydent,PL 00464 W wa 01 Centrum,464,W wa 01 Centrum,"Newpos Zamknięcie nie przeszło na kasie, z której był zamykany dzień. POS24","newpos zamknięcie nie przeszło na kasie, z której był zamykany dzień. pos24",Newpos Zamknięcie nie przeszło na kasie z której był zamykany dzień,0.9
SD 170851,SBS Nie wczytuje się obraz nad POS19.,2025 07 16 02:14:58.933000 02:00,Incydent,PL 00740 MOP S6 Kamien Polnoc,740,MOP S6 Kamien Polnoc,SBS Nie wczytuje się obraz nad POS19.,sbs nie wczytuje się obraz nad pos19.,inne,0.5
SD 170849,BOS01 Nie można się połączyć,2025 07 16 02:13:02.777000 02:00,Usługa,PL 00116 Lublin 1,116,Lublin 1,BOS01 Nie można się połączyć,bos01 nie można się połączyć,inne,0.5
SD 170847,CSO25 CR Nie uruchamia się aplikacja.,2025 07 16 02:05:33.447000 02:00,Incydent,PL 00073 Bialystok 1,073,Bialystok 1,CSO25 CR Nie uruchamia się aplikacja.,cso25 cr nie uruchamia się aplikacja.,inne,0.5
SD 170844,Nieprawidłowe przesyłanie kuponów po zmianie SBS,2025 07 16 01:57:51.349000 02:00,Incydent,Koscian PL 00665,665,Koscian,Nieprawidłowe przesyłanie kuponów po zmianie SBS,nieprawidłowe przesyłanie kuponów po zmianie sbs,inne,0.5
SD 170843,Mystore Brak możliwosci otwarcia raportu operacyjnego,2025 07 16 01:57:12.961000 02:00,Incydent,PL 00135 Elblag 1,135,Elblag 1,Mystore Brak możliwosci otwarcia raportu operacyjnego,mystore brak możliwosci otwarcia raportu operacyjnego,inne,0.5
SD 170841,Zapytanie o SBS.,2025 07 16 01:55:36.117000 02:00,Usługa,PL 00711 Zywiec 2,711,Zywiec 2,Zapytanie o SBS.,zapytanie o sbs.,inne,0.5
SD 170840,CSO25 nie pinguje,2025 07 16 01:55:21.216000 02:00,Incydent,PL 00338 Odolion,338,Odolion,CSO25 nie pinguje,cso25 nie pinguje,inne,0.5
SD 170839,"Problem z zamknięciem POS06 nie przeszło na kasie, z której był zamykany dzień.",2025 07 16 01:52:48.852000 02:00,Incydent,Tychy 4 PL 00704,704,Tychy 4,"Problem z zamknięciem POS06 nie przeszło na kasie, z której był zamykany dzień.","problem z zamknięciem pos06 nie przeszło na kasie, z której był zamykany dzień.",Newpos Zamknięcie nie przeszło na kasie z której był zamykany dzień,0.9
SD 170838,MyStore nie można uruchomić,2025 07 16 01:52:03.981000 02:00,Incydent,pl 00695,695,pl 00695,MyStore nie można uruchomić,mystore nie można uruchomić,inne,0.5
SD 170835,TR Zablokowany Tr Nie przechodzi zamkniecie dnia biznesowego,2025 07 16 01:40:44.861000 02:00,Incydent,PL 00412 MOP Markuszow S17 South,412,MOP Markuszow S17 South,TR Zablokowany Tr Nie przechodzi zamkniecie dnia biznesowego,tr zablokowany tr nie przechodzi zamkniecie dnia biznesowego,inne,0.5
SD 170833,Waystation prośba o otwarcie dnia biznesowego,2025 07 16 01:31:36.267000 02:00,Incydent,PL 00188 Plock 1,188,Plock 1,Waystation prośba o otwarcie dnia biznesowego,waystation prośba o otwarcie dnia biznesowego,Waystation offline,0.8
SD 170832,"Newpos Zamknięcie nie przeszło na kasie, z której był zamykany dzień. POS7",2025 07 16 01:30:16.666000 02:00,Incydent,PL 00214 Torun 2,214,Torun 2,"Newpos Zamknięcie nie przeszło na kasie, z której był zamykany dzień. POS7","newpos zamknięcie nie przeszło na kasie, z której był zamykany dzień. pos7",Newpos Zamknięcie nie przeszło na kasie z której był zamykany dzień,0.9
SD 170830,Restart kas w restauracji,2025 07 16 01:29:25.552000 02:00,Usługa,PL 00323 Biala Podlaska,323,Biala Podlaska,Restart kas w restauracji,restart kas w restauracji,inne,0.5
SD 170828,"Problem z zamknięciem POS01 nie przeszło na kasie, z której był zamykany dzień.",2025 07 16 01:27:58.642000 02:00,Incydent,pl 00733,733,pl 00733,"Problem z zamknięciem POS01 nie przeszło na kasie, z której był zamykany dzień.","problem z zamknięciem pos01 nie przeszło na kasie, z której był zamykany dzień.",Newpos Zamknięcie nie przeszło na kasie z której był zamykany dzień,0.9
SD 170827,POS24 nie uruchamia się,2025 07 16 01:26:09.193000 02:00,Incydent,PL 00501 Mrągowo,501,Mrągowo,POS24 nie uruchamia się,pos24 nie uruchamia się,inne,0.5
SD 170825,Czarny ekran na komputerze w menadżerskim .13,2025 07 16 01:22:38.808000 02:00,Incydent,PL 00239 W wa 35 Dzika,239,W wa 35 Dzika,Czarny ekran na komputerze w menadżerskim .13,czarny ekran na komputerze w menadżerskim .13,inne,0.5
SD 170824,POS01 Brak kafelków na pos,2025 07 16 01:22:38.638000 02:00,Incydent,PL 00114 Tarnowskie Gory 1,114,Tarnowskie Gory 1,POS01 Brak kafelków na pos,pos01 brak kafelków na pos,POS brak kafelków,0.9
SD 170822,Wszystkie POS zrestartowały się.,2025 07 16 01:20:41.246000 02:00,Usługa,PL 00218 Krakow 09 Bora,218,Krakow 09 Bora,Wszystkie POS zrestartowały się.,wszystkie pos zrestartowały się.,inne,0.5
SD 170821,"Newpos Zamknięcie nie przeszło na kasie, z której był zamykany dzień.",2025 07 16 01:19:05.534000 02:00,Incydent,PL 00150 Lodz 10 Fabryka,150,Lodz 10 Fabryka,"Newpos Zamknięcie nie przeszło na kasie, z której był zamykany dzień.","newpos zamknięcie nie przeszło na kasie, z której był zamykany dzień.",Newpos Zamknięcie nie przeszło na kasie z której był zamykany dzień,0.9
SD 170820,Waystaion offline Brak przyczyny wystąpienia,2025 07 16 01:17:51.170000 02:00,Incydent,PL 00202 Nowy Sacz,202,Nowy Sacz,Waystaion offline Brak przyczyny wystąpienia,waystaion offline brak przyczyny wystąpienia,POS/CSO waystation offline,0.9
SD 170819,Waystation prośba o otwarcie dnia,2025 07 16 01:14:24.675000 02:00,Incydent,PL 00367 Wroclaw 18 SkyTower,367,Wroclaw 18 SkyTower,Waystation prośba o otwarcie dnia,waystation prośba o otwarcie dnia,Waystation offline,0.8
SD 170818,Na wyświetlaczu pokazuje się czerwony ekran. Restart nie pomaga. Nie da się zamknąć dnia.,2025 07 16 01:12:15.712000 02:00,Incydent,PL 00392 MOP Jozefow,392,MOP Jozefow,Na wyświetlaczu pokazuje się czerwony ekran. Restart nie pomaga. Nie da się zamknąć dnia.,na wyświetlaczu pokazuje się czerwony ekran. restart nie pomaga. nie da się zamknąć dnia.,inne,0.5
SD 170816,Mystore Brakujące odbicia czasowe,2025 07 16 01:09:27.623000 02:00,Incydent,PL 00487 MOP Aleksandrowice A4 N,487,MOP Aleksandrowice A4 N,Mystore Brakujące odbicia czasowe,mystore brakujące odbicia czasowe,MyStore Prośba o pomoc w edycji odbić czasowych,0.9
SD 170815,Dubel SD 169589,2025 07 16 01:04:57.133000 02:00,Incydent,PL 00439 Oswiecim,439,Oswiecim,Dubel SD 169589,dubel sd 169589,inne,0.5
SD 170814,POs19 brak kafelków,2025 07 16 01:02:27.774000 02:00,Incydent,PL 00374 W wa 47 Wal Miedzeszynski,374,W wa 47 Wal Miedzeszynski,POs19 brak kafelków,pos19 brak kafelków,POS brak kafelków,0.9
SD 170813,DT SBS pytanie o porty,2025 07 16 01:02:22.242000 02:00,Usługa,Grudziadz PL 00661,661,Grudziadz,DT SBS pytanie o porty,dt sbs pytanie o porty,inne,0.5
SD 170812,CSO27 Niedostępny.,2025 07 16 00:59:56.837000 02:00,Incydent,PL 00071 Lodz 03 Piotrkowska,071,Lodz 03 Piotrkowska,CSO27 Niedostępny.,cso27 niedostępny.,CSOxx niedostępny,0.9
SD 170811,Zapytanie na temat zmiany na temat sbs,2025 07 16 00:58:43.526000 02:00,Usługa,PL 00711 Zywiec 2,711,Zywiec 2,Zapytanie na temat zmiany na temat sbs,zapytanie na temat zmiany na temat sbs,inne,0.5
SD 170810,"Newpos Zamknięcie nie przeszło na kasie, z której był zamykany dzień.",2025 07 16 00:55:55.055000 02:00,Incydent,PL 00458 Airport Landside,458,Airport Landside,"Newpos Zamknięcie nie przeszło na kasie, z której był zamykany dzień.","newpos zamknięcie nie przeszło na kasie, z której był zamykany dzień.",Newpos Zamknięcie nie przeszło na kasie z której był zamykany dzień,0.9
SD 170809,POS24 błąd fiscal driver,2025 07 16 00:45:27.169000 02:00,Incydent,PL 00516 Czluchow,516,Czluchow,POS24 błąd fiscal driver,pos24 błąd fiscal driver,inne,0.5
SD 170807,POS20 Not initialized,2025 07 16 00:43:39.195000 02:00,Incydent,PL 00058 W wa 17 Wilanow,058,W wa 17 Wilanow,POS20 Not initialized,pos20 not initialized,POS not initalized,0.9
SD 170806,POS09 Nie pinguje,2025 07 16 00:42:05.940000 02:00,Incydent,PL 00509 MOP Machnacz A1 E,509,MOP Machnacz A1 E,POS09 Nie pinguje,pos09 nie pinguje,inne,0.5
SD 170805,Newpos Nie przechodzi zamknięcie dnia.,2025 07 16 00:41:49.044000 02:00,Incydent,PL 00528 Jozefow,528,Jozefow,Newpos Nie przechodzi zamknięcie dnia.,newpos nie przechodzi zamknięcie dnia.,Newpos Zamknięcie nie przeszło na kasie z której był zamykany dzień,0.9
SD 170804,POS03 brak kafelków,2025 07 16 00:37:46.094000 02:00,Incydent,PL 00202 Nowy Sacz,202,Nowy Sacz,POS03 brak kafelków,pos03 brak kafelków,POS brak kafelków,0.9
SD 170802,CSO30 Nie pinguje,2025 07 16 00:29:19.113000 02:00,Incydent,PL 00399 Jawornik,399,Jawornik,CSO30 Nie pinguje,cso30 nie pinguje,inne,0.5
SD 170801,Pytanie o logowanie do HaviConnect,2025 07 16 00:27:22.241000 02:00,Usługa,PL 00582 MOP Kochlice Wschód,582,MOP Kochlice Wschód,Pytanie o logowanie do HaviConnect,pytanie o logowanie do haviconnect,inne,0.5
SD 170800,TR Zablokowany Tr Nie przechodzi zamkniecie dnia biznesowego,2025 07 16 00:26:59.344000 02:00,Incydent,PL 00016 Torun 1,016,Torun 1,TR Zablokowany Tr Nie przechodzi zamkniecie dnia biznesowego,tr zablokowany tr nie przechodzi zamkniecie dnia biznesowego,inne,0.5
SD 170799,POS01 Brak kafelków na pos,2025 07 16 00:25:09.270000 02:00,Poważny Incydent,PL 00165 Czeladz 2,165,Czeladz 2,POS01 Brak kafelków na pos,pos01 brak kafelków na pos,POS brak kafelków,0.9
SD 170797,Zapytanie o SBS,2025 07 16 00:24:30.839000 02:00,Usługa,Kwidzyn PL 00677,677,Kwidzyn,Zapytanie o SBS,zapytanie o sbs,inne,0.5
SD 170795,Mystore Błędne czasy w edycji odbic czasowych,2025 07 16 00:23:48.282000 02:00,Incydent,Strykow PL 00571,571,Strykow,Mystore Błędne czasy w edycji odbic czasowych,mystore błędne czasy w edycji odbic czasowych,MyStore Prośba o pomoc w edycji odbić czasowych,0.9
SD 170794,Office PC Każda próba wydruku wykonuje się w PDF Creator,2025 07 16 00:23:33.296000 02:00,Incydent,PL 00595 Znin,595,Znin,Office PC Każda próba wydruku wykonuje się w PDF Creator,office pc każda próba wydruku wykonuje się w pdf creator,inne,0.5
SD 170791,POS07 Błędnie zamkniety dzień biznesowy,2025 07 16 00:19:00.090000 02:00,Incydent,PL 00393 Katowice 07 PKP,393,Katowice 07 PKP,POS07 Błędnie zamkniety dzień biznesowy,pos07 błędnie zamkniety dzień biznesowy,Newpos Zamknięcie nie przeszło na kasie z której był zamykany dzień,0.9
SD 170790,Różnica Wrin na alpro owsianym pomiędzy fakturą a MS9,2025 07 16 00:18:36.586000 02:00,Usługa,PL 00569 Bielsko Krausa,569,Bielsko Krausa,Różnica Wrin na alpro owsianym pomiędzy fakturą a MS9,różnica wrin na alpro owsianym pomiędzy fakturą a ms9,inne,0.5
SD 170789,CSO30 CR Logo cash infinity.,2025 07 16 00:18:30.142000 02:00,Incydent,PL 00711 Zywiec 2,711,Zywiec 2,CSO30 CR Logo cash infinity.,cso30 cr logo cash infinity.,inne,0.5
SD 170788,POS03 zawieszona na ładowaniu newposa,2025 07 16 00:18:23.589000 02:00,Incydent,PL 00105 Radom 2 Ustronie,105,Radom 2 Ustronie,POS03 zawieszona na ładowaniu newposa,pos03 zawieszona na ładowaniu newposa,inne,0.5
SD 170787,Waystation prośba o otworzenie nowego dnia,2025 07 16 00:16:34.749000 02:00,Incydent,PL 00590 Nidzica,590,Nidzica,Waystation prośba o otworzenie nowego dnia,waystation prośba o otworzenie nowego dnia,Waystation offline,0.8
SD 170786,"Newpos Zamknięcie nie przeszło na kasie, z której był zamykany dzień.",2025 07 16 00:09:39.225000 02:00,Incydent,PL 00503 Gdańsk 12 Lotnisko Airside,503,Gdańsk 12 Lotnisko Airside,"Newpos Zamknięcie nie przeszło na kasie, z której był zamykany dzień.","newpos zamknięcie nie przeszło na kasie, z której był zamykany dzień.",Newpos Zamknięcie nie przeszło na kasie z której był zamykany dzień,0.9
SD 170785,CSO29 Cr Nie można zasilić,2025 07 16 00:07:35.971000 02:00,Incydent,PL 00429 MOP Parma A2 North,429,MOP Parma A2 North,CSO29 Cr Nie można zasilić,cso29 cr nie można zasilić,inne,0.5
SD 170784,Połączenie głuchy telefon,2025 07 16 00:05:04.627000 02:00,Incydent,PL 00080 Krakow 03 Opolska,080,Krakow 03 Opolska,Połączenie głuchy telefon,połączenie głuchy telefon,inne,0.5
SD 170782,POS24 Zawiesiła się,2025 07 16 00:03:07.502000 02:00,Incydent,PL 00516 Czluchow,516,Czluchow,POS24 Zawiesiła się,pos24 zawiesiła się,POS/CSO zawieszony,0.9
SD 170781,MyStore brak zużycia za 15.07 po zamknięciu dnia,2025 07 16 00:02:59.389000 02:00,Incydent,PL 00248 W wa 34 Park Wola,248,W wa 34 Park Wola,MyStore brak zużycia za 15.07 po zamknięciu dnia,mystore brak zużycia za 15.07 po zamknięciu dnia,Mystore brak zużycia,0.9
SD 170780,Brak produktu w mystore,2025 07 16 00:00:31.632000 02:00,Incydent,PL 00371 MOP Rogoziniec,371,MOP Rogoziniec,Brak produktu w mystore,brak produktu w mystore,inne,0.5
