﻿key,title,created,issue_type,reporter,site,site_name,title_clean,title_lower,category,confidence
SD 173857,Mop prośba o wyłączenie usługi,2025 07 21 23:57:54.098000 02:00,Usługa,PL 00274 Gniezno,274,Gniezno,Mop prośba o wyłączenie usługi,mop prośba o wyłączenie usługi,MOP Prośba o włączenie/wyłączenie,0.9
SD 173855,Zamknięcie POS nie można zamknąc dnia w mystore,2025 07 21 23:32:09.863000 02:00,Incydent,PL 00264 Lodz 13 Manufaktura,264,Lodz 13 Manufaktura,Zamknięcie POS nie można zamknąc dnia w mystore,zamknięcie pos nie można zamknąc dnia w mystore,inne,0.5
SD 173854,Pytanie co zrobić w przypadku kiedy zawinął się paragon z kasy po wylogowaniu użytkownika,2025 07 21 23:29:48.196000 02:00,Usługa,PL 00031 Radom 1,031,Radom 1,Pytanie co zrobić w przypadku kiedy zawinął się paragon z kasy po wylogowaniu użytkownika,pytanie co zrobić w przypadku kiedy zawinął się paragon z kasy po wylogowaniu użytkownika,inne,0.5
SD 173853,Monitory i kioski nie pinguje,2025 07 21 23:22:42.657000 02:00,Incydent,PL 00444 W wa 49 Swietokrzyska,444,Wwa 49 Swietokrzyska,Monitory i kioski nie pinguje,monitory i kioski nie pinguje,inne,0.5
SD 173852,POS02 Nie pinguje,2025 07 21 23:19:46.271000 02:00,Incydent,PL 00410 Swinoujscie,410,Swinoujscie,POS02 Nie pinguje,pos02 nie pinguje,inne,0.5
SD 173851,"Newpos Zamknięcie nie przeszło na kasie, z której był zamykany dzień.",2025 07 21 23:17:30.569000 02:00,Incydent,PL 00462 Airport Airside,462,Airport Airside,"Newpos Zamknięcie nie przeszło na kasie, z której był zamykany dzień.","newpos zamknięcie nie przeszło na kasie, z której był zamykany dzień.",Newpos Zamknięcie nie przeszło na kasie z której był zamykany dzień,0.9
SD 173850,Zamiana Linii DT pytanie przed przeprowadzeniem,2025 07 21 23:16:42.501000 02:00,Usługa,PL 00698 MOP Obroki W,698,MOP Obroki W,Zamiana Linii DT pytanie przed przeprowadzeniem,zamiana linii dt pytanie przed przeprowadzeniem,inne,0.5
SD 173849,MOP Prośba o wyłączenie,2025 07 21 23:16:20.715000 02:00,Usługa,PL 00427 W wa 46 Dworzec Centralny,427,Wwa 46 Dworzec Centralny,MOP Prośba o wyłączenie,mop prośba o wyłączenie,MOP Prośba o włączenie/wyłączenie,0.9
SD 173848,"Problem z zamknięciem POS07 nie przeszło na kasie, z której był zamykany dzień.",2025 07 21 23:13:09.127000 02:00,Incydent,PL 00254 Szczecin 6 Galaxy,254,Szczecin 6 Galaxy,"Problem z zamknięciem POS07 nie przeszło na kasie, z której był zamykany dzień.","problem z zamknięciem pos07 nie przeszło na kasie, z której był zamykany dzień.",Newpos Zamknięcie nie przeszło na kasie z której był zamykany dzień,0.9
SD 173847,Terminale DT nie przyjmują płatności.,2025 07 21 23:09:02.720000 02:00,Incydent,pl 00702,702,pl 00702,Terminale DT nie przyjmują płatności.,terminale dt nie przyjmują płatności.,Terminal nie działa,0.9
SD 173846,Wystąpił problem podczas zapisywania korekt odbić czasowych,2025 07 21 23:00:47.066000 02:00,Usługa,PL 00228 Kepno,228,Kepno,Wystąpił problem podczas zapisywania korekt odbić czasowych,wystąpił problem podczas zapisywania korekt odbić czasowych,inne,0.5
SD 173845,Zamknij / otwórz system POS nie można zamknąć systemu,2025 07 21 22:59:38.538000 02:00,Incydent,PL 00264 Lodz 13 Manufaktura,264,Lodz 13 Manufaktura,Zamknij / otwórz system POS nie można zamknąć systemu,zamknij / otwórz system pos nie można zamknąć systemu,inne,0.5
SD 173844,prośba o wstrzymanie MOP,2025 07 21 22:54:22.743000 02:00,Incydent,PL 00044 Poznan 03 Hetmanska,044,Poznan 03 Hetmanska,prośba o wstrzymanie MOP,prośba o wstrzymanie mop,inne,0.5
SD 173843,POS01 Terminal lane 3000 nie dziala poprawnie,2025 07 21 22:51:56.438000 02:00,Incydent,PL 00595 Znin,595,Znin,POS01 Terminal lane 3000 nie dziala poprawnie,pos01 terminal lane 3000 nie dziala poprawnie,Terminal nie działa,0.9
SD 173842,procesor graficzny / pc box,2025 07 21 22:51:04.527000 02:00,Incydent,PL 00419 MOP Brwinow A2 North,419,MOP Brwinow A2 North,procesor graficzny / pc box,procesor graficzny / pc box,inne,0.5
SD 173841,MyStore nie można się zalogować,2025 07 21 22:50:55.377000 02:00,Incydent,PL 00251 Olsztyn 2,251,Olsztyn 2,MyStore nie można się zalogować,mystore nie można się zalogować,MyStore background service nie gotowy/nie można się zalogować,0.9
SD 173840,Prośba o pomoc przy resetowaniu hasła w MS,2025 07 21 22:38:38.929000 02:00,Usługa,PL 00328 Mielec,328,Mielec,Prośba o pomoc przy resetowaniu hasła w MS,prośba o pomoc przy resetowaniu hasła w ms,inne,0.5
SD 173837,MOP prośba o wyłączenie,2025 07 21 22:28:43.381000 02:00,Usługa,PL 00593 Warszawa Senatorska,593,Warszawa Senatorska,MOP prośba o wyłączenie,mop prośba o wyłączenie,MOP Prośba o włączenie/wyłączenie,0.9
SD 173836,Kioski czerwony ekran,2025 07 21 22:23:06.883000 02:00,Incydent,PL 00618 Krakow Ksiecia Jozefa,618,Krakow Ksiecia Jozefa,Kioski czerwony ekran,kioski czerwony ekran,inne,0.5
SD 173834,Mystore bledne dane w edycji odbic czasowych,2025 07 21 22:21:22.077000 02:00,Incydent,PL 00226 Glogow,226,Glogow,Mystore bledne dane w edycji odbic czasowych,mystore bledne dane w edycji odbic czasowych,MyStore Prośba o pomoc w edycji odbić czasowych,0.9
SD 173833,Pobieranie plików,2025 07 21 22:17:26.755000 02:00,Incydent,PL 00114 Tarnowskie Gory 1,114,Tarnowskie Gory 1,Pobieranie plików,pobieranie plików,inne,0.5
SD 173832,Remodeling prośba o zamknięcie dnia i zabezpieczenie danych sprzedażowych,2025 07 21 22:14:46.367000 02:00,Incydent,PL 00411 MOP Markuszow S17 North,411,MOP Markuszow S17 North,Remodeling prośba o zamknięcie dnia i zabezpieczenie danych sprzedażowych,remodeling prośba o zamknięcie dnia i zabezpieczenie danych sprzedażowych,inne,0.5
SD 173831,Pytanie o błędnie wbite straty,2025 07 21 22:11:50.624000 02:00,Usługa,PL 00303 Krakow 14 Bonarka,303,Krakow 14 Bonarka,Pytanie o błędnie wbite straty,pytanie o błędnie wbite straty,inne,0.5
SD 173830,MyStore edycja odbić czasowych błąd podczas wysyłania poprawek odbić czasowych,2025 07 21 22:11:20.798000 02:00,Usługa,PL 00479 MOP Machnacz A1 W,479,MOP Machnacz A1 W,MyStore edycja odbić czasowych błąd podczas wysyłania poprawek odbić czasowych,mystore edycja odbić czasowych błąd podczas wysyłania poprawek odbić czasowych,MyStore Prośba o pomoc w edycji odbić czasowych,0.9
SD 173828,POS01 Admin logon,2025 07 21 22:03:57.374000 02:00,Incydent,PL 00622 Lukow,622,Lukow,POS01 Admin logon,pos01 admin logon,POS/CSO/KVS admin logon,0.9
SD 173826,nie można zalogować się,2025 07 21 21:48:09.776000 02:00,Incydent,pl 00720,720,pl 00720,nie można zalogować się,nie można zalogować się,MyStore background service nie gotowy/nie można się zalogować,0.9
SD 173825,Pytanie o temperaturę serwerów,2025 07 21 21:47:08.425000 02:00,Incydent,PL 00089 Krakow 04 Fala,089,Krakow 04 Fala,Pytanie o temperaturę serwerów,pytanie o temperaturę serwerów,inne,0.5
SD 173824,Wyłączenie MOP,2025 07 21 21:45:52.768000 02:00,Usługa,PL 00618 Krakow Ksiecia Jozefa,618,Krakow Ksiecia Jozefa,Wyłączenie MOP,wyłączenie mop,MOP Prośba o włączenie/wyłączenie,0.9
SD 173821,Zamiana SBS pytanie,2025 07 21 21:16:16.643000 02:00,Usługa,PL 00575 Czechowice Dziedzice,575,Czechowice Dziedzice,Zamiana SBS pytanie,zamiana sbs pytanie,inne,0.5
SD 173820,przeszła dwukrotnie płatność za jedno zamówienie,2025 07 21 21:14:58.689000 02:00,Incydent,Szczecin Hakena PL 00680,680,Szczecin Hakena,przeszła dwukrotnie płatność za jedno zamówienie,przeszła dwukrotnie płatność za jedno zamówienie,inne,0.5
SD 173819,pos01 nie przetwarza płatności,2025 07 21 21:11:55.945000 02:00,Incydent,PL 00408 Sierpc,408,Sierpc,pos01 nie przetwarza płatności,pos01 nie przetwarza płatności,inne,0.5
SD 173816,Rest prosi o informacje czy można naliczyć punkty z aplikacji do transakcji która została już opłacona,2025 07 21 21:04:11.933000 02:00,Usługa,PL 00489 MOP KĘPNICA A4 S,489,MOP KĘPNICA A4 S,Rest prosi o informacje czy można naliczyć punkty z aplikacji do transakcji która została już opłacona,rest prosi o informacje czy można naliczyć punkty z aplikacji do transakcji która została już opłacona,inne,0.5
SD 173815,Korekta błędnie wbitych strat,2025 07 21 21:04:03.910000 02:00,Usługa,PL 00304 Ostrowiec Swietokrzyski,304,Ostrowiec Swietokrzyski,Korekta błędnie wbitych strat,korekta błędnie wbitych strat,inne,0.5
SD 173814,MOP Prośba o wyłączenie MOP,2025 07 21 21:03:55.200000 02:00,Usługa,PL 00411 MOP Markuszow S17 North,411,MOP Markuszow S17 North,MOP Prośba o wyłączenie MOP,mop prośba o wyłączenie mop,MOP Prośba o włączenie/wyłączenie,0.9
SD 173813,Korekta błędnie wbitych strat,2025 07 21 21:02:07.547000 02:00,Usługa,PL 00304 Ostrowiec Swietokrzyski,304,Ostrowiec Swietokrzyski,Korekta błędnie wbitych strat,korekta błędnie wbitych strat,inne,0.5
SD 173811,cso28 nie uruchamia się,2025 07 21 20:58:14.672000 02:00,Incydent,PL 00478 Lublin 7 Krasnicka,478,Lublin 7 Krasnicka,cso28 nie uruchamia się,cso28 nie uruchamia się,inne,0.5
SD 173809,MS błąd przesyłania odbić do TR,2025 07 21 20:45:02.174000 02:00,Incydent,PL 00074 Poznan 06 Serbska,074,Poznan 06 Serbska,MS błąd przesyłania odbić do TR,ms błąd przesyłania odbić do tr,inne,0.5
SD 173808,Telefon serwisowy HWA01 nie działa dotyk,2025 07 21 20:34:59.504000 02:00,Incydent,PL 00142 Gdynia 03 Spoldzielnia,142,Gdynia 03 Spoldzielnia,Telefon serwisowy HWA01 nie działa dotyk,telefon serwisowy hwa01 nie działa dotyk,telefon serwisowy,0.9
SD 173806,POS24 nie otwiera się szuflada,2025 07 21 20:12:59.365000 02:00,Incydent,PL 00290 MOP Olesnica,290,MOP Olesnica,POS24 nie otwiera się szuflada,pos24 nie otwiera się szuflada,inne,0.5
SD 173804,POS01 POS Not Initialized,2025 07 21 19:39:40.038000 02:00,Incydent,PL 00315 MOP Worow Grojec,315,MOP Worow Grojec,POS01 POS Not Initialized,pos01 pos not initialized,POS not initalized,0.9
SD 173803,POS02 Zawiesza się przy skanowaniu kuponu,2025 07 21 19:34:11.314000 02:00,Incydent,pl 00655,655,pl 00655,POS02 Zawiesza się przy skanowaniu kuponu,pos02 zawiesza się przy skanowaniu kuponu,inne,0.5
SD 173802,POS24 waystation offline,2025 07 21 19:27:33.798000 02:00,Incydent,PL 00577 Leszno S5,577,Leszno S5,POS24 waystation offline,pos24 waystation offline,POS/CSO waystation offline,0.9
SD 173800,POS01 Brak miejsca na dysku,2025 07 21 19:20:48.367000 02:00,Incydent,PL 00315 MOP Worow Grojec,315,MOP Worow Grojec,POS01 Brak miejsca na dysku,pos01 brak miejsca na dysku,POS brak kafelków,0.9
SD 173799,Drukarak drukuje losowe znaki,2025 07 21 19:11:22.874000 02:00,Incydent,Arkadiusz Korpowski,Nieznany,Arkadiusz Korpowski,Drukarak drukuje losowe znaki,drukarak drukuje losowe znaki,inne,0.5
SD 173798,pos02 produkt niedostępny,2025 07 21 19:05:30.748000 02:00,Incydent,PL 00496 Knurow,496,Knurow,pos02 produkt niedostępny,pos02 produkt niedostępny,inne,0.5
SD 173797,Kontynuacja zgłoszenia SD 156753,2025 07 21 19:01:26.025000 02:00,Incydent,PL 00653 Czestochowa Południe Autohof,653,Czestochowa Południe Autohof,Kontynuacja zgłoszenia SD 156753,kontynuacja zgłoszenia sd 156753,inne,0.5
SD 173794,POS24 kasa nie pinguje,2025 07 21 18:50:48.188000 02:00,Incydent,PL 00583 MOP Kochlice Zachód,583,MOP Kochlice Zachód,POS24 kasa nie pinguje,pos24 kasa nie pinguje,inne,0.5
SD 173793,prośba o serwis w sprawie zamiany sbs,2025 07 21 18:45:46.230000 02:00,Incydent,PL 00568 Pultusk,568,Pultusk,prośba o serwis w sprawie zamiany sbs,prośba o serwis w sprawie zamiany sbs,inne,0.5
SD 173790,Korekta błędnie wbitych strat,2025 07 21 18:38:21.620000 02:00,Usługa,PL 00101 Lublin 3 Centrum,101,Lublin 3 Centrum,Korekta błędnie wbitych strat,korekta błędnie wbitych strat,inne,0.5
SD 173788,CSO27 ostrze df jest wygięte,2025 07 21 18:28:46.046000 02:00,Incydent,PL 00264 Lodz 13 Manufaktura,264,Lodz 13 Manufaktura,CSO27 ostrze df jest wygięte,cso27 ostrze df jest wygięte,inne,0.5
SD 173787,Informacja o korekcie błędnie wbitych strat,2025 07 21 18:26:34.779000 02:00,Usługa,PL 00101 Lublin 3 Centrum,101,Lublin 3 Centrum,Informacja o korekcie błędnie wbitych strat,informacja o korekcie błędnie wbitych strat,inne,0.5
SD 173786,POS01 Admin logon po restarcie,2025 07 21 18:24:09.931000 02:00,Incydent,PL 00017 Czestochowa 2,017,Czestochowa 2,POS01 Admin logon po restarcie,pos01 admin logon po restarcie,POS/CSO/KVS admin logon,0.9
SD 173785,Błąd drukarki i error,2025 07 21 18:22:35.227000 02:00,Incydent,PL 00381 Kielce 5 Korona,381,Kielce 5 Korona,Błąd drukarki i error,błąd drukarki i error,inne,0.5
SD 173782,Po awarii prądu monitor pomimo restaru nie chce sie uruchomic. Jedyne co pokazuje to szukanie sieci,2025 07 21 18:06:15.568000 02:00,Incydent,PL 00511 Katy Wroclawskie,511,Katy Wroclawskie,Po awarii prądu monitor pomimo restaru nie chce sie uruchomic. Jedyne co pokazuje to szukanie sieci,po awarii prądu monitor pomimo restaru nie chce sie uruchomic. jedyne co pokazuje to szukanie sieci,inne,0.5
SD 173780,"MAP01 nie można zapisywać plików, brak dostępu do folderów",2025 07 21 18:03:54.216000 02:00,Incydent,pl 00720,720,pl 00720,"MAP01 nie można zapisywać plików, brak dostępu do folderów","map01 nie można zapisywać plików, brak dostępu do folderów",inne,0.5
SD 173778,POS03 terminal system error: 1,2025 07 21 17:58:03.899000 02:00,Incydent,PL 00340 MOP Malopole,340,MOP Malopole,POS03 terminal system error: 1,pos03 terminal system error: 1,inne,0.5
SD 173777,Pytanie o kod do blokowania oferty lokalnej,2025 07 21 17:53:48.288000 02:00,Incydent,PL 00395 Siedlce 02 Galeria S,395,Siedlce 02 Galeria S,Pytanie o kod do blokowania oferty lokalnej,pytanie o kod do blokowania oferty lokalnej,inne,0.5
SD 173776,RE: McDonald s Poland Coates Support Case 00377743 Acknowledgment,2025 07 21 17:53:21.795000 02:00,Usługa,pl asista,Asystent,Asystent systemowy,RE: McDonald s Poland Coates Support Case 00377743 Acknowledgment,re: mcdonald s poland coates support case 00377743 acknowledgment,inne,0.5
SD 173775,pytanie o SBS,2025 07 21 17:51:38.176000 02:00,Usługa,PL 00568 Pultusk,568,Pultusk,pytanie o SBS,pytanie o sbs,inne,0.5
SD 173773,Drukarka nie reaguje na zmianę szerokości papieru,2025 07 21 17:42:05.296000 02:00,Incydent,PL 00577 Leszno S5,577,Leszno S5,Drukarka nie reaguje na zmianę szerokości papieru,drukarka nie reaguje na zmianę szerokości papieru,inne,0.5
SD 173772,ORB01 Stare zamówienia wiszą,2025 07 21 17:37:46.082000 02:00,Incydent,PL 00348 Plonsk,348,Plonsk,ORB01 Stare zamówienia wiszą,orb01 stare zamówienia wiszą,inne,0.5
SD 173771,iDMB ciemny ekran,2025 07 21 17:26:47.248000 02:00,Incydent,PL 00511 Katy Wroclawskie,511,Katy Wroclawskie,iDMB ciemny ekran,idmb ciemny ekran,inne,0.5
SD 173770,POS01 brak kafelków,2025 07 21 17:23:07.450000 02:00,Incydent,pl 00163,163,pl 00163,POS01 brak kafelków,pos01 brak kafelków,POS brak kafelków,0.9
SD 173769,Urzytkownik zablokowany,2025 07 21 17:22:44.321000 02:00,Incydent,Arkadiusz Korpowski,Nieznany,Arkadiusz Korpowski,Urzytkownik zablokowany,urzytkownik zablokowany,inne,0.5
SD 173768,Prośba o włączenie mop,2025 07 21 17:19:57.710000 02:00,Usługa,PL 00160 Radom 4 Czarnieckiego,160,Radom 4 Czarnieckiego,Prośba o włączenie mop,prośba o włączenie mop,MOP Prośba o włączenie/wyłączenie,0.9
SD 173767,orb 1 nie pokazuje obrazu,2025 07 21 17:13:46.485000 02:00,Incydent,PL 00289 MOP Leka,289,MOP Leka,orb 1 nie pokazuje obrazu,orb 1 nie pokazuje obrazu,inne,0.5
SD 173766,POSy 1 i 3 zawiesiły się,2025 07 21 17:11:43.998000 02:00,Incydent,PL 00270 MOP Goleniow,270,MOP Goleniow,POSy 1 i 3 zawiesiły się,posy 1 i 3 zawiesiły się,inne,0.5
SD 173765,"Zły dzień biznesowy, komunikat time blocked tablet zebra",2025 07 21 17:09:21.133000 02:00,Incydent,PL 00461 Lubon,461,Lubon,"Zły dzień biznesowy, komunikat time blocked tablet zebra","zły dzień biznesowy, komunikat time blocked tablet zebra",inne,0.5
SD 173764,Prace naprawcze po awarii prądu,2025 07 21 17:07:00.006000 02:00,Incydent,PL 00511 Katy Wroclawskie,511,Katy Wroclawskie,Prace naprawcze po awarii prądu,prace naprawcze po awarii prądu,inne,0.5
SD 173763,POS01 kasa nie pinguje,2025 07 21 17:06:51.933000 02:00,Incydent,PL 00527 Elk,527,Elk,POS01 kasa nie pinguje,pos01 kasa nie pinguje,inne,0.5
SD 173762,Głuchy telefon,2025 07 21 17:04:37.131000 02:00,Incydent,PL 00511 Katy Wroclawskie,511,Katy Wroclawskie,Głuchy telefon,głuchy telefon,inne,0.5
SD 173758,CSO29 Niedostępny,2025 07 21 16:55:07.288000 02:00,Incydent,PL 00614 Grojec Dekada,614,Grojec Dekada,CSO29 Niedostępny,cso29 niedostępny,CSOxx niedostępny,0.9
SD 173757,Wiatraki w szafie serwerowej nie działają,2025 07 21 16:48:54.526000 02:00,Incydent,PL 00547 Bielsk Podlaski,547,Bielsk Podlaski,Wiatraki w szafie serwerowej nie działają,wiatraki w szafie serwerowej nie działają,inne,0.5
SD 173756,Re: Re: Re: Błędy w wysyłce menu McDonald s Dzika 239 i McDonald s Pabianicka 75,2025 07 21 16:48:21.937000 02:00,Usługa,pl asista,Asystent,Asystent systemowy,Re: Re: Re: Błędy w wysyłce menu McDonald s Dzika 239 i McDonald s Pabianicka 75,re: re: re: błędy w wysyłce menu mcdonald s dzika 239 i mcdonald s pabianicka 75,inne,0.5
SD 173755,POS01 kasa zacięła się,2025 07 21 16:46:21.507000 02:00,Incydent,PL 00078 Poznan 07 Swarzedz,078,Poznan 07 Swarzedz,POS01 kasa zacięła się,pos01 kasa zacięła się,inne,0.5
SD 173754,Terminal POS01 Odrzuca płatność,2025 07 21 16:46:03.141000 02:00,Incydent,PL 00711 Zywiec 2,711,Zywiec 2,Terminal POS01 Odrzuca płatność,terminal pos01 odrzuca płatność,Terminal nie działa,0.9
SD 173753,pos01 admin log on,2025 07 21 16:44:30.763000 02:00,Incydent,PL 00312 Czestochowa 6,312,Czestochowa 6,pos01 admin log on,pos01 admin log on,inne,0.5
SD 173752,Zmiana czcionki na większą,2025 07 21 16:41:52.537000 02:00,Incydent,PL 00316 Kielce 4 Echo,316,Kielce 4 Echo,Zmiana czcionki na większą,zmiana czcionki na większą,inne,0.5
SD 173751,Zła godzina,2025 07 21 16:38:40.981000 02:00,Incydent,PL 00137 Kielce 1,137,Kielce 1,Zła godzina,zła godzina,inne,0.5
SD 173750,Re: Re: Re: Błędy w wysyłce menu McDonald s Dzika 239 i McDonald s Pabianicka 75,2025 07 21 16:38:22.089000 02:00,Usługa,pl asista,Asystent,Asystent systemowy,Re: Re: Re: Błędy w wysyłce menu McDonald s Dzika 239 i McDonald s Pabianicka 75,re: re: re: błędy w wysyłce menu mcdonald s dzika 239 i mcdonald s pabianicka 75,inne,0.5
SD 173749,"CSO25 Bluescreen, prośba o restart",2025 07 21 16:35:20.122000 02:00,Incydent,PL 00292 MOP Kozlow,292,MOP Kozlow,"CSO25 Bluescreen, prośba o restart","cso25 bluescreen, prośba o restart",inne,0.5
SD 173743,oDMB brak podsumowania,2025 07 21 16:10:42.650000 02:00,Incydent,PL 00024 Olsztyn 1,024,Olsztyn 1,oDMB brak podsumowania,odmb brak podsumowania,inne,0.5
SD 173742,MyStore Prośba o reset hasła,2025 07 21 16:10:24.629000 02:00,Incydent,PL 00228 Kepno,228,Kepno,MyStore Prośba o reset hasła,mystore prośba o reset hasła,inne,0.5
SD 173740,MS brak zużycia na szklankach,2025 07 21 16:00:57.135000 02:00,Incydent,PL 00608 Wyszkow,608,Wyszkow,MS brak zużycia na szklankach,ms brak zużycia na szklankach,Mystore brak zużycia,0.9
SD 173739,"POS08 Zacięta na ładowaniu newposa, czerwona Mka",2025 07 21 15:53:15.377000 02:00,Incydent,PL 00553 Kutno 02,553,Kutno 02,"POS08 Zacięta na ładowaniu newposa, czerwona Mka","pos08 zacięta na ładowaniu newposa, czerwona mka",POS/CSO zawieszony,0.9
SD 173738,skaner cod przyjmuje złe linie,2025 07 21 15:52:55.677000 02:00,Incydent,PL 00712 Mysliborz,712,Mysliborz,skaner cod przyjmuje złe linie,skaner cod przyjmuje złe linie,inne,0.5
SD 173737,KVS11 zalany ekran,2025 07 21 15:44:05.225000 02:00,Incydent,PL 00348 Plonsk,348,Plonsk,KVS11 zalany ekran,kvs11 zalany ekran,inne,0.5
SD 173735,RE: McDonald s PL 61600662 Coates Support Case 00378603 Acknowledgment,2025 07 21 15:38:26.856000 02:00,Usługa,pl asista,Asystent,Asystent systemowy,RE: McDonald s PL 61600662 Coates Support Case 00378603 Acknowledgment,re: mcdonald s pl 61600662 coates support case 00378603 acknowledgment,inne,0.5
SD 173734,mop stary kod do toalety,2025 07 21 15:34:26.825000 02:00,Incydent,PL 00427 W wa 46 Dworzec Centralny,427,Wwa 46 Dworzec Centralny,mop stary kod do toalety,mop stary kod do toalety,inne,0.5
SD 173733,Szuflada od kasy nie otwiera się,2025 07 21 15:31:41.283000 02:00,Incydent,PL 00266 Krakow 13 Mogilany,266,Krakow 13 Mogilany,Szuflada od kasy nie otwiera się,szuflada od kasy nie otwiera się,inne,0.5
SD 173732,POS07 uruchomienie kasy,2025 07 21 15:31:06.503000 02:00,Incydent,PL 00224 Debica,224,Debica,POS07 uruchomienie kasy,pos07 uruchomienie kasy,inne,0.5
SD 173731,KVS11 zalany monitor,2025 07 21 15:28:33.246000 02:00,Incydent,PL 00348 Plonsk,348,Plonsk,KVS11 zalany monitor,kvs11 zalany monitor,inne,0.5
SD 173730,"HWA01 Grupa pracowników, gdy jeden się odbija wszyscy trzej pojawiają się na ekranie do mycia rąk",2025 07 21 15:28:00.681000 02:00,Incydent,PL 00445 Stalowa Wola,445,Stalowa Wola,"HWA01 Grupa pracowników, gdy jeden się odbija wszyscy trzej pojawiają się na ekranie do mycia rąk","hwa01 grupa pracowników, gdy jeden się odbija wszyscy trzej pojawiają się na ekranie do mycia rąk",inne,0.5
SD 173729,mop prośba o włączenie,2025 07 21 15:27:03.261000 02:00,Usługa,PL 00152 Pniewy 1,152,Pniewy 1,mop prośba o włączenie,mop prośba o włączenie,MOP Prośba o włączenie/wyłączenie,0.9
SD 173728,Tablet testo brak połączenia z eBos,2025 07 21 15:26:42.286000 02:00,Usługa,PL 00130 W wa 19 Mlyn,130,Wwa 19 Mlyn,Tablet testo brak połączenia z eBos,tablet testo brak połączenia z ebos,inne,0.5
SD 173727,RE: McDonald s PL 61600662 Coates Support Case 00378602 Acknowledgment,2025 07 21 15:24:26.210000 02:00,Usługa,pl asista,Asystent,Asystent systemowy,RE: McDonald s PL 61600662 Coates Support Case 00378602 Acknowledgment,re: mcdonald s pl 61600662 coates support case 00378602 acknowledgment,inne,0.5
SD 173726,iDMB mccafe wyłączyły się,2025 07 21 15:21:34.427000 02:00,Incydent,Tychy 4 PL 00704,704,Tychy 4,iDMB mccafe wyłączyły się,idmb mccafe wyłączyły się,inne,0.5
SD 173724,MOP Prośba o wyłączenie MOP,2025 07 21 15:18:02.343000 02:00,Usługa,PL 00152 Pniewy 1,152,Pniewy 1,MOP Prośba o wyłączenie MOP,mop prośba o wyłączenie mop,MOP Prośba o włączenie/wyłączenie,0.9
SD 173723,McDonald s PL 61600662 Coates Support Case 00378603 Acknowledgment,2025 07 21 15:12:26.393000 02:00,Usługa,pl asista,Asystent,Asystent systemowy,McDonald s PL 61600662 Coates Support Case 00378603 Acknowledgment,mcdonald s pl 61600662 coates support case 00378603 acknowledgment,inne,0.5
SD 173721,"MAP, BOS nie można się zalogować",2025 07 21 15:10:55.690000 02:00,Incydent,PL 00261 Katowice 5,261,Katowice 5,"MAP, BOS nie można się zalogować","map, bos nie można się zalogować",BOS/MAP nie można się zalogować,0.9
SD 173720,MyStore Kasetki błędnie rozliczona kasetka,2025 07 21 15:09:17.101000 02:00,Incydent,PL 00106 W wa 15 Jubilerska,106,Wwa 15 Jubilerska,MyStore Kasetki błędnie rozliczona kasetka,mystore kasetki błędnie rozliczona kasetka,inne,0.5
SD 173719,Kontynuacja SD 173701: Drukarka z laptopa personalnego druguje loswowe strony,2025 07 21 15:09:00.276000 02:00,Incydent,PL 00338 Odolion,338,Odolion,Kontynuacja SD 173701: Drukarka z laptopa personalnego druguje loswowe strony,kontynuacja sd 173701: drukarka z laptopa personalnego druguje loswowe strony,inne,0.5
SD 173718,mystore źle rozliczona kasetka,2025 07 21 15:06:45.052000 02:00,Incydent,PL 00461 Lubon,461,Lubon,mystore źle rozliczona kasetka,mystore źle rozliczona kasetka,inne,0.5
SD 173716,Problem z monitorem e production.,2025 07 21 15:03:51.485000 02:00,Incydent,PL 00251 Olsztyn 2,251,Olsztyn 2,Problem z monitorem e production.,problem z monitorem e production.,inne,0.5
SD 173715,McDonald s PL 61600662 Coates Support Case 00378602 Acknowledgment,2025 07 21 14:59:22.085000 02:00,Usługa,pl asista,Asystent,Asystent systemowy,McDonald s PL 61600662 Coates Support Case 00378602 Acknowledgment,mcdonald s pl 61600662 coates support case 00378602 acknowledgment,inne,0.5
SD 173714,Kontynuacja SD 173184: Żadna drukarka grillowa nie durkuje,2025 07 21 14:52:03.940000 02:00,Incydent,PL 00277 Bydgoszcz 5 Galeria,277,Bydgoszcz 5 Galeria,Kontynuacja SD 173184: Żadna drukarka grillowa nie durkuje,kontynuacja sd 173184: żadna drukarka grillowa nie durkuje,inne,0.5
SD 173713,Telefon serwisowy Solix,2025 07 21 14:51:05.239000 02:00,Usługa,pl 00695,695,pl 00695,Telefon serwisowy Solix,telefon serwisowy solix,telefon serwisowy,0.9
SD 173712,komunikat activate Windows,2025 07 21 14:48:40.640000 02:00,Incydent,PL 00180 Lublin 2,180,Lublin 2,komunikat activate Windows,komunikat activate windows,inne,0.5
SD 173710,"RE: RE: INC000013981173/ 891774 / McDonalds ul. Władysława Jagiełły 2027/6, 64 800 Chodzież",2025 07 21 14:46:22.353000 02:00,Usługa,pl asista,Asystent,Asystent systemowy,"RE: RE: INC000013981173/ 891774 / McDonalds ul. Władysława Jagiełły 2027/6, 64 800 Chodzież","re: re: inc000013981173/ 891774 / mcdonalds ul. władysława jagiełły 2027/6, 64 800 chodzież",inne,0.5
SD 173708,KVS22 i KVS34 zawieszone zamówienie,2025 07 21 14:43:13.034000 02:00,Incydent,pl 00578,578,pl 00578,KVS22 i KVS34 zawieszone zamówienie,kvs22 i kvs34 zawieszone zamówienie,KVSxx zawieszone zamówienie,0.9
SD 173707,nie właściwa kwota w odchyleniu statystycznym na non produkt,2025 07 21 14:39:03.081000 02:00,Usługa,Edyta Krzyzanowska,Nieznany,Edyta Krzyzanowska,nie właściwa kwota w odchyleniu statystycznym na non produkt,nie właściwa kwota w odchyleniu statystycznym na non produkt,inne,0.5
SD 173706,POS01 Brak komunikacji z terminalem,2025 07 21 14:38:10.837000 02:00,Incydent,PL 00460 Radom 06 Rondo Kozienieckie,460,Radom 06 Rondo Kozienieckie,POS01 Brak komunikacji z terminalem,pos01 brak komunikacji z terminalem,inne,0.5
SD 173704,MyStore Nie włącza się aplikacja,2025 07 21 14:34:26.779000 02:00,Incydent,PL 00398 Gdansk 11 Lotos,398,Gdansk 11 Lotos,MyStore Nie włącza się aplikacja,mystore nie włącza się aplikacja,inne,0.5
SD 173703,Problem ze skonfigurowaniem nowego konta na laptopie personalnym,2025 07 21 14:33:15.037000 02:00,Incydent,PL 00595 Znin,595,Znin,Problem ze skonfigurowaniem nowego konta na laptopie personalnym,problem ze skonfigurowaniem nowego konta na laptopie personalnym,inne,0.5
SD 173702,Generowanie kodów MFA,2025 07 21 14:32:40.341000 02:00,Usługa,PL 00647 Kolobrzeg,647,Kolobrzeg,Generowanie kodów MFA,generowanie kodów mfa,inne,0.5
SD 173701,"Laptop personalnej Drukarka drukuje losowe dokumenty, nie da się nic wydrukować",2025 07 21 14:23:15.347000 02:00,Incydent,PL 00338 Odolion,338,Odolion,"Laptop personalnej Drukarka drukuje losowe dokumenty, nie da się nic wydrukować","laptop personalnej drukarka drukuje losowe dokumenty, nie da się nic wydrukować",inne,0.5
SD 173700,mystore nie można edytować odbić,2025 07 21 14:21:53.760000 02:00,Incydent,PL 00471 Starogard Gdański,471,Starogard Gdański,mystore nie można edytować odbić,mystore nie można edytować odbić,MyStore Prośba o pomoc w edycji odbić czasowych,0.9
SD 173699,Głuchy telefon,2025 07 21 14:15:59.881000 02:00,Incydent,PL 00452 Gdansk 14 Forum Gdansk Instore,452,Gdansk 14 Forum Gdansk Instore,Głuchy telefon,głuchy telefon,inne,0.5
SD 173698,Prośba o włączenie MOP,2025 07 21 14:14:05.310000 02:00,Usługa,PL 00452 Gdansk 14 Forum Gdansk Instore,452,Gdansk 14 Forum Gdansk Instore,Prośba o włączenie MOP,prośba o włączenie mop,MOP Prośba o włączenie/wyłączenie,0.9
SD 173697,Planowana aktualizacja Sesame,2025 07 21 14:13:26.773000 02:00,Usługa,PL 00168 Tarnow 2,168,Tarnow 2,Planowana aktualizacja Sesame,planowana aktualizacja sesame,inne,0.5
SD 173695,autorelease zamówienia nie wpadają,2025 07 21 14:05:38.240000 02:00,Incydent,PL 00453 Pruszcz Gdanski,453,Pruszcz Gdanski,autorelease zamówienia nie wpadają,autorelease zamówienia nie wpadają,inne,0.5
SD 173694,MyStore Dostawa nie zaksięgowała się,2025 07 21 14:02:36.065000 02:00,Incydent,PL 00457 Wroclaw 20 Dworzec PKP 2,457,Wroclaw 20 Dworzec PKP 2,MyStore Dostawa nie zaksięgowała się,mystore dostawa nie zaksięgowała się,MyStore dostawa nie zaksięgowała się,0.9
SD 173693,CSO27 admin logon,2025 07 21 14:02:14.957000 02:00,Incydent,PL 00345 W Wa 53 Klasykow,345,WWa 53 Klasykow,CSO27 admin logon,cso27 admin logon,POS/CSO/KVS admin logon,0.9
SD 173692,pos01 długo się ładuje,2025 07 21 13:59:24.738000 02:00,Incydent,PL 00234 Olkusz,234,Olkusz,pos01 długo się ładuje,pos01 długo się ładuje,inne,0.5
SD 173691,testowa promocja zle ceny na ekranach zewnetrznych,2025 07 21 13:57:47.320000 02:00,Incydent,PL 00271 Siedlce,271,Siedlce,testowa promocja zle ceny na ekranach zewnetrznych,testowa promocja zle ceny na ekranach zewnetrznych,inne,0.5
SD 173688,Pytanie odnośnie uszkodzonej bazy danych,2025 07 21 13:41:46.926000 02:00,Usługa,PL 00457 Wroclaw 20 Dworzec PKP 2,457,Wroclaw 20 Dworzec PKP 2,Pytanie odnośnie uszkodzonej bazy danych,pytanie odnośnie uszkodzonej bazy danych,inne,0.5
SD 173685,Jakie produkty są zablokowane na Lab,2025 07 21 13:37:44.646000 02:00,Usługa,Mateusz Banaszek,Nieznany,Mateusz Banaszek,Jakie produkty są zablokowane na Lab,jakie produkty są zablokowane na lab,inne,0.5
SD 173684,wyse.5 ciągle rozłącza,2025 07 21 13:37:42.926000 02:00,Incydent,pl 00759,759,pl 00759,wyse.5 ciągle rozłącza,wyse.5 ciągle rozłącza,inne,0.5
SD 173683,RE: McDonald s Europe Coates Support Case 00378572 Acknowledgment,2025 07 21 13:28:25.713000 02:00,Usługa,pl asista,Asystent,Asystent systemowy,RE: McDonald s Europe Coates Support Case 00378572 Acknowledgment,re: mcdonald s europe coates support case 00378572 acknowledgment,inne,0.5
SD 173682,KVS31 Ekran nie działa,2025 07 21 13:27:09.347000 02:00,Incydent,PL 00723 Gryfice,723,Gryfice,KVS31 Ekran nie działa,kvs31 ekran nie działa,inne,0.5
SD 173680,Mystore nie można wprowadzić zmian w odbicia czasaowe,2025 07 21 13:25:10.696000 02:00,Usługa,PL 00471 Starogard Gdański,471,Starogard Gdański,Mystore nie można wprowadzić zmian w odbicia czasaowe,mystore nie można wprowadzić zmian w odbicia czasaowe,MyStore Prośba o pomoc w edycji odbić czasowych,0.9
SD 173679,Na linii numer 2 na ODMB nie pokazują się zamówienia,2025 07 21 13:23:10.762000 02:00,Incydent,PL 00640 Słupsk 2 Boh. Westerplatte,640,Słupsk 2 Boh. Westerplatte,Na linii numer 2 na ODMB nie pokazują się zamówienia,na linii numer 2 na odmb nie pokazują się zamówienia,inne,0.5
SD 173677,POS06 problem z wejściem w opcje managera,2025 07 21 13:14:24.977000 02:00,Incydent,Zielona Góra Focus 2 PL 00789,789,Zielona Góra Focus 2,POS06 problem z wejściem w opcje managera,pos06 problem z wejściem w opcje managera,inne,0.5
SD 173676,MyStore rozbieżność sprzedaży brutto miedzy DRP i operacyjnym za wiele dni,2025 07 21 13:11:35.608000 02:00,Incydent,pl 00759,759,pl 00759,MyStore rozbieżność sprzedaży brutto miedzy DRP i operacyjnym za wiele dni,mystore rozbieżność sprzedaży brutto miedzy drp i operacyjnym za wiele dni,inne,0.5
SD 173675,Telefon z firmy Signal,2025 07 21 13:11:09.498000 02:00,Usługa,pl asista,Asystent,Asystent systemowy,Telefon z firmy Signal,telefon z firmy signal,inne,0.5
SD 173674,test,2025 07 21 13:10:52.786000 02:00,Usługa,Mateusz Banaszek,Nieznany,Mateusz Banaszek,test,test,inne,0.5
SD 173672,AutoRelease zamówienia z ChickenBoxem nie przechodzą automatycznie,2025 07 21 12:59:14.259000 02:00,Incydent,PL 00231 W wa 32 Sluzewiec,231,Wwa 32 Sluzewiec,AutoRelease zamówienia z ChickenBoxem nie przechodzą automatycznie,autorelease zamówienia z chickenboxem nie przechodzą automatycznie,inne,0.5
SD 173671,Backoffice nie działa prawidłowo,2025 07 21 12:56:30.668000 02:00,Incydent,PL 00077 W wa 13 Pruszkow,077,Wwa 13 Pruszkow,Backoffice nie działa prawidłowo,backoffice nie działa prawidłowo,inne,0.5
SD 173669,Brak dostępnego nośnika,2025 07 21 12:51:33.798000 02:00,Incydent,PL 00641 Ilawa,641,Ilawa,Brak dostępnego nośnika,brak dostępnego nośnika,inne,0.5
SD 173668,MOP prośba o zablokowanie,2025 07 21 12:44:56.785000 02:00,Usługa,PL 00452 Gdansk 14 Forum Gdansk Instore,452,Gdansk 14 Forum Gdansk Instore,MOP prośba o zablokowanie,mop prośba o zablokowanie,MOP Prośba o włączenie/wyłączenie,0.9
SD 173667,Głuchy telefon,2025 07 21 12:43:51.680000 02:00,Usługa,pl asista,Asystent,Asystent systemowy,Głuchy telefon,głuchy telefon,inne,0.5
SD 173666,Nie prawidłowo pokazuje czasy obsługi na sali R2P,2025 07 21 12:41:25 02:00,Incydent,PL 00596 Koszalin Autohof,596,Koszalin Autohof,Nie prawidłowo pokazuje czasy obsługi na sali R2P,nie prawidłowo pokazuje czasy obsługi na sali r2p,inne,0.5
SD 173664,"Kvs22 zamówienie, które nie znika",2025 07 21 12:37:10.489000 02:00,Usługa,pl 00120,120,pl 00120,"Kvs22 zamówienie, które nie znika","kvs22 zamówienie, które nie znika",inne,0.5
SD 173663,POS2 przypisana do niepoprawnej linii DT,2025 07 21 12:35:24.365000 02:00,Incydent,PL 00652 Myszkow,652,Myszkow,POS2 przypisana do niepoprawnej linii DT,pos2 przypisana do niepoprawnej linii dt,inne,0.5
SD 173662,INVO Długo ładuje dane,2025 07 21 12:32:57.555000 02:00,Usługa,PL 00461 Lubon,461,Lubon,INVO Długo ładuje dane,invo długo ładuje dane,inne,0.5
SD 173661,CSO29 nie można zalogować,2025 07 21 12:31:03.330000 02:00,Incydent,PL 00656 Szczuczyn,656,Szczuczyn,CSO29 nie można zalogować,cso29 nie można zalogować,inne,0.5
SD 173660,Informacja odnośnie blokowania produktów,2025 07 21 12:28:37.772000 02:00,Usługa,pl 00702,702,pl 00702,Informacja odnośnie blokowania produktów,informacja odnośnie blokowania produktów,inne,0.5
SD 173659,McDonald s Europe Coates Support Case 00378572 Acknowledgment,2025 07 21 12:26:21.748000 02:00,Usługa,pl asista,Asystent,Asystent systemowy,McDonald s Europe Coates Support Case 00378572 Acknowledgment,mcdonald s europe coates support case 00378572 acknowledgment,inne,0.5
SD 173653,"CFS Aw, Snap!",2025 07 21 12:12:24.355000 02:00,Incydent,PL 00534 Radzionkow,534,Radzionkow,"CFS Aw, Snap!","cfs aw, snap!",inne,0.5
SD 173650,McDonald s Poland Coates Support Case 00378572 Acknowledgment,2025 07 21 12:07:23.356000 02:00,Usługa,pl asista,Asystent,Asystent systemowy,McDonald s Poland Coates Support Case 00378572 Acknowledgment,mcdonald s poland coates support case 00378572 acknowledgment,inne,0.5
SD 173649,ODMB nie prawidłowe ceny produktu,2025 07 21 12:06:42.425000 02:00,Incydent,PL 00662 MOP S8 Przyjmy,662,MOP S8 Przyjmy,ODMB nie prawidłowe ceny produktu,odmb nie prawidłowe ceny produktu,inne,0.5
SD 173648,RE: McDonald s PL Gdansk 61600378 Coates Support Case 00378568 Acknowledgment,2025 07 21 12:06:21.924000 02:00,Usługa,pl asista,Asystent,Asystent systemowy,RE: McDonald s PL Gdansk 61600378 Coates Support Case 00378568 Acknowledgment,re: mcdonald s pl gdansk 61600378 coates support case 00378568 acknowledgment,inne,0.5
SD 173646,Eprod brakuje tacek na epr,2025 07 21 12:03:06.517000 02:00,Incydent,PL 00016 Torun 1,016,Torun 1,Eprod brakuje tacek na epr,eprod brakuje tacek na epr,inne,0.5
SD 173644,Mystore problem z zalogowaniem,2025 07 21 11:57:35.116000 02:00,Incydent,PL 00590 Nidzica,590,Nidzica,Mystore problem z zalogowaniem,mystore problem z zalogowaniem,inne,0.5
SD 173642,MS9 prośba o reset hasła,2025 07 21 11:55:43.647000 02:00,Usługa,PL 00097 Lodz 06 Batory,097,Lodz 06 Batory,MS9 prośba o reset hasła,ms9 prośba o reset hasła,inne,0.5
SD 173641,KVS31 odwrócony BumbBar,2025 07 21 11:53:56.359000 02:00,Incydent,PL 00367 Wroclaw 18 SkyTower,367,Wroclaw 18 SkyTower,KVS31 odwrócony BumbBar,kvs31 odwrócony bumbbar,inne,0.5
SD 173639,Dodatkowa drukarka do grill slipów na obszarze McCafe drukująca tylko Desery,2025 07 21 11:52:27.979000 02:00,Incydent,PL 00589 Krakow Stojalowskiego,589,Krakow Stojalowskiego,Dodatkowa drukarka do grill slipów na obszarze McCafe drukująca tylko Desery,dodatkowa drukarka do grill slipów na obszarze mccafe drukująca tylko desery,inne,0.5
SD 173638,IDMB FC3 Wyświetla złą zawartość,2025 07 21 11:52:16.353000 02:00,Incydent,PL 00271 Siedlce,271,Siedlce,IDMB FC3 Wyświetla złą zawartość,idmb fc3 wyświetla złą zawartość,inne,0.5
SD 173637,ACTION NEEDED : We are awaiting a response for Case : 00377226 for McDonald s PL 61600207,2025 07 21 11:50:26.992000 02:00,Usługa,pl asista,Asystent,Asystent systemowy,ACTION NEEDED : We are awaiting a response for Case : 00377226 for McDonald s PL 61600207,action needed : we are awaiting a response for case : 00377226 for mcdonald s pl 61600207,inne,0.5
SD 173636,POS06/POS24 skaner działa nie poprawnie,2025 07 21 11:48:37.709000 02:00,Incydent,pl 00120,120,pl 00120,POS06/POS24 skaner działa nie poprawnie,pos06/pos24 skaner działa nie poprawnie,POS/CSO/DT skaner nie działa,0.9
SD 173635,McDonald s PL Gdansk 61600378 Coates Support Case 00378568 Acknowledgment,2025 07 21 11:48:22.191000 02:00,Usługa,pl asista,Asystent,Asystent systemowy,McDonald s PL Gdansk 61600378 Coates Support Case 00378568 Acknowledgment,mcdonald s pl gdansk 61600378 coates support case 00378568 acknowledgment,inne,0.5
SD 173634,COD brak wiązki,2025 07 21 11:47:55.327000 02:00,Incydent,PL 00283 W wa 43 AL.Jerozolimskie,283,Wwa 43 AL.Jerozolimskie,COD brak wiązki,cod brak wiązki,inne,0.5
SD 173633,MyStore konto zablokowane,2025 07 21 11:46:44.559000 02:00,Incydent,PL 00658 Ozimek,658,Ozimek,MyStore konto zablokowane,mystore konto zablokowane,inne,0.5
SD 173632,liczy zejście POS,2025 07 21 11:46:39.973000 02:00,Usługa,Edyta Krzyzanowska,Nieznany,Edyta Krzyzanowska,liczy zejście POS,liczy zejście pos,inne,0.5
SD 173629,Telefon zwrotny,2025 07 21 11:31:41.767000 02:00,Usługa,PL 00160 Radom 4 Czarnieckiego,160,Radom 4 Czarnieckiego,Telefon zwrotny,telefon zwrotny,inne,0.5
SD 173609,Brak zużycia półproduktów,2025 07 21 11:21:34.623000 02:00,Usługa,PL 00354 Ostroleka,354,Ostroleka,Brak zużycia półproduktów,brak zużycia półproduktów,Mystore brak zużycia,0.9
SD 173608,Czerowne M,2025 07 21 11:20:02.853000 02:00,Incydent,PL 00214 Torun 2,214,Torun 2,Czerowne M,czerowne m,inne,0.5
SD 173607,TELEFON SERWISOWY KVS11 Zła rozdzielczość po wymanie ekranu,2025 07 21 11:17:48.314000 02:00,Incydent,PL 00467 Zary,467,Zary,TELEFON SERWISOWY KVS11 Zła rozdzielczość po wymanie ekranu,telefon serwisowy kvs11 zła rozdzielczość po wymanie ekranu,telefon serwisowy,0.9
SD 173605,Re: Re: Błędy w wysyłce menu McDonald s Dzika 239 i McDonald s Pabianicka 75,2025 07 21 11:10:21.736000 02:00,Usługa,pl asista,Asystent,Asystent systemowy,Re: Re: Błędy w wysyłce menu McDonald s Dzika 239 i McDonald s Pabianicka 75,re: re: błędy w wysyłce menu mcdonald s dzika 239 i mcdonald s pabianicka 75,inne,0.5
SD 173604,MFA Wygenerowanie nowych kodów,2025 07 21 11:02:10.286000 02:00,Usługa,PL 00524 Starachowice,524,Starachowice,MFA Wygenerowanie nowych kodów,mfa wygenerowanie nowych kodów,inne,0.5
SD 173603,Pos01 nie działa przycisk przywołaj z pamięci,2025 07 21 10:58:50.867000 02:00,Incydent,PL 00524 Starachowice,524,Starachowice,Pos01 nie działa przycisk przywołaj z pamięci,pos01 nie działa przycisk przywołaj z pamięci,POS brak kafelków,0.9
SD 173602,BEV/MYF1 nie można skasować zamówienia,2025 07 21 10:58:24.694000 02:00,Incydent,PL 00427 W wa 46 Dworzec Centralny,427,Wwa 46 Dworzec Centralny,BEV/MYF1 nie można skasować zamówienia,bev/myf1 nie można skasować zamówienia,inne,0.5
SD 173601,Pojawia się komunikat o błędzie drukarki fiskalnej na kiosku.,2025 07 21 10:56:03.856000 02:00,Incydent,PL 00420 MOP Brwinow A2 South,420,MOP Brwinow A2 South,Pojawia się komunikat o błędzie drukarki fiskalnej na kiosku.,pojawia się komunikat o błędzie drukarki fiskalnej na kiosku.,inne,0.5
SD 173600,pojawiający się problem z komunikacją,2025 07 21 10:55:29.254000 02:00,Incydent,PL 00493 Lebork,493,Lebork,pojawiający się problem z komunikacją,pojawiający się problem z komunikacją,inne,0.5
SD 173599,Epr01 czasy zatrzymały się na 4,2025 07 21 10:54:43.125000 02:00,Incydent,PL 00251 Olsztyn 2,251,Olsztyn 2,Epr01 czasy zatrzymały się na 4,epr01 czasy zatrzymały się na 4,inne,0.5
SD 173598,INVO2 długo się ładuje,2025 07 21 10:54:28.537000 02:00,Usługa,PL 00439 Oswiecim,439,Oswiecim,INVO2 długo się ładuje,invo2 długo się ładuje,inne,0.5
SD 173596,IDMB wyswietlają sie grafiki z brakiem produktu,2025 07 21 10:51:11.591000 02:00,Incydent,PL 00266 Krakow 13 Mogilany,266,Krakow 13 Mogilany,IDMB wyswietlają sie grafiki z brakiem produktu,idmb wyswietlają sie grafiki z brakiem produktu,inne,0.5
SD 173592,TELEFON SERWISOWY COD2 Nie skanuje kodów z drugiej linii DT,2025 07 21 10:44:11.062000 02:00,Incydent,PL 00392 MOP Jozefow,392,MOP Jozefow,TELEFON SERWISOWY COD2 Nie skanuje kodów z drugiej linii DT,telefon serwisowy cod2 nie skanuje kodów z drugiej linii dt,telefon serwisowy,0.9
SD 173591,EPR nie pojawiają się PP nowej oferty,2025 07 21 10:43:14.291000 02:00,Incydent,PL 00558 W wa Warsaw Hub,558,Wwa Warsaw Hub,EPR nie pojawiają się PP nowej oferty,epr nie pojawiają się pp nowej oferty,inne,0.5
SD 173590,"RE: Awaria/niedostępność usługi: 849616, ul. Rzgowska 211, 93 317 Łódź INC000013992471 Customer Id: 60",2025 07 21 10:39:23.435000 02:00,Usługa,pl asista,Asystent,Asystent systemowy,"RE: Awaria/niedostępność usługi: 849616, ul. Rzgowska 211, 93 317 Łódź INC000013992471 Customer Id: 60","re: awaria/niedostępność usługi: 849616, ul. rzgowska 211, 93 317 łódź inc000013992471 customer id: 60",inne,0.5
SD 173589,Mgr officePC nie pinguje,2025 07 21 10:37:24.678000 02:00,Incydent,PL 00303 Krakow 14 Bonarka,303,Krakow 14 Bonarka,Mgr officePC nie pinguje,mgr officepc nie pinguje,inne,0.5
SD 173588,Monitor elo do mycia rąk nie załącza sie od poczatku pracy.,2025 07 21 10:31:22.798000 02:00,Incydent,PL 00381 Kielce 5 Korona,381,Kielce 5 Korona,Monitor elo do mycia rąk nie załącza sie od poczatku pracy.,monitor elo do mycia rąk nie załącza sie od poczatku pracy.,inne,0.5
SD 173585,POS06 skaner nadal nie skanuje,2025 07 21 10:28:20.473000 02:00,Incydent,PL 00020 W wa 04 Przejscie,020,Wwa 04 Przejscie,POS06 skaner nadal nie skanuje,pos06 skaner nadal nie skanuje,POS/CSO/DT skaner nie działa,0.9
SD 173584,Spadek,2025 07 21 10:28:06.992000 02:00,Incydent,PL 00024 Olsztyn 1,024,Olsztyn 1,Spadek,spadek,inne,0.5
SD 173580,KVS04 czerwone M,2025 07 21 10:14:12.862000 02:00,Incydent,PL 00050 Bydgoszcz 3 Wyzyny,050,Bydgoszcz 3 Wyzyny,KVS04 czerwone M,kvs04 czerwone m,inne,0.5
SD 173578,EPRO01 admin logon,2025 07 21 10:09:21.841000 02:00,Incydent,PL 00609 Wielun,609,Wielun,EPRO01 admin logon,epro01 admin logon,POS/CSO/KVS admin logon,0.9
SD 173577,POS02 Nie pinguje,2025 07 21 10:09:03.545000 02:00,Incydent,PL 00342 Lubliniec,342,Lubliniec,POS02 Nie pinguje,pos02 nie pinguje,inne,0.5
SD 173576,MOP prośba o wyłączenie,2025 07 21 10:06:36.807000 02:00,Usługa,PL 00115 Krakow 05 Pilotow,115,Krakow 05 Pilotow,MOP prośba o wyłączenie,mop prośba o wyłączenie,MOP Prośba o włączenie/wyłączenie,0.9
SD 173575,CFS czarny ekran,2025 07 21 10:06:00.714000 02:00,Incydent,PL 00441 Cieszyn,441,Cieszyn,CFS czarny ekran,cfs czarny ekran,inne,0.5
SD 173574,Głuchy telefon,2025 07 21 10:04:47.946000 02:00,Usługa,PL 00115 Krakow 05 Pilotow,115,Krakow 05 Pilotow,Głuchy telefon,głuchy telefon,inne,0.5
SD 173573,POS03 Insert boot media,2025 07 21 10:04:27.986000 02:00,Incydent,PL 00332 Poznan 14 Baltycka,332,Poznan 14 Baltycka,POS03 Insert boot media,pos03 insert boot media,inne,0.5
SD 173572,CSO28 nie dostępny,2025 07 21 10:02:45.953000 02:00,Incydent,PL 00357 Rzeszow 3 Millenium Hall,357,Rzeszow 3 Millenium Hall,CSO28 nie dostępny,cso28 nie dostępny,inne,0.5
SD 173571,HoC 1 drukarki grillowe podłączone do kas nie drukują,2025 07 21 09:59:24.114000 02:00,Incydent,PL 00411 MOP Markuszow S17 North,411,MOP Markuszow S17 North,HoC 1 drukarki grillowe podłączone do kas nie drukują,hoc 1 drukarki grillowe podłączone do kas nie drukują,inne,0.5
SD 173570,SKANER PRZY KASIE NR 7,2025 07 21 09:57:46.056000 02:00,Incydent,PL 00507 Wrocław 21 CH Wroclavia,507,Wrocław 21 CH Wroclavia,SKANER PRZY KASIE NR 7,skaner przy kasie nr 7,inne,0.5
SD 173569,Problem z promocją lokalną TEST,2025 07 21 09:56:56.089000 02:00,Usługa,Konwencja McDonalds,Nieznany,Konwencja McDonalds,Problem z promocją lokalną TEST,problem z promocją lokalną test,inne,0.5
SD 173568,POS06 błąd przy wciśnięciu Zgodna kwota,2025 07 21 09:50:47.755000 02:00,Incydent,PL 00444 W wa 49 Swietokrzyska,444,Wwa 49 Swietokrzyska,POS06 błąd przy wciśnięciu Zgodna kwota,pos06 błąd przy wciśnięciu zgodna kwota,inne,0.5
SD 173567,Cso25 Admin Logon,2025 07 21 09:50:46.814000 02:00,Incydent,PL 00478 Lublin 7 Krasnicka,478,Lublin 7 Krasnicka,Cso25 Admin Logon,cso25 admin logon,POS/CSO/KVS admin logon,0.9
SD 173563,CSO27/26 nie działają,2025 07 21 09:38:04.662000 02:00,Incydent,PL 00125 Wroclaw 06 Serek,125,Wroclaw 06 Serek,CSO27/26 nie działają,cso27/26 nie działają,inne,0.5
SD 173562,KVS08 zawieszony na uruchamianiu,2025 07 21 09:37:58.845000 02:00,Incydent,Kozienice PL 00673,673,Kozienice,KVS08 zawieszony na uruchamianiu,kvs08 zawieszony na uruchamianiu,KVSxx zawieszone zamówienie,0.9
SD 173560,Odmb błędne ceny na podglądzie,2025 07 21 09:37:08.677000 02:00,Incydent,PL 00662 MOP S8 Przyjmy,662,MOP S8 Przyjmy,Odmb błędne ceny na podglądzie,odmb błędne ceny na podglądzie,inne,0.5
SD 173558,MyStore prośba o reset hasła,2025 07 21 09:30:33.311000 02:00,Incydent,PL 00584 Zambrow,584,Zambrow,MyStore prośba o reset hasła,mystore prośba o reset hasła,inne,0.5
SD 173557,"CSO25, CSO26 problem z zalogowaniem",2025 07 21 09:29:42.672000 02:00,Incydent,PL 00087 Wroclaw 04 Bielany,087,Wroclaw 04 Bielany,"CSO25, CSO26 problem z zalogowaniem","cso25, cso26 problem z zalogowaniem",inne,0.5
SD 173556,"McDonalds, McDonald s Poland, Coates Support Case 00375578, PLHFS 8440 Request to change CFS configuration, Case Resolution",2025 07 21 09:29:21.667000 02:00,Usługa,pl asista,Asystent,Asystent systemowy,"McDonalds, McDonald s Poland, Coates Support Case 00375578, PLHFS 8440 Request to change CFS configuration, Case Resolution","mcdonalds, mcdonald s poland, coates support case 00375578, plhfs 8440 request to change cfs configuration, case resolution",inne,0.5
SD 173555,"Notorycznie wcinająca się rolka papieru na drukarce OAT, nóż nie przecina wydruków.",2025 07 21 09:21:01.627000 02:00,Incydent,PL 00422 Gdynia 04 Wzgorze Riviera,422,Gdynia 04 Wzgorze Riviera,"Notorycznie wcinająca się rolka papieru na drukarce OAT, nóż nie przecina wydruków.","notorycznie wcinająca się rolka papieru na drukarce oat, nóż nie przecina wydruków.",inne,0.5
SD 173554,Pos01 i kvs08 Admin logon,2025 07 21 09:20:15.252000 02:00,Incydent,PL 00658 Ozimek,658,Ozimek,Pos01 i kvs08 Admin logon,pos01 i kvs08 admin logon,POS/CSO/KVS admin logon,0.9
SD 173553,Nie drukuje naklejek,2025 07 21 09:19:56.571000 02:00,Incydent,Natalia Chrzanowska,Nieznany,Natalia Chrzanowska,Nie drukuje naklejek,nie drukuje naklejek,inne,0.5
SD 173552,Sprzedaż 20072025,2025 07 21 09:18:21.729000 02:00,Usługa,Slawomir Malewicz,Nieznany,Slawomir Malewicz,Sprzedaż 20072025,sprzedaż 20072025,inne,0.5
SD 173551,iDMB wyświetla się brak produktu,2025 07 21 09:18:12.653000 02:00,Incydent,PL 00662 MOP S8 Przyjmy,662,MOP S8 Przyjmy,iDMB wyświetla się brak produktu,idmb wyświetla się brak produktu,inne,0.5
SD 173549,GF MOD Logowanie/MFA,2025 07 21 09:16:25.789000 02:00,Usługa,pl asista,Asystent,Asystent systemowy,GF MOD Logowanie/MFA,gf mod logowanie/mfa,inne,0.5
SD 173545,Pos07 admin logon,2025 07 21 09:15:09.474000 02:00,Incydent,PL 00366 Szczecin 09 Ster,366,Szczecin 09 Ster,Pos07 admin logon,pos07 admin logon,POS/CSO/KVS admin logon,0.9
SD 173543,EPR01 admin logon,2025 07 21 09:13:54.455000 02:00,Incydent,PL 00594 Paslek,594,Paslek,EPR01 admin logon,epr01 admin logon,POS/CSO/KVS admin logon,0.9
SD 173542,"Różnica pomiędzy raportem MyStore, a raportem fiskalnym",2025 07 21 09:12:32.826000 02:00,Incydent,PL 00414 MOP Stanislawice A4 South,414,MOP Stanislawice A4 South,"Różnica pomiędzy raportem MyStore, a raportem fiskalnym","różnica pomiędzy raportem mystore, a raportem fiskalnym",inne,0.5
SD 173541,GF MOD Logowanie/MFA,2025 07 21 09:10:21.595000 02:00,Usługa,pl asista,Asystent,Asystent systemowy,GF MOD Logowanie/MFA,gf mod logowanie/mfa,inne,0.5
SD 173540,IDMB FC2 FC1 Brak obrazu,2025 07 21 09:10:02.687000 02:00,Incydent,PL 00234 Olkusz,234,Olkusz,IDMB FC2 FC1 Brak obrazu,idmb fc2 fc1 brak obrazu,inne,0.5
SD 173539,CSO30 problem z gotówkomatem,2025 07 21 09:09:50.777000 02:00,Incydent,PL 00628 Mop Zakrzew Wschod,628,Mop Zakrzew Wschod,CSO30 problem z gotówkomatem,cso30 problem z gotówkomatem,inne,0.5
SD 173538,Autorelease nie drukuje automatycznie,2025 07 21 09:08:53.440000 02:00,Incydent,PL 00433 Krakow 16 Galeria Bronowicka,433,Krakow 16 Galeria Bronowicka,Autorelease nie drukuje automatycznie,autorelease nie drukuje automatycznie,inne,0.5
SD 173537,POS01 error 65542,2025 07 21 09:05:05.334000 02:00,Incydent,PL 00319 Krakow 15 Czyzyny,319,Krakow 15 Czyzyny,POS01 error 65542,pos01 error 65542,inne,0.5
SD 173536,Newpos problem z zablokowaniem produktu,2025 07 21 09:05:03.580000 02:00,Usługa,PL 00115 Krakow 05 Pilotow,115,Krakow 05 Pilotow,Newpos problem z zablokowaniem produktu,newpos problem z zablokowaniem produktu,inne,0.5
SD 173535,"MOP, DLV zamówienia nie przechodzą",2025 07 21 09:04:06.261000 02:00,Incydent,PL 00087 Wroclaw 04 Bielany,087,Wroclaw 04 Bielany,"MOP, DLV zamówienia nie przechodzą","mop, dlv zamówienia nie przechodzą",MOP zamówienia nie drukują się/odrzuca zamówienia,0.9
SD 173534,Ms9 nie da sie zmienic hasła do zlotej i srebrnej karty,2025 07 21 09:01:26.044000 02:00,Incydent,PL 00382 Skierniewice,382,Skierniewice,Ms9 nie da sie zmienic hasła do zlotej i srebrnej karty,ms9 nie da sie zmienic hasła do zlotej i srebrnej karty,inne,0.5
SD 173533,KVS09 Nie uruchomił się poprawnie,2025 07 21 08:59:33.482000 02:00,Incydent,PL 00520 W Wa 58 Atrium Promena,520,WWa 58 Atrium Promena,KVS09 Nie uruchomił się poprawnie,kvs09 nie uruchomił się poprawnie,inne,0.5
SD 173518,MOP przestarzały dzień biznesowy na FOE63,2025 07 21 08:53:19.124000 02:00,Incydent,PL 00401 Inowroclaw 02 Galeria Solna,401,Inowroclaw 02 Galeria Solna,MOP przestarzały dzień biznesowy na FOE63,mop przestarzały dzień biznesowy na foe63,inne,0.5
SD 173513,IDMB FC3 Brak obrazu,2025 07 21 08:45:33.004000 02:00,Incydent,PL 00426 W wa 51 Radosc,426,Wwa 51 Radosc,IDMB FC3 Brak obrazu,idmb fc3 brak obrazu,inne,0.5
SD 173510,CSO27 czerwona M,2025 07 21 08:43:53.978000 02:00,Incydent,PL 00242 Krakow 08 Metro,242,Krakow 08 Metro,CSO27 czerwona M,cso27 czerwona m,POS/CSO/KVS czerwona M,0.9
SD 173507,"Dzień dobry! Cennik świeci się na biało, nie pokazuje menu",2025 07 21 08:42:05.552000 02:00,Incydent,PL 00242 Krakow 08 Metro,242,Krakow 08 Metro,"Dzień dobry! Cennik świeci się na biało, nie pokazuje menu","dzień dobry! cennik świeci się na biało, nie pokazuje menu",inne,0.5
SD 173505,Brak czasów szybkości obsługi na KVS,2025 07 21 08:37:33.139000 02:00,Incydent,PL 00014 Zakopane 1,014,Zakopane 1,Brak czasów szybkości obsługi na KVS,brak czasów szybkości obsługi na kvs,inne,0.5
SD 173501,POS06 Brakuje kafelków,2025 07 21 08:33:55.398000 02:00,Incydent,Stargard 2 PL 00699,699,Stargard 2,POS06 Brakuje kafelków,pos06 brakuje kafelków,POS brak kafelków,0.9
SD 173494,Drukarka grillowa bev drukuje po kilka slipów,2025 07 21 08:30:03.033000 02:00,Incydent,PL 00462 Airport Airside,462,Airport Airside,Drukarka grillowa bev drukuje po kilka slipów,drukarka grillowa bev drukuje po kilka slipów,inne,0.5
SD 173491,Pos03 Cod is not running,2025 07 21 08:24:51.151000 02:00,Incydent,PL 00554 Krapkowice,554,Krapkowice,Pos03 Cod is not running,pos03 cod is not running,inne,0.5
SD 173490,Proszę o wykonanie rekalkulacji na wszystkich produktach,2025 07 21 08:24:11.048000 02:00,Incydent,PL 00250 Lodz 12 Galeria,250,Lodz 12 Galeria,Proszę o wykonanie rekalkulacji na wszystkich produktach,proszę o wykonanie rekalkulacji na wszystkich produktach,inne,0.5
SD 173486,DLV brak oferty nowej śniadaniowej w restauracji,2025 07 21 08:19:44.941000 02:00,Incydent,PL 00558 W wa Warsaw Hub,558,Wwa Warsaw Hub,DLV brak oferty nowej śniadaniowej w restauracji,dlv brak oferty nowej śniadaniowej w restauracji,inne,0.5
SD 173485,Pos01 awaria szuflady,2025 07 21 08:19:25.987000 02:00,Incydent,PL 00294 Zamosc,294,Zamosc,Pos01 awaria szuflady,pos01 awaria szuflady,inne,0.5
SD 173484,POS07 nie otwiera się szuflada,2025 07 21 08:18:12.763000 02:00,Incydent,PL 00106 W wa 15 Jubilerska,106,Wwa 15 Jubilerska,POS07 nie otwiera się szuflada,pos07 nie otwiera się szuflada,inne,0.5
SD 173482,POS06 nie pinguje,2025 07 21 08:15:35.057000 02:00,Incydent,PL 00107 Sopot 1,107,Sopot 1,POS06 nie pinguje,pos06 nie pinguje,inne,0.5
SD 173481,Mystore nie uruchamia się,2025 07 21 08:15:16.289000 02:00,Incydent,PL 00461 Lubon,461,Lubon,Mystore nie uruchamia się,mystore nie uruchamia się,inne,0.5
SD 173480,POS01 zacięta na zamówieniu,2025 07 21 08:15:12.939000 02:00,Incydent,PL 00411 MOP Markuszow S17 North,411,MOP Markuszow S17 North,POS01 zacięta na zamówieniu,pos01 zacięta na zamówieniu,POS/CSO zawieszony,0.9
SD 173478,KVS29 Admin Logon,2025 07 21 08:14:01.650000 02:00,Incydent,PL 00657 Konin 3,657,Konin 3,KVS29 Admin Logon,kvs29 admin logon,POS/CSO/KVS admin logon,0.9
SD 173477,Głuchy telefon,2025 07 21 08:12:29.900000 02:00,Usługa,PL 00657 Konin 3,657,Konin 3,Głuchy telefon,głuchy telefon,inne,0.5
SD 173476,TR Serwer nie jest dostępny,2025 07 21 08:11:32.247000 02:00,Incydent,MOP Stobiecko Szlacheckie Wschod,Nieznany,MOP Stobiecko Szlacheckie Wschod,TR Serwer nie jest dostępny,tr serwer nie jest dostępny,inne,0.5
SD 173475,Pos06 nie pinguje,2025 07 21 08:11:24.309000 02:00,Incydent,PL 00450 Gdansk 13 Forum Gdansk Mall,450,Gdansk 13 Forum Gdansk Mall,Pos06 nie pinguje,pos06 nie pinguje,inne,0.5
SD 173473,KVS34 nie uruchamia się,2025 07 21 08:02:51.053000 02:00,Incydent,PL 00494 Naklo nad Notecia,494,Naklo nad Notecia,KVS34 nie uruchamia się,kvs34 nie uruchamia się,inne,0.5
SD 173472,Kvs 0/0,2025 07 21 08:00:09.663000 02:00,Incydent,PL 00370 Gdansk 10 Swietokrzyska,370,Gdansk 10 Swietokrzyska,Kvs 0/0,kvs 0/0,inne,0.5
SD 173469,FC_1 Błędna cena zestawu McMuffin twarożek,2025 07 21 07:51:56.946000 02:00,Incydent,PL 00266 Krakow 13 Mogilany,266,Krakow 13 Mogilany,FC_1 Błędna cena zestawu McMuffin twarożek,fc_1 błędna cena zestawu mcmuffin twarożek,inne,0.5
SD 173468,COD nie skanuje kuponów,2025 07 21 07:40:57.567000 02:00,Incydent,PL 00202 Nowy Sacz,202,Nowy Sacz,COD nie skanuje kuponów,cod nie skanuje kuponów,inne,0.5
SD 173467,POS06 zacięta na 50%,2025 07 21 07:39:06.147000 02:00,Incydent,PL 00447 Radom 5 Galeria Sloneczna,447,Radom 5 Galeria Sloneczna,POS06 zacięta na 50%,pos06 zacięta na 50%,POS/CSO zawieszony,0.9
SD 173466,POS24 brak kafelków,2025 07 21 07:39:05.083000 02:00,Incydent,PL 00488 Włocławek 02 Wzorcownia,488,Włocławek 02 Wzorcownia,POS24 brak kafelków,pos24 brak kafelków,POS brak kafelków,0.9
SD 173465,nie można zalogować kasjera,2025 07 21 07:37:27.195000 02:00,Incydent,PL 00306 Minsk Mazowiecki,306,Minsk Mazowiecki,nie można zalogować kasjera,nie można zalogować kasjera,MyStore background service nie gotowy/nie można się zalogować,0.9
SD 173464,Telefon Odnośnie aktualizacji RFM,2025 07 21 07:32:16.220000 02:00,Usługa,PL 00558 W wa Warsaw Hub,558,Wwa Warsaw Hub,Telefon Odnośnie aktualizacji RFM,telefon odnośnie aktualizacji rfm,inne,0.5
SD 173463,Mystore niepoprawne dane w raporcie operacyjnym,2025 07 21 07:31:19.910000 02:00,Incydent,PL 00137 Kielce 1,137,Kielce 1,Mystore niepoprawne dane w raporcie operacyjnym,mystore niepoprawne dane w raporcie operacyjnym,inne,0.5
SD 173462,Oddzwonienie brak konieczności podjęcia działań,2025 07 21 07:30:57.851000 02:00,Usługa,PL 00302 Kedzierzyn Kozle,302,Kedzierzyn Kozle,Oddzwonienie brak konieczności podjęcia działań,oddzwonienie brak konieczności podjęcia działań,inne,0.5
SD 173461,DT Dashboard brak czasów,2025 07 21 07:29:11.252000 02:00,Incydent,PL 00491 Tarnow 3,491,Tarnow 3,DT Dashboard brak czasów,dt dashboard brak czasów,inne,0.5
SD 173460,CSO Brak ikonek,2025 07 21 07:27:58.753000 02:00,Incydent,PL 00266 Krakow 13 Mogilany,266,Krakow 13 Mogilany,CSO Brak ikonek,cso brak ikonek,inne,0.5
SD 173458,Kasa zacięła się przy aktualizacji,2025 07 21 07:24:31.272000 02:00,Incydent,PL 00496 Knurow,496,Knurow,Kasa zacięła się przy aktualizacji,kasa zacięła się przy aktualizacji,inne,0.5
SD 173457,POS01 Admin logon,2025 07 21 07:23:33.329000 02:00,Incydent,PL 00235 Wodzislaw Slaski,235,Wodzislaw Slaski,POS01 Admin logon,pos01 admin logon,POS/CSO/KVS admin logon,0.9
SD 173456,MYF01 nie działa drukarka grillowa,2025 07 21 07:22:54.834000 02:00,Incydent,PL 00298 Konin 2,298,Konin 2,MYF01 nie działa drukarka grillowa,myf01 nie działa drukarka grillowa,inne,0.5
SD 173455,Kasa jest niedostępna,2025 07 21 07:22:06.060000 02:00,Incydent,PL 00352 MOP Lozienica,352,MOP Lozienica,Kasa jest niedostępna,kasa jest niedostępna,inne,0.5
SD 173454,DT błędne wpadanie zamówień na kasy,2025 07 21 07:21:52.921000 02:00,Incydent,PL 00666 Radzymin,666,Radzymin,DT błędne wpadanie zamówień na kasy,dt błędne wpadanie zamówień na kasy,inne,0.5
SD 173453,Mystore problem ze zmianą numeru pracownika,2025 07 21 07:20:17.234000 02:00,Incydent,PL 00229 Chojnice,229,Chojnice,Mystore problem ze zmianą numeru pracownika,mystore problem ze zmianą numeru pracownika,inne,0.5
SD 173452,KVS11 admin logon,2025 07 21 07:17:41.750000 02:00,Incydent,PL 00682 Luban,682,Luban,KVS11 admin logon,kvs11 admin logon,POS/CSO/KVS admin logon,0.9
SD 173451,NewPos HoC 1 nie drukują się opiski z drukarek grillowych,2025 07 21 07:15:17.835000 02:00,Incydent,PL 00453 Pruszcz Gdanski,453,Pruszcz Gdanski,NewPos HoC 1 nie drukują się opiski z drukarek grillowych,newpos hoc 1 nie drukują się opiski z drukarek grillowych,inne,0.5
SD 173450,ekran ładowania,2025 07 21 07:13:19.111000 02:00,Incydent,PL 00185 Wroclaw 09 Bardzka,185,Wroclaw 09 Bardzka,ekran ładowania,ekran ładowania,inne,0.5
SD 173449,zawieszenie na 50% ładowania,2025 07 21 07:12:42.806000 02:00,Incydent,PL 00617 Wejherowo,617,Wejherowo,zawieszenie na 50% ładowania,zawieszenie na 50% ładowania,inne,0.5
SD 173448,EPR01 admin logon,2025 07 21 07:12:32.451000 02:00,Incydent,PL 00399 Jawornik,399,Jawornik,EPR01 admin logon,epr01 admin logon,POS/CSO/KVS admin logon,0.9
SD 173447,Produkcja główna skacze na zapas i z powrotem,2025 07 21 07:11:44.560000 02:00,Incydent,PL 00319 Krakow 15 Czyzyny,319,Krakow 15 Czyzyny,Produkcja główna skacze na zapas i z powrotem,produkcja główna skacze na zapas i z powrotem,inne,0.5
SD 173446,POS01 kasa zawieszona,2025 07 21 07:11:15.274000 02:00,Incydent,PL 00274 Gniezno,274,Gniezno,POS01 kasa zawieszona,pos01 kasa zawieszona,inne,0.5
SD 173445,nie wstaje,2025 07 21 07:10:22.970000 02:00,Incydent,PL 00245 Poznan 11 Komorniki,245,Poznan 11 Komorniki,nie wstaje,nie wstaje,inne,0.5
SD 173444,POS01 brak kafelków,2025 07 21 07:09:56.584000 02:00,Incydent,PL 00298 Konin 2,298,Konin 2,POS01 brak kafelków,pos01 brak kafelków,POS brak kafelków,0.9
SD 173443,KVS08 admin logon,2025 07 21 07:07:24.775000 02:00,Incydent,Rydultowy PL 00681,681,Rydultowy,KVS08 admin logon,kvs08 admin logon,POS/CSO/KVS admin logon,0.9
SD 173442,POS06 Admin Logon,2025 07 21 07:06:51.906000 02:00,Incydent,PL 00594 Paslek,594,Paslek,POS06 Admin Logon,pos06 admin logon,POS/CSO/KVS admin logon,0.9
SD 173441,POS24 problem z płatnościami kartą,2025 07 21 07:06:31.598000 02:00,Incydent,PL 00439 Oswiecim,439,Oswiecim,POS24 problem z płatnościami kartą,pos24 problem z płatnościami kartą,inne,0.5
SD 173440,POS01 brak kafelków,2025 07 21 07:04:20.096000 02:00,Incydent,PL 00297 Brodnica,297,Brodnica,POS01 brak kafelków,pos01 brak kafelków,POS brak kafelków,0.9
SD 173439,POS02 Brak kafelków,2025 07 21 07:02:21.096000 02:00,Incydent,PL 00084 Zielona Gora 1,084,Zielona Gora 1,POS02 Brak kafelków,pos02 brak kafelków,POS brak kafelków,0.9
SD 173438,CSO25 problem z DF,2025 07 21 06:58:02.157000 02:00,Incydent,PL 00017 Czestochowa 2,017,Czestochowa 2,CSO25 problem z DF,cso25 problem z df,inne,0.5
SD 173437,POS01 Zawieszony na 100%,2025 07 21 06:56:56.657000 02:00,Incydent,PL 00126 Krakow 06 Wielicka,126,Krakow 06 Wielicka,POS01 Zawieszony na 100%,pos01 zawieszony na 100%,POS/CSO zawieszony,0.9
SD 173436,Kvs03 Nie pinguje,2025 07 21 06:56:49.868000 02:00,Incydent,PL 00592 Jedrzejow,592,Jedrzejow,Kvs03 Nie pinguje,kvs03 nie pinguje,inne,0.5
SD 173435,"KVS08, 09 admin logon",2025 07 21 06:56:01.089000 02:00,Incydent,PL 00735 Oborniki,735,Oborniki,"KVS08, 09 admin logon","kvs08, 09 admin logon",POS/CSO/KVS admin logon,0.9
SD 173426,POS24 drukarka nie pinguje,2025 07 21 06:53:26.744000 02:00,Incydent,PL 00525 Dzierzoniow,525,Dzierzoniow,POS24 drukarka nie pinguje,pos24 drukarka nie pinguje,inne,0.5
SD 173424,POS/CSO/KVS admin logon,2025 07 21 06:53:18.892000 02:00,Incydent,PL 00367 Wroclaw 18 SkyTower,367,Wroclaw 18 SkyTower,POS/CSO/KVS admin logon,pos/cso/kvs admin logon,POS/CSO/KVS admin logon,0.9
SD 173420,"po restarcie nie chce się uruchomić , cały czas czerwony monitor",2025 07 21 06:47:48.313000 02:00,Incydent,PL 00241 Tomaszow Mazowiecki,241,Tomaszow Mazowiecki,"po restarcie nie chce się uruchomić , cały czas czerwony monitor","po restarcie nie chce się uruchomić , cały czas czerwony monitor",inne,0.5
SD 173419,POS02 ekran ładowania,2025 07 21 06:47:26.373000 02:00,Incydent,PL 00460 Radom 06 Rondo Kozienieckie,460,Radom 06 Rondo Kozienieckie,POS02 ekran ładowania,pos02 ekran ładowania,inne,0.5
SD 173418,KVS11 Admin logon,2025 07 21 06:45:49.127000 02:00,Incydent,PL 00600 Zabkowice,600,Zabkowice,KVS11 Admin logon,kvs11 admin logon,POS/CSO/KVS admin logon,0.9
SD 173417,NA monitorze nr 8 wyświetla się taki komunikat,2025 07 21 06:40:16.347000 02:00,Incydent,PL 00251 Olsztyn 2,251,Olsztyn 2,NA monitorze nr 8 wyświetla się taki komunikat,na monitorze nr 8 wyświetla się taki komunikat,inne,0.5
SD 173413,POS24 brak kafelków,2025 07 21 06:28:18.732000 02:00,Incydent,pl 00578,578,pl 00578,POS24 brak kafelków,pos24 brak kafelków,POS brak kafelków,0.9
SD 173412,Wprowadzenie sprzedaży za dzień 20.07.2025,2025 07 21 06:27:22.559000 02:00,Usługa,Slawomir Malewicz,Nieznany,Slawomir Malewicz,Wprowadzenie sprzedaży za dzień 20.07.2025,wprowadzenie sprzedaży za dzień 20.07.2025,inne,0.5
SD 173411,POS07 Kasa nie pinguje,2025 07 21 06:25:50.563000 02:00,Incydent,PL 00043 Sosnowiec 1,043,Sosnowiec 1,POS07 Kasa nie pinguje,pos07 kasa nie pinguje,inne,0.5
SD 173410,KVS03/06 problem z uruchomieniem newpos,2025 07 21 06:25:42.163000 02:00,Incydent,PL 00558 W wa Warsaw Hub,558,Wwa Warsaw Hub,KVS03/06 problem z uruchomieniem newpos,kvs03/06 problem z uruchomieniem newpos,inne,0.5
SD 173409,KVS czerwone M na wszystkich monitorach,2025 07 21 06:23:44.503000 02:00,Incydent,PL 00740 MOP S6 Kamien Polnoc,740,MOP S6 Kamien Polnoc,KVS czerwone M na wszystkich monitorach,kvs czerwone m na wszystkich monitorach,inne,0.5
SD 173408,Kvs wszystkie kvs mają czerwone M,2025 07 21 06:20:01.473000 02:00,Incydent,PL 00740 MOP S6 Kamien Polnoc,740,MOP S6 Kamien Polnoc,Kvs wszystkie kvs mają czerwone M,kvs wszystkie kvs mają czerwone m,inne,0.5
SD 173407,POS DT zrestartowały się same i nie uruchamiają,2025 07 21 06:19:38.819000 02:00,Incydent,PL 00319 Krakow 15 Czyzyny,319,Krakow 15 Czyzyny,POS DT zrestartowały się same i nie uruchamiają,pos dt zrestartowały się same i nie uruchamiają,POS/CSO/DT skaner nie działa,0.9
SD 173406,POS01 kasa się włącza i wyłącza,2025 07 21 06:18:54.944000 02:00,Incydent,PL 00311 Nowy Dwor Gdanski,311,Nowy Dwor Gdanski,POS01 kasa się włącza i wyłącza,pos01 kasa się włącza i wyłącza,inne,0.5
SD 173405,KVS09 nie załadował się newpos,2025 07 21 06:18:24.145000 02:00,Incydent,PL 00333 MOP Wymyslow,333,MOP Wymyslow,KVS09 nie załadował się newpos,kvs09 nie załadował się newpos,inne,0.5
SD 173404,KVS09 Komunikat MOP nie działa prawidłowo,2025 07 21 06:16:05.831000 02:00,Incydent,PL 00437 MOP Wisniowa Gora A1 W,437,MOP Wisniowa Gora A1 W,KVS09 Komunikat MOP nie działa prawidłowo,kvs09 komunikat mop nie działa prawidłowo,inne,0.5
SD 173403,Druakarki Grill w rest nie działają,2025 07 21 06:15:10.585000 02:00,Incydent,PL 00291 MOP Witowice,291,MOP Witowice,Druakarki Grill w rest nie działają,druakarki grill w rest nie działają,inne,0.5
SD 173402,POS03 brak kafelków,2025 07 21 06:15:05.066000 02:00,Incydent,PL 00487 MOP Aleksandrowice A4 N,487,MOP Aleksandrowice A4 N,POS03 brak kafelków,pos03 brak kafelków,POS brak kafelków,0.9
SD 173401,"POS06, 07 problem z boot media",2025 07 21 06:14:30.153000 02:00,Incydent,PL 00107 Sopot 1,107,Sopot 1,"POS06, 07 problem z boot media","pos06, 07 problem z boot media",inne,0.5
SD 173400,Restauracja rozłączyła się natychmiast,2025 07 21 06:14:13.545000 02:00,Usługa,PL 00333 MOP Wymyslow,333,MOP Wymyslow,Restauracja rozłączyła się natychmiast,restauracja rozłączyła się natychmiast,inne,0.5
SD 173398,POS24/03 brak kafelków,2025 07 21 06:13:31.787000 02:00,Incydent,PL 00516 Czluchow,516,Czluchow,POS24/03 brak kafelków,pos24/03 brak kafelków,POS brak kafelków,0.9
SD 173397,CSO26 Admin Logon,2025 07 21 06:13:08.495000 02:00,Incydent,PL 00331 Nowy Targ,331,Nowy Targ,CSO26 Admin Logon,cso26 admin logon,POS/CSO/KVS admin logon,0.9
SD 173396,Produkcja główna/zapasowa offline,2025 07 21 06:12:43.129000 02:00,Incydent,pl 00702,702,pl 00702,Produkcja główna/zapasowa offline,produkcja główna/zapasowa offline,Waystation offline,0.9
SD 173395,POSy czerwone M pojawia się co jakiś czas,2025 07 21 06:12:29.103000 02:00,Incydent,PL 00431 Augustow,431,Augustow,POSy czerwone M pojawia się co jakiś czas,posy czerwone m pojawia się co jakiś czas,inne,0.5
SD 173394,POS03 nie uruchamia się,2025 07 21 06:11:34.492000 02:00,Incydent,PL 00552 Jawczyce,552,Jawczyce,POS03 nie uruchamia się,pos03 nie uruchamia się,inne,0.5
SD 173393,CSO29/31 Cr nie wydaje monet,2025 07 21 06:10:06.822000 02:00,Incydent,PL 00444 W wa 49 Swietokrzyska,444,Wwa 49 Swietokrzyska,CSO29/31 Cr nie wydaje monet,cso29/31 cr nie wydaje monet,inne,0.5
SD 173392,Oferta będzie zaakceptowana przy podsumowaniu zamówienia,2025 07 21 06:08:54.121000 02:00,Incydent,PL 00740 MOP S6 Kamien Polnoc,740,MOP S6 Kamien Polnoc,Oferta będzie zaakceptowana przy podsumowaniu zamówienia,oferta będzie zaakceptowana przy podsumowaniu zamówienia,inne,0.5
SD 173391,ODMB 2 lini Ekran Presell,2025 07 21 06:06:46.366000 02:00,Incydent,PL 00657 Konin 3,657,Konin 3,ODMB 2 lini Ekran Presell,odmb 2 lini ekran presell,inne,0.5
SD 173390,POS03 brak kafelków,2025 07 21 06:05:20.070000 02:00,Incydent,PL 00491 Tarnow 3,491,Tarnow 3,POS03 brak kafelków,pos03 brak kafelków,POS brak kafelków,0.9
SD 173389,KVS01 admin logon,2025 07 21 06:05:08.206000 02:00,Incydent,PL 00103 Wroclaw 05 Targi,103,Wroclaw 05 Targi,KVS01 admin logon,kvs01 admin logon,POS/CSO/KVS admin logon,0.9
SD 173388,Kvs08 nie pinguje,2025 07 21 06:04:40.400000 02:00,Incydent,PL 00251 Olsztyn 2,251,Olsztyn 2,Kvs08 nie pinguje,kvs08 nie pinguje,inne,0.5
SD 173387,POS07 nie otwiera sie szuflada,2025 07 21 06:03:25.789000 02:00,Incydent,PL 00686 Słupca,686,Słupca,POS07 nie otwiera sie szuflada,pos07 nie otwiera sie szuflada,inne,0.5
SD 173386,pos01 Nie pinguje,2025 07 21 06:03:22.131000 02:00,Incydent,PL 00235 Wodzislaw Slaski,235,Wodzislaw Slaski,pos01 Nie pinguje,pos01 nie pinguje,inne,0.5
SD 173385,POS07 Fiscal Driver is not started,2025 07 21 06:02:24.052000 02:00,Incydent,pl 00163,163,pl 00163,POS07 Fiscal Driver is not started,pos07 fiscal driver is not started,inne,0.5
SD 173384,POS24 Admin Logon,2025 07 21 06:00:50.094000 02:00,Usługa,PL 00189 Zakopane 2,189,Zakopane 2,POS24 Admin Logon,pos24 admin logon,POS/CSO/KVS admin logon,0.9
SD 173383,Newpos Wykryto brak fiskalizacji zamówien MOP,2025 07 21 05:56:00.379000 02:00,Incydent,pl 00733,733,pl 00733,Newpos Wykryto brak fiskalizacji zamówien MOP,newpos wykryto brak fiskalizacji zamówien mop,POS brak kafelków,0.9
SD 173382,"Newpos Zamknięcie nie przeszło na kasie, z której był zamykany dzień.",2025 07 21 05:51:57.983000 02:00,Incydent,Tychy 4 PL 00704,704,Tychy 4,"Newpos Zamknięcie nie przeszło na kasie, z której był zamykany dzień.","newpos zamknięcie nie przeszło na kasie, z której był zamykany dzień.",Newpos Zamknięcie nie przeszło na kasie z której był zamykany dzień,0.9
SD 173381,MOP prośba o włączenie,2025 07 21 05:51:25.602000 02:00,Usługa,pl 00163,163,pl 00163,MOP prośba o włączenie,mop prośba o włączenie,MOP Prośba o włączenie/wyłączenie,0.9
SD 173379,MOP wykryto brak fiskalizacji zamówień,2025 07 21 05:47:38.764000 02:00,Incydent,PL 00740 MOP S6 Kamien Polnoc,740,MOP S6 Kamien Polnoc,MOP wykryto brak fiskalizacji zamówień,mop wykryto brak fiskalizacji zamówień,MOP brak fiskalizacji,0.9
SD 173378,MyStore nie przechodzi zamknięcie dnia,2025 07 21 05:46:11.787000 02:00,Incydent,PL 00255 Jarocin,255,Jarocin,MyStore nie przechodzi zamknięcie dnia,mystore nie przechodzi zamknięcie dnia,inne,0.5
SD 173377,Zamknięcie POS nie można zamknąc dnia w mystore.,2025 07 21 05:45:32.099000 02:00,Incydent,PL 00299 Puck,299,Puck,Zamknięcie POS nie można zamknąc dnia w mystore.,zamknięcie pos nie można zamknąc dnia w mystore.,inne,0.5
SD 173376,MAP01 brak aplikacji do wyboru uruchomienia plików,2025 07 21 05:45:30.885000 02:00,Incydent,PL 00443 Nowy Dwor Mazowiecki,443,Nowy Dwor Mazowiecki,MAP01 brak aplikacji do wyboru uruchomienia plików,map01 brak aplikacji do wyboru uruchomienia plików,inne,0.5
SD 173374,MOP komunikat mop nie działa prawidłowo,2025 07 21 05:38:20.378000 02:00,Incydent,PL 00169 Katowice 3 Aral,169,Katowice 3 Aral,MOP komunikat mop nie działa prawidłowo,mop komunikat mop nie działa prawidłowo,inne,0.5
SD 173373,Brak raportu,2025 07 21 05:37:04.177000 02:00,Incydent,PL 00506 Radom 7 PKP,506,Radom 7 PKP,Brak raportu,brak raportu,inne,0.5
SD 173372,KVS08 nie wyświetla frytek,2025 07 21 05:36:51.997000 02:00,Incydent,PL 00457 Wroclaw 20 Dworzec PKP 2,457,Wroclaw 20 Dworzec PKP 2,KVS08 nie wyświetla frytek,kvs08 nie wyświetla frytek,inne,0.5
SD 173371,POS01 Aktualizacja Windows,2025 07 21 05:36:16.261000 02:00,Incydent,PL 00044 Poznan 03 Hetmanska,044,Poznan 03 Hetmanska,POS01 Aktualizacja Windows,pos01 aktualizacja windows,inne,0.5
SD 173370,MOP wykryto brak fiskalizacji zamówień,2025 07 21 05:35:09.450000 02:00,Incydent,PL 00188 Plock 1,188,Plock 1,MOP wykryto brak fiskalizacji zamówień,mop wykryto brak fiskalizacji zamówień,MOP brak fiskalizacji,0.9
SD 173369,Produkcja offline w całej restauracji,2025 07 21 05:31:21.761000 02:00,Incydent,PL 00084 Zielona Gora 1,084,Zielona Gora 1,Produkcja offline w całej restauracji,produkcja offline w całej restauracji,Waystation offline,0.9
SD 173368,POS07 Zawieszone ładowanie na 50%,2025 07 21 05:31:20.682000 02:00,Incydent,PL 00266 Krakow 13 Mogilany,266,Krakow 13 Mogilany,POS07 Zawieszone ładowanie na 50%,pos07 zawieszone ładowanie na 50%,inne,0.5
SD 173367,brak wyświetlania prawidłowej zawartości na odmb,2025 07 21 05:31:08.339000 02:00,Incydent,PL 00545 Koscierzyna,545,Koscierzyna,brak wyświetlania prawidłowej zawartości na odmb,brak wyświetlania prawidłowej zawartości na odmb,inne,0.5
SD 173366,MyStore 0 na jednym szablonie PMX,2025 07 21 05:29:21.924000 02:00,Incydent,PL 00414 MOP Stanislawice A4 South,414,MOP Stanislawice A4 South,MyStore 0 na jednym szablonie PMX,mystore 0 na jednym szablonie pmx,inne,0.5
SD 173365,Długie ładowanie kas,2025 07 21 05:27:24.829000 02:00,Usługa,PL 00111 Pszczyna 1,111,Pszczyna 1,Długie ładowanie kas,długie ładowanie kas,inne,0.5
SD 173364,KVS Żółta M na czerwonym tle,2025 07 21 05:26:51.182000 02:00,Incydent,PL 00721 Bydgoszcz Jana Pawla,721,Bydgoszcz Jana Pawla,KVS Żółta M na czerwonym tle,kvs żółta m na czerwonym tle,inne,0.5
SD 173363,Czerwona M na wszystkich monitorach KVS,2025 07 21 05:24:16.321000 02:00,Incydent,PL 00579 Bytom Karb II,579,Bytom Karb II,Czerwona M na wszystkich monitorach KVS,czerwona m na wszystkich monitorach kvs,POS/CSO/KVS czerwona M,0.9
SD 173362,Pytanie o status zamówień mobilnych,2025 07 21 05:23:38.233000 02:00,Usługa,PL 00427 W wa 46 Dworzec Centralny,427,Wwa 46 Dworzec Centralny,Pytanie o status zamówień mobilnych,pytanie o status zamówień mobilnych,inne,0.5
SD 173361,POS02 aktualizacja windows,2025 07 21 05:22:10.115000 02:00,Incydent,PL 00411 MOP Markuszow S17 North,411,MOP Markuszow S17 North,POS02 aktualizacja windows,pos02 aktualizacja windows,inne,0.5
SD 173360,Newpos nie można zalogować kiosków,2025 07 21 05:20:22.390000 02:00,Usługa,PL 00557 Lowicz,557,Lowicz,Newpos nie można zalogować kiosków,newpos nie można zalogować kiosków,inne,0.5
SD 173359,Problem z drukowaniem z office PC,2025 07 21 05:14:13.869000 02:00,Incydent,PL 00606 Gdansk Uczniowska,606,Gdansk Uczniowska,Problem z drukowaniem z office PC,problem z drukowaniem z office pc,inne,0.5
SD 173358,POS01 Żółta M na czerwonym tle,2025 07 21 05:13:36.273000 02:00,Incydent,PL 00608 Wyszkow,608,Wyszkow,POS01 Żółta M na czerwonym tle,pos01 żółta m na czerwonym tle,inne,0.5
SD 173357,POS Aktualizacje Windows,2025 07 21 05:11:28.926000 02:00,Incydent,PL 00351 MOP Sitno S3,351,MOP Sitno S3,POS Aktualizacje Windows,pos aktualizacje windows,inne,0.5
SD 173356,Zawieszone zamówienie na KVS09,2025 07 21 05:08:20.441000 02:00,Incydent,PL 00427 W wa 46 Dworzec Centralny,427,Wwa 46 Dworzec Centralny,Zawieszone zamówienie na KVS09,zawieszone zamówienie na kvs09,KVSxx zawieszone zamówienie,0.9
SD 173355,POS getting windows ready na kasach,2025 07 21 05:07:53.148000 02:00,Poważny Incydent,PL 00542 Bydgoszcz PKP,542,Bydgoszcz PKP,POS getting windows ready na kasach,pos getting windows ready na kasach,inne,0.5
SD 173353,Czerwone M na monitorach,2025 07 21 05:04:17.837000 02:00,Incydent,PL 00509 MOP Machnacz A1 E,509,MOP Machnacz A1 E,Czerwone M na monitorach,czerwone m na monitorach,inne,0.5
SD 173352,POS aktualizacje Windows,2025 07 21 05:03:17.701000 02:00,Incydent,PL 00165 Czeladz 2,165,Czeladz 2,POS aktualizacje Windows,pos aktualizacje windows,inne,0.5
SD 173351,MOP prośba o wyłączenie,2025 07 21 05:00:54.757000 02:00,Usługa,PL 00427 W wa 46 Dworzec Centralny,427,Wwa 46 Dworzec Centralny,MOP prośba o wyłączenie,mop prośba o wyłączenie,MOP Prośba o włączenie/wyłączenie,0.9
SD 173350,Produkcja zapasowa zamiast głównej po RFM,2025 07 21 04:53:37.764000 02:00,Incydent,PL 00427 W wa 46 Dworzec Centralny,427,Wwa 46 Dworzec Centralny,Produkcja zapasowa zamiast głównej po RFM,produkcja zapasowa zamiast głównej po rfm,inne,0.5
SD 173349,Pytanie o aktualizację,2025 07 21 04:50:36.144000 02:00,Usługa,PL 00150 Lodz 10 Fabryka,150,Lodz 10 Fabryka,Pytanie o aktualizację,pytanie o aktualizację,inne,0.5
SD 173348,Aplikacja CR nie uruchamia się na kioskach,2025 07 21 04:49:39.001000 02:00,Incydent,PL 00617 Wejherowo,617,Wejherowo,Aplikacja CR nie uruchamia się na kioskach,aplikacja cr nie uruchamia się na kioskach,inne,0.5
SD 173347,CSO aktualizacja windows,2025 07 21 04:49:19.867000 02:00,Incydent,PL 00568 Pultusk,568,Pultusk,CSO aktualizacja windows,cso aktualizacja windows,inne,0.5
SD 173346,Kas nieodpowiada,2025 07 21 04:47:38.961000 02:00,Incydent,PL 00179 Kielce 3,179,Kielce 3,Kas nieodpowiada,kas nieodpowiada,inne,0.5
SD 173345,Nie można przeprowadzić otwarcia dnia,2025 07 21 04:41:59.900000 02:00,Usługa,PL 00635 Prudnik,635,Prudnik,Nie można przeprowadzić otwarcia dnia,nie można przeprowadzić otwarcia dnia,inne,0.5
SD 173344,błędna godzina,2025 07 21 04:39:53.568000 02:00,Incydent,PL 00693 Brzeg,693,Brzeg,błędna godzina,błędna godzina,inne,0.5
SD 173343,POS06 brak kafelków,2025 07 21 04:35:36.208000 02:00,Incydent,PL 00328 Mielec,328,Mielec,POS06 brak kafelków,pos06 brak kafelków,POS brak kafelków,0.9
SD 173342,POS produkcja zapasowa,2025 07 21 04:31:34.738000 02:00,Incydent,PL 00477 MOP Sieganow,477,MOP Sieganow,POS produkcja zapasowa,pos produkcja zapasowa,inne,0.5
SD 173341,POS03 POS not initalized,2025 07 21 04:30:27.895000 02:00,Incydent,PL 00162 Poznan 09 Obornicka,162,Poznan 09 Obornicka,POS03 POS not initalized,pos03 pos not initalized,POS not initalized,0.9
SD 173340,MOP wykryto brak fiskalizacji,2025 07 21 04:20:12.224000 02:00,Incydent,MOP Stobiecko Szlacheckie Zach,Nieznany,MOP Stobiecko Szlacheckie Zach,MOP wykryto brak fiskalizacji,mop wykryto brak fiskalizacji,MOP brak fiskalizacji,0.9
SD 173339,CSO31 nie uruchamia się newpos,2025 07 21 04:18:22.729000 02:00,Incydent,PL 00200 Krakow 07 Szewska,200,Krakow 07 Szewska,CSO31 nie uruchamia się newpos,cso31 nie uruchamia się newpos,inne,0.5
SD 173338,Połączenie głuchy telefon,2025 07 21 04:15:45.432000 02:00,Incydent,PL 00548 Opole Solaris,548,Opole Solaris,Połączenie głuchy telefon,połączenie głuchy telefon,inne,0.5
SD 173337,DRP brak danych za 20.07,2025 07 21 04:10:48.685000 02:00,Incydent,PL 00491 Tarnow 3,491,Tarnow 3,DRP brak danych za 20.07,drp brak danych za 20.07,Mystore brak danych w raporcie PMX,0.9
SD 173336,MyStore zamykanie systemu zacięło się,2025 07 21 04:10:13.119000 02:00,Incydent,PL 00107 Sopot 1,107,Sopot 1,MyStore zamykanie systemu zacięło się,mystore zamykanie systemu zacięło się,inne,0.5
SD 173335,Problem z zalogowaniem do BOS01,2025 07 21 04:08:40.769000 02:00,Usługa,PL 00243 Grudziadz,243,Grudziadz,Problem z zalogowaniem do BOS01,problem z zalogowaniem do bos01,BOS/MAP nie można się zalogować,0.9
SD 173334,Otwarcie POS nie można przeprowadzić,2025 07 21 04:04:08.602000 02:00,Incydent,PL 00313 Brzesko,313,Brzesko,Otwarcie POS nie można przeprowadzić,otwarcie pos nie można przeprowadzić,inne,0.5
SD 173333,brak możliwości zamknięcia systemu,2025 07 21 03:56:46.575000 02:00,Incydent,PL 00545 Koscierzyna,545,Koscierzyna,brak możliwości zamknięcia systemu,brak możliwości zamknięcia systemu,inne,0.5
SD 173332,POS06 nie zamknął się dzień biznesowy,2025 07 21 03:51:04.600000 02:00,Incydent,PL 00152 Pniewy 1,152,Pniewy 1,POS06 nie zamknął się dzień biznesowy,pos06 nie zamknął się dzień biznesowy,inne,0.5
SD 173331,MyStore prośba o reset hasła,2025 07 21 03:45:30.488000 02:00,Incydent,PL 00211 W wa 29 Lazurowa,211,Wwa 29 Lazurowa,MyStore prośba o reset hasła,mystore prośba o reset hasła,inne,0.5
SD 173330,"Newpos Zamknięcie nie przeszło na kasie, z której był zamykany dzień.",2025 07 21 03:44:53.481000 02:00,Incydent,PL 00139 W wa 20 Stara Milosna,139,Wwa 20 Stara Milosna,"Newpos Zamknięcie nie przeszło na kasie, z której był zamykany dzień.","newpos zamknięcie nie przeszło na kasie, z której był zamykany dzień.",Newpos Zamknięcie nie przeszło na kasie z której był zamykany dzień,0.9
SD 173329,MyStore nie można zapisać pliku,2025 07 21 03:41:48.761000 02:00,Incydent,PL 00107 Sopot 1,107,Sopot 1,MyStore nie można zapisać pliku,mystore nie można zapisać pliku,inne,0.5
SD 173328,Restauracja jest w produkcji zapasowej,2025 07 21 03:39:20.285000 02:00,Incydent,PL 00455 Grodzisk Wielkopolski,455,Grodzisk Wielkopolski,Restauracja jest w produkcji zapasowej,restauracja jest w produkcji zapasowej,inne,0.5
SD 173327,"Newpos Zamknięcie nie przeszło na kasie, z której był zamykany dzień.",2025 07 21 03:37:49.156000 02:00,Incydent,pl 00208,208,pl 00208,"Newpos Zamknięcie nie przeszło na kasie, z której był zamykany dzień.","newpos zamknięcie nie przeszło na kasie, z której był zamykany dzień.",Newpos Zamknięcie nie przeszło na kasie z której był zamykany dzień,0.9
SD 173326,Nie można zamknąć dnia w MyStore,2025 07 21 03:31:36.138000 02:00,Usługa,PL 00350 MOP Wysoka S3,350,MOP Wysoka S3,Nie można zamknąć dnia w MyStore,nie można zamknąć dnia w mystore,inne,0.5
SD 173324,Pobranie pliku,2025 07 21 03:24:39.458000 02:00,Incydent,PL 00114 Tarnowskie Gory 1,114,Tarnowskie Gory 1,Pobranie pliku,pobranie pliku,inne,0.5
SD 173323,POS03 błędna RFM,2025 07 21 03:23:27.571000 02:00,Incydent,PL 00150 Lodz 10 Fabryka,150,Lodz 10 Fabryka,POS03 błędna RFM,pos03 błędna rfm,inne,0.5
SD 173322,MyStore nie można zamknąć dnia,2025 07 21 03:21:02.460000 02:00,Incydent,PL 00686 Słupca,686,Słupca,MyStore nie można zamknąć dnia,mystore nie można zamknąć dnia,inne,0.5
SD 173321,POS07 zły dzień biznesowy,2025 07 21 03:20:56.613000 02:00,Incydent,PL 00580 Wagrowiec,580,Wagrowiec,POS07 zły dzień biznesowy,pos07 zły dzień biznesowy,inne,0.5
SD 173320,GSC01 pytanie o aktualiazcję,2025 07 21 03:12:59.016000 02:00,Incydent,PL 00319 Krakow 15 Czyzyny,319,Krakow 15 Czyzyny,GSC01 pytanie o aktualiazcję,gsc01 pytanie o aktualiazcję,inne,0.5
SD 173318,Waystation prośba o zamknięcie dnia,2025 07 21 03:03:45.925000 02:00,Incydent,PL 00073 Bialystok 1,073,Bialystok 1,Waystation prośba o zamknięcie dnia,waystation prośba o zamknięcie dnia,inne,0.5
SD 173317,POS24 waystation offline,2025 07 21 02:59:59.163000 02:00,Incydent,PL 00245 Poznan 11 Komorniki,245,Poznan 11 Komorniki,POS24 waystation offline,pos24 waystation offline,POS/CSO waystation offline,0.9
SD 173316,MOP komunikat na monitorze MOP nie działa prawidłowo,2025 07 21 02:48:47.643000 02:00,Incydent,PL 00366 Szczecin 09 Ster,366,Szczecin 09 Ster,MOP komunikat na monitorze MOP nie działa prawidłowo,mop komunikat na monitorze mop nie działa prawidłowo,inne,0.5
SD 173314,POS02 zamknięcie POS nie przeszło na kasie z której było wykonywane,2025 07 21 02:46:20.857000 02:00,Incydent,PL 00489 MOP KĘPNICA A4 S,489,MOP KĘPNICA A4 S,POS02 zamknięcie POS nie przeszło na kasie z której było wykonywane,pos02 zamknięcie pos nie przeszło na kasie z której było wykonywane,Newpos Zamknięcie nie przeszło na kasie z której był zamykany dzień,0.9
SD 173312,MyStore zamknięcie/otwarcie zawiesiło się na 80%,2025 07 21 02:44:37.140000 02:00,Incydent,PL 00304 Ostrowiec Swietokrzyski,304,Ostrowiec Swietokrzyski,MyStore zamknięcie/otwarcie zawiesiło się na 80%,mystore zamknięcie/otwarcie zawiesiło się na 80%,inne,0.5
SD 173311,Aktualizacja,2025 07 21 02:44:31.451000 02:00,Incydent,PL 00114 Tarnowskie Gory 1,114,Tarnowskie Gory 1,Aktualizacja,aktualizacja,inne,0.5
SD 173310,Zamknięcie POS zalogowana kasa,2025 07 21 02:43:18.892000 02:00,Usługa,PL 00594 Paslek,594,Paslek,Zamknięcie POS zalogowana kasa,zamknięcie pos zalogowana kasa,Newpos Zamknięcie nie przeszło na kasie z której był zamykany dzień,0.9
SD 173308,Mystore nie uruchamia się,2025 07 21 02:38:39.878000 02:00,Incydent,PL 00350 MOP Wysoka S3,350,MOP Wysoka S3,Mystore nie uruchamia się,mystore nie uruchamia się,inne,0.5
SD 173307,Zamknięcie POS nie można przeprowadzić na żadnej z kas,2025 07 21 02:37:47.320000 02:00,Incydent,PL 00444 W wa 49 Swietokrzyska,444,Wwa 49 Swietokrzyska,Zamknięcie POS nie można przeprowadzić na żadnej z kas,zamknięcie pos nie można przeprowadzić na żadnej z kas,Newpos Zamknięcie nie przeszło na kasie z której był zamykany dzień,0.9
SD 173306,"Newpos Zamknięcie nie przeszło na kasie, z której był zamykany dzień.",2025 07 21 02:33:47.544000 02:00,Incydent,PL 00131 W wa 25 Bazar,131,Wwa 25 Bazar,"Newpos Zamknięcie nie przeszło na kasie, z której był zamykany dzień.","newpos zamknięcie nie przeszło na kasie, z której był zamykany dzień.",Newpos Zamknięcie nie przeszło na kasie z której był zamykany dzień,0.9
SD 173304,POS01 nie może połączyć się z adaptorem od drukarki,2025 07 21 02:28:12.821000 02:00,Incydent,PL 00491 Tarnow 3,491,Tarnow 3,POS01 nie może połączyć się z adaptorem od drukarki,pos01 nie może połączyć się z adaptorem od drukarki,inne,0.5
SD 173303,Prośba o wyłączenie MOP,2025 07 21 02:23:55.709000 02:00,Usługa,PL 00542 Bydgoszcz PKP,542,Bydgoszcz PKP,Prośba o wyłączenie MOP,prośba o wyłączenie mop,MOP Prośba o włączenie/wyłączenie,0.9
SD 173302,"Newpos Zamknięcie nie przeszło na kasie, z której był zamykany dzień.",2025 07 21 02:23:48.410000 02:00,Incydent,pl 00405,405,pl 00405,"Newpos Zamknięcie nie przeszło na kasie, z której był zamykany dzień.","newpos zamknięcie nie przeszło na kasie, z której był zamykany dzień.",Newpos Zamknięcie nie przeszło na kasie z której był zamykany dzień,0.9
SD 173301,"Newpos Zamknięcie nie przeszło na kasie, z której był zamykany dzień.",2025 07 21 02:22:31.081000 02:00,Incydent,PL 00501 Mrągowo,501,Mrągowo,"Newpos Zamknięcie nie przeszło na kasie, z której był zamykany dzień.","newpos zamknięcie nie przeszło na kasie, z której był zamykany dzień.",Newpos Zamknięcie nie przeszło na kasie z której był zamykany dzień,0.9
SD 173299,BOS nie można się zalogować,2025 07 21 02:17:38.089000 02:00,Incydent,PL 00640 Słupsk 2 Boh. Westerplatte,640,Słupsk 2 Boh. Westerplatte,BOS nie można się zalogować,bos nie można się zalogować,BOS/MAP nie można się zalogować,0.9
SD 173298,Mystore brak możliwości zapisania raportu do konkretnej ściezki na dysku I,2025 07 21 02:15:50.153000 02:00,Incydent,PL 00106 W wa 15 Jubilerska,106,Wwa 15 Jubilerska,Mystore brak możliwości zapisania raportu do konkretnej ściezki na dysku I,mystore brak możliwości zapisania raportu do konkretnej ściezki na dysku i,inne,0.5
SD 173297,Produkcja i POS/CSO przestały działać po otwarciu dnia,2025 07 21 02:14:50.339000 02:00,Usługa,PL 00131 W wa 25 Bazar,131,Wwa 25 Bazar,Produkcja i POS/CSO przestały działać po otwarciu dnia,produkcja i pos/cso przestały działać po otwarciu dnia,inne,0.5
SD 173296,Aktualizacja gsc01 waystation offline,2025 07 21 02:14:05.874000 02:00,Usługa,PL 00427 W wa 46 Dworzec Centralny,427,Wwa 46 Dworzec Centralny,Aktualizacja gsc01 waystation offline,aktualizacja gsc01 waystation offline,POS/CSO waystation offline,0.9
SD 173294,"Newpos Zamknięcie nie przeszło na kasie, z której był zamykany dzień.",2025 07 21 02:13:01.741000 02:00,Incydent,PL 00125 Wroclaw 06 Serek,125,Wroclaw 06 Serek,"Newpos Zamknięcie nie przeszło na kasie, z której był zamykany dzień.","newpos zamknięcie nie przeszło na kasie, z której był zamykany dzień.",Newpos Zamknięcie nie przeszło na kasie z której był zamykany dzień,0.9
SD 173293,Problem rozwiązał się podczas dzwonienia,2025 07 21 02:12:08.258000 02:00,Usługa,PL 00622 Lukow,622,Lukow,Problem rozwiązał się podczas dzwonienia,problem rozwiązał się podczas dzwonienia,inne,0.5
SD 173292,FIFO Routing prośba o restart komunikacji,2025 07 21 02:11:24.499000 02:00,Incydent,PL 00298 Konin 2,298,Konin 2,FIFO Routing prośba o restart komunikacji,fifo routing prośba o restart komunikacji,inne,0.5
SD 173291,Zamknięcie POS nie można przeprowadzić na żadnej z kas,2025 07 21 02:05:30.437000 02:00,Incydent,Strykow PL 00571,571,Strykow,Zamknięcie POS nie można przeprowadzić na żadnej z kas,zamknięcie pos nie można przeprowadzić na żadnej z kas,Newpos Zamknięcie nie przeszło na kasie z której był zamykany dzień,0.9
SD 173290,Zawieszony CSO30 po otwarciu dnia biznesowego,2025 07 21 02:04:51.071000 02:00,Incydent,PL 00362 Olesnica Autohof S8,362,Olesnica Autohof S8,Zawieszony CSO30 po otwarciu dnia biznesowego,zawieszony cso30 po otwarciu dnia biznesowego,POS/CSO zawieszony,0.9
SD 173289,Waystation otwarcie nowego dnia,2025 07 21 02:01:18.994000 02:00,Incydent,PL 00580 Wagrowiec,580,Wagrowiec,Waystation otwarcie nowego dnia,waystation otwarcie nowego dnia,inne,0.5
SD 173288,Zamknięcie POS nie można przeprowadzić na żadnej z kas,2025 07 21 01:58:56.548000 02:00,Incydent,PL 00439 Oswiecim,439,Oswiecim,Zamknięcie POS nie można przeprowadzić na żadnej z kas,zamknięcie pos nie można przeprowadzić na żadnej z kas,Newpos Zamknięcie nie przeszło na kasie z której był zamykany dzień,0.9
SD 173287,Waystation prośba o otworzenie dnia,2025 07 21 01:56:19.012000 02:00,Incydent,PL 00240 Tczew,240,Tczew,Waystation prośba o otworzenie dnia,waystation prośba o otworzenie dnia,inne,0.5
SD 173286,CSO29 nie uruchamia NP brak miejsca na dysku,2025 07 21 01:53:05.508000 02:00,Incydent,PL 00315 MOP Worow Grojec,315,MOP Worow Grojec,CSO29 nie uruchamia NP brak miejsca na dysku,cso29 nie uruchamia np brak miejsca na dysku,inne,0.5
SD 173285,Zamknij / otwórz system POS nie można zamknąć systemu,2025 07 21 01:53:02.186000 02:00,Incydent,PL 00582 MOP Kochlice Wschód,582,MOP Kochlice Wschód,Zamknij / otwórz system POS nie można zamknąć systemu,zamknij / otwórz system pos nie można zamknąć systemu,inne,0.5
SD 173283,"Newpos Zamknięcie nie przeszło na kasie, z której był zamykany dzień.",2025 07 21 01:52:13.452000 02:00,Incydent,pl 00754,754,pl 00754,"Newpos Zamknięcie nie przeszło na kasie, z której był zamykany dzień.","newpos zamknięcie nie przeszło na kasie, z której był zamykany dzień.",Newpos Zamknięcie nie przeszło na kasie z której był zamykany dzień,0.9
SD 173282,Zamknięcie POS nie można przeprowadzić na żadnej z kas,2025 07 21 01:48:20.376000 02:00,Incydent,PL 00686 Słupca,686,Słupca,Zamknięcie POS nie można przeprowadzić na żadnej z kas,zamknięcie pos nie można przeprowadzić na żadnej z kas,Newpos Zamknięcie nie przeszło na kasie z której był zamykany dzień,0.9
SD 173278,Problem z zamknięciem dnia biznesowego CSO31 offline,2025 07 21 01:39:57.700000 02:00,Incydent,pl 00745,745,pl 00745,Problem z zamknięciem dnia biznesowego CSO31 offline,problem z zamknięciem dnia biznesowego cso31 offline,inne,0.5
SD 173277,CSO28 nie można wylogować,2025 07 21 01:34:30.192000 02:00,Incydent,PL 00345 W Wa 53 Klasykow,345,WWa 53 Klasykow,CSO28 nie można wylogować,cso28 nie można wylogować,inne,0.5
SD 173276,POS01 nie uruchomił się poprawnie po aktualizacji,2025 07 21 01:31:34.580000 02:00,Usługa,PL 00576 Turek,576,Turek,POS01 nie uruchomił się poprawnie po aktualizacji,pos01 nie uruchomił się poprawnie po aktualizacji,inne,0.5
SD 173274,POS03 nie zmienił się dzień po aktualizacji,2025 07 21 01:26:06.700000 02:00,Usługa,PL 00294 Zamosc,294,Zamosc,POS03 nie zmienił się dzień po aktualizacji,pos03 nie zmienił się dzień po aktualizacji,inne,0.5
SD 173273,Waystation prośba o otworzenie nowego dnia,2025 07 21 01:25:23.774000 02:00,Incydent,PL 00125 Wroclaw 06 Serek,125,Wroclaw 06 Serek,Waystation prośba o otworzenie nowego dnia,waystation prośba o otworzenie nowego dnia,inne,0.5
SD 173272,POS01 Szuflada nie otwiera się,2025 07 21 01:25:16.903000 02:00,Incydent,PL 00369 MOP Chociszewo,369,MOP Chociszewo,POS01 Szuflada nie otwiera się,pos01 szuflada nie otwiera się,inne,0.5
SD 173270,CSO29 prośba o detach,2025 07 21 01:14:52.226000 02:00,Incydent,PL 00656 Szczuczyn,656,Szczuczyn,CSO29 prośba o detach,cso29 prośba o detach,inne,0.5
SD 173269,MyStore nowy standard haseł,2025 07 21 01:11:08.821000 02:00,Usługa,PL 00211 W wa 29 Lazurowa,211,Wwa 29 Lazurowa,MyStore nowy standard haseł,mystore nowy standard haseł,inne,0.5
SD 173267,Korekta błędnie wbitych strat,2025 07 21 01:09:01.437000 02:00,Usługa,PL 00304 Ostrowiec Swietokrzyski,304,Ostrowiec Swietokrzyski,Korekta błędnie wbitych strat,korekta błędnie wbitych strat,inne,0.5
SD 173266,Korekta błędnie wbitych strat,2025 07 21 01:07:45.360000 02:00,Usługa,PL 00304 Ostrowiec Swietokrzyski,304,Ostrowiec Swietokrzyski,Korekta błędnie wbitych strat,korekta błędnie wbitych strat,inne,0.5
SD 173265,Pytanie odnośnie zamknięcia/otwarcia dnia,2025 07 21 01:07:44.163000 02:00,Usługa,PL 00243 Grudziadz,243,Grudziadz,Pytanie odnośnie zamknięcia/otwarcia dnia,pytanie odnośnie zamknięcia/otwarcia dnia,inne,0.5
SD 173264,Zamknij / otwórz system POS nie można zamknąć systemu,2025 07 21 01:06:40.721000 02:00,Incydent,PL 00147 W wa 22 Pulkowa,147,Wwa 22 Pulkowa,Zamknij / otwórz system POS nie można zamknąć systemu,zamknij / otwórz system pos nie można zamknąć systemu,inne,0.5
SD 173263,CSO28 Żółta M na czerwonym tle,2025 07 21 01:06:01.841000 02:00,Incydent,Stargard 2 PL 00699,699,Stargard 2,CSO28 Żółta M na czerwonym tle,cso28 żółta m na czerwonym tle,inne,0.5
SD 173262,POS01 nie zamknął się dzień,2025 07 21 01:05:24.424000 02:00,Incydent,PL 00656 Szczuczyn,656,Szczuczyn,POS01 nie zamknął się dzień,pos01 nie zamknął się dzień,inne,0.5
SD 173261,CSO27 Prośba o detach,2025 07 21 01:04:36.065000 02:00,Incydent,PL 00135 Elblag 1,135,Elblag 1,CSO27 Prośba o detach,cso27 prośba o detach,inne,0.5
SD 173260,"Newpos Zamknięcie nie przeszło na kasie, z której był zamykany dzień.",2025 07 21 01:03:40.715000 02:00,Incydent,PL 00554 Krapkowice,554,Krapkowice,"Newpos Zamknięcie nie przeszło na kasie, z której był zamykany dzień.","newpos zamknięcie nie przeszło na kasie, z której był zamykany dzień.",Newpos Zamknięcie nie przeszło na kasie z której był zamykany dzień,0.9
SD 173259,Kiosk 29 nie chce się uruchomić,2025 07 21 01:01:55.494000 02:00,Incydent,PL 00345 W Wa 53 Klasykow,345,WWa 53 Klasykow,Kiosk 29 nie chce się uruchomić,kiosk 29 nie chce się uruchomić,inne,0.5
SD 173258,Pytanie o straty,2025 07 21 01:01:54.277000 02:00,Usługa,PL 00304 Ostrowiec Swietokrzyski,304,Ostrowiec Swietokrzyski,Pytanie o straty,pytanie o straty,inne,0.5
SD 173257,POS03 no response message.,2025 07 21 01:00:43.800000 02:00,Incydent,PL 00617 Wejherowo,617,Wejherowo,POS03 no response message.,pos03 no response message.,inne,0.5
SD 173256,MyStore nie można zapisać pliku,2025 07 21 00:58:24.108000 02:00,Incydent,PL 00124 Gliwice 2 Obrum,124,Gliwice 2 Obrum,MyStore nie można zapisać pliku,mystore nie można zapisać pliku,inne,0.5
SD 173255,Otwarcie dnia na POS smartUpdate,2025 07 21 00:56:48.050000 02:00,Incydent,PL 00402 MOP Sople 2 Zachod,402,MOP Sople 2 Zachod,Otwarcie dnia na POS smartUpdate,otwarcie dnia na pos smartupdate,inne,0.5
SD 173254,Newpos nie można zamknąc dnia rest.,2025 07 21 00:55:24.003000 02:00,Incydent,pl 00702,702,pl 00702,Newpos nie można zamknąc dnia rest.,newpos nie można zamknąc dnia rest.,inne,0.5
SD 173253,Zamknięcie POS problem z przeprowadzeniem zamknięcia z powodu DF MOP,2025 07 21 00:50:44.492000 02:00,Incydent,PL 00479 MOP Machnacz A1 W,479,MOP Machnacz A1 W,Zamknięcie POS problem z przeprowadzeniem zamknięcia z powodu DF MOP,zamknięcie pos problem z przeprowadzeniem zamknięcia z powodu df mop,inne,0.5
SD 173251,CR30 .241 voltage error,2025 07 21 00:45:54.483000 02:00,Incydent,PL 00595 Znin,595,Znin,CR30 .241 voltage error,cr30 .241 voltage error,inne,0.5
SD 173250,Błąd kasy 1 przez to nie mozna zamknac i otworzyc dnia,2025 07 21 00:33:56.143000 02:00,Incydent,PL 00394 Wrzesnia,394,Wrzesnia,Błąd kasy 1 przez to nie mozna zamknac i otworzyc dnia,błąd kasy 1 przez to nie mozna zamknac i otworzyc dnia,inne,0.5
SD 173249,"Newpos Zamknięcie nie przeszło na kasie, z której był zamykany dzień.",2025 07 21 00:31:02.430000 02:00,Incydent,PL 00415 Poznan 15 Avenida PKP,415,Poznan 15 Avenida PKP,"Newpos Zamknięcie nie przeszło na kasie, z której był zamykany dzień.","newpos zamknięcie nie przeszło na kasie, z której był zamykany dzień.",Newpos Zamknięcie nie przeszło na kasie z której był zamykany dzień,0.9
SD 173248,CSO25 prośba o detach,2025 07 21 00:24:11.751000 02:00,Incydent,PL 00641 Ilawa,641,Ilawa,CSO25 prośba o detach,cso25 prośba o detach,inne,0.5
SD 173247,"Newpos Zamknięcie nie przeszło na kasie, z której był zamykany dzień.",2025 07 21 00:23:16.411000 02:00,Incydent,PL 00590 Nidzica,590,Nidzica,"Newpos Zamknięcie nie przeszło na kasie, z której był zamykany dzień.","newpos zamknięcie nie przeszło na kasie, z której był zamykany dzień.",Newpos Zamknięcie nie przeszło na kasie z której był zamykany dzień,0.9
SD 173246,Pytanie o zamknięcie dnia,2025 07 21 00:23:12.081000 02:00,Usługa,PL 00414 MOP Stanislawice A4 South,414,MOP Stanislawice A4 South,Pytanie o zamknięcie dnia,pytanie o zamknięcie dnia,inne,0.5
SD 173245,Cash recycler W kasetce znajdują się banknoty,2025 07 21 00:22:26.690000 02:00,Incydent,PL 00526 Nowy Sacz,526,Nowy Sacz,Cash recycler W kasetce znajdują się banknoty,cash recycler w kasetce znajdują się banknoty,inne,0.5
SD 173244,"Newpos Zamknięcie nie przeszło na kasie, z której był zamykany dzień.",2025 07 21 00:22:07.414000 02:00,Incydent,PL 00119 Zgorzelec 1,119,Zgorzelec 1,"Newpos Zamknięcie nie przeszło na kasie, z której był zamykany dzień.","newpos zamknięcie nie przeszło na kasie, z której był zamykany dzień.",Newpos Zamknięcie nie przeszło na kasie z której był zamykany dzień,0.9
SD 173243,Problem z zamknięciem dnia w MyStore,2025 07 21 00:21:59.989000 02:00,Usługa,PL 00647 Kolobrzeg,647,Kolobrzeg,Problem z zamknięciem dnia w MyStore,problem z zamknięciem dnia w mystore,inne,0.5
SD 173242,Pytanie o zamknięcie dnia,2025 07 21 00:21:18.434000 02:00,Usługa,PL 00258 Pila,258,Pila,Pytanie o zamknięcie dnia,pytanie o zamknięcie dnia,inne,0.5
SD 173240,"Newpos Zamknięcie nie przeszło na kasie, z której był zamykany dzień.",2025 07 21 00:19:37.220000 02:00,Incydent,PL 00563 Skarzysko Kamienna,563,Skarzysko Kamienna,"Newpos Zamknięcie nie przeszło na kasie, z której był zamykany dzień.","newpos zamknięcie nie przeszło na kasie, z której był zamykany dzień.",Newpos Zamknięcie nie przeszło na kasie z której był zamykany dzień,0.9
SD 173239,CSO27 nie uruchamia newposa,2025 07 21 00:17:43.306000 02:00,Incydent,PL 00481 MOP Chojny Wieluń S8 E,481,MOP Chojny Wieluń S8 E,CSO27 nie uruchamia newposa,cso27 nie uruchamia newposa,inne,0.5
SD 173238,CSO29 Admin Logon,2025 07 21 00:16:35.026000 02:00,Incydent,PL 00464 W wa 01 Centrum,464,Wwa 01 Centrum,CSO29 Admin Logon,cso29 admin logon,POS/CSO/KVS admin logon,0.9
SD 173237,POS24 POS not initalized,2025 07 21 00:14:18.304000 02:00,Incydent,PL 00493 Lebork,493,Lebork,POS24 POS not initalized,pos24 pos not initalized,POS not initalized,0.9
SD 173236,Zamknięcie/otwarcie dnia POS prośba o przeprowadzenie,2025 07 21 00:13:34.250000 02:00,Incydent,PL 00458 Airport Landside,458,Airport Landside,Zamknięcie/otwarcie dnia POS prośba o przeprowadzenie,zamknięcie/otwarcie dnia pos prośba o przeprowadzenie,inne,0.5
SD 173232,Waystation prośba o otworzenie dnia,2025 07 21 00:05:33.948000 02:00,Incydent,PL 00503 Gdańsk 12 Lotnisko Airside,503,Gdańsk 12 Lotnisko Airside,Waystation prośba o otworzenie dnia,waystation prośba o otworzenie dnia,inne,0.5
SD 173231,Pomoc przy zamknięciu/otwarciu POS,2025 07 21 00:04:28.310000 02:00,Usługa,PL 00149 Bielsko 2 Batory,149,Bielsko 2 Batory,Pomoc przy zamknięciu/otwarciu POS,pomoc przy zamknięciu/otwarciu pos,inne,0.5
SD 173230,POS01 drukarka nie uruchamia się,2025 07 21 00:00:55.410000 02:00,Incydent,PL 00235 Wodzislaw Slaski,235,Wodzislaw Slaski,POS01 drukarka nie uruchamia się,pos01 drukarka nie uruchamia się,inne,0.5
