﻿key,title,created,issue_type,reporter,site,site_name,title_clean,title_lower,category,confidence
SD 168303,MS9 Brak zużycia na półproduktach.,2025 07 10 23:57:22.864000 02:00,Usługa,PL 00493 Lebork,493,Lebork,MS9 Brak zużycia na półproduktach.,ms9 brak zużycia na półproduktach.,Mystore brak zużycia,0.9
SD 168302,Zamknij / otwórz system POS Way nie zmienił dnia biznesowego,2025 07 10 23:48:19.806000 02:00,Incydent,PL 00714 Lodz Nowa Sukcesja,714,Lodz Nowa Sukcesja,Zamknij / otwórz system POS Way nie zmienił dnia biznesowego,zamknij / otwórz system pos way nie zmienił dnia biznesowego,inne,0.5
SD 168301,Zapytanie o SBS.,2025 07 10 23:46:36.890000 02:00,Usługa,PL 00630 Suwalki Dubowo,630,Suwalki Dubowo,Zapytanie o SBS.,zapytanie o sbs.,inne,0.5
SD 168300,POS03 problem z działaniem kasy.,2025 07 10 23:44:59.024000 02:00,Incydent,PL 00222 Plock 2,222,Plock 2,POS03 problem z działaniem kasy.,pos03 problem z działaniem kasy.,POS/CSO/DT skaner nie działa,0.9
SD 168299,Drukarka fiskalna Offline,2025 07 10 23:44:22.907000 02:00,Incydent,PL 00488 Włocławek 02 Wzorcownia,488,Włocławek 02 Wzorcownia,Drukarka fiskalna Offline,drukarka fiskalna offline,inne,0.5
SD 168298,POS01 Zawiesza sie podczas przyjmowania płatnosci,2025 07 10 23:38:26.576000 02:00,Incydent,PL 00365 Zywiec,365,Zywiec,POS01 Zawiesza sie podczas przyjmowania płatnosci,pos01 zawiesza sie podczas przyjmowania płatnosci,POS/CSO zawieszony,0.9
SD 168297,Prośba o zmianę srebrnej karty na złotą,2025 07 10 23:35:47.114000 02:00,Incydent,PL 00150 Lodz 10 Fabryka,150,Lodz 10 Fabryka,Prośba o zmianę srebrnej karty na złotą,prośba o zmianę srebrnej karty na złotą,inne,0.5
SD 168296,POS07 Nie reaguje na dotyk.,2025 07 10 23:33:55.233000 02:00,Incydent,PL 00267 W wa 38 Solidarnosci,267,W wa 38 Solidarnosci,POS07 Nie reaguje na dotyk.,pos07 nie reaguje na dotyk.,POS/CSO zawieszony,0.9
SD 168295,MyStore Prośba o pomoc w edycji odbić czasowych,2025 07 10 23:30:33.225000 02:00,Usługa,PL 00248 W wa 34 Park Wola,248,W wa 34 Park Wola,MyStore Prośba o pomoc w edycji odbić czasowych,mystore prośba o pomoc w edycji odbić czasowych,MyStore Prośba o pomoc w edycji odbić czasowych,0.9
SD 168293,"Newpos Zamknięcie nie przeszło na kasie, z której był zamykany dzień.",2025 07 10 23:12:18.432000 02:00,Incydent,PL 00462 Airport Airside,462,Airport Airside,"Newpos Zamknięcie nie przeszło na kasie, z której był zamykany dzień.","newpos zamknięcie nie przeszło na kasie, z której był zamykany dzień.",Newpos Zamknięcie nie przeszło na kasie z której był zamykany dzień,0.9
SD 168291,"Problem z zamknięciem POS06 nie przeszło na kasie, z której był zamykany dzień.",2025 07 10 23:10:50.120000 02:00,Incydent,PL 00517 W wa Galeria Mlociny,517,W wa Galeria Mlociny,"Problem z zamknięciem POS06 nie przeszło na kasie, z której był zamykany dzień.","problem z zamknięciem pos06 nie przeszło na kasie, z której był zamykany dzień.",Newpos Zamknięcie nie przeszło na kasie z której był zamykany dzień,0.9
SD 168289,"Newpos Zamknięcie nie przeszło na kasie, z której był zamykany dzień.",2025 07 10 23:09:49.026000 02:00,Incydent,PL 00714 Lodz Nowa Sukcesja,714,Lodz Nowa Sukcesja,"Newpos Zamknięcie nie przeszło na kasie, z której był zamykany dzień.","newpos zamknięcie nie przeszło na kasie, z której był zamykany dzień.",Newpos Zamknięcie nie przeszło na kasie z której był zamykany dzień,0.9
SD 168288,KVS01 nie drukuje bumpbar,2025 07 10 23:04:14.192000 02:00,Incydent,PL 00476 Bydgoszcz 07 Focus,476,Bydgoszcz 07 Focus,KVS01 nie drukuje bumpbar,kvs01 nie drukuje bumpbar,inne,0.5
SD 168287,POS01 Nie można zmienić zawartości zwrotu.,2025 07 10 23:01:12.967000 02:00,Incydent,PL 00644 Walbrzych 2,644,Walbrzych 2,POS01 Nie można zmienić zawartości zwrotu.,pos01 nie można zmienić zawartości zwrotu.,inne,0.5
SD 168286,Mystore Brak mozliwosci zalogwania sie,2025 07 10 22:58:23.615000 02:00,Incydent,PL 00258 Pila,258,Pila,Mystore Brak mozliwosci zalogwania sie,mystore brak mozliwosci zalogwania sie,inne,0.5
SD 168285,Zamknij / otwórz system POS nie można otworzyć systemu,2025 07 10 22:53:34.482000 02:00,Incydent,PL 00503 Gdańsk 12 Lotnisko Airside,503,Gdańsk 12 Lotnisko Airside,Zamknij / otwórz system POS nie można otworzyć systemu,zamknij / otwórz system pos nie można otworzyć systemu,inne,0.5
SD 168283,Brak zużycia na produktach z dnia 09.07.25r,2025 07 10 22:47:48.681000 02:00,Incydent,PL 00279 Koszalin 2,279,Koszalin 2,Brak zużycia na produktach z dnia 09.07.25r,brak zużycia na produktach z dnia 09.07.25r,Mystore brak zużycia,0.9
SD 168282,Głuchy telefon.,2025 07 10 22:47:37.054000 02:00,Usługa,PL 00603 Rybnik A1 Autohof,603,Rybnik A1 Autohof,Głuchy telefon.,głuchy telefon.,inne,0.5
SD 168281,MOP prośba o wyłączenie,2025 07 10 22:37:50.973000 02:00,Usługa,Chodziez Chodziez,Nieznany,Chodziez Chodziez,MOP prośba o wyłączenie,mop prośba o wyłączenie,MOP Prośba o włączenie/wyłączenie,0.9
SD 168280,tablet nie może się uruchomić,2025 07 10 22:37:05.582000 02:00,Incydent,PL 00266 Krakow 13 Mogilany,266,Krakow 13 Mogilany,tablet nie może się uruchomić,tablet nie może się uruchomić,inne,0.5
SD 168278,MyStore brak czasów szybkości obsługi,2025 07 10 22:24:54.867000 02:00,Incydent,PL 00503 Gdańsk 12 Lotnisko Airside,503,Gdańsk 12 Lotnisko Airside,MyStore brak czasów szybkości obsługi,mystore brak czasów szybkości obsługi,MyStore brak czasów szybkości obsługi,0.9
SD 168277,MS9 Nie można wykonać korekty odbicia pracownika.,2025 07 10 22:20:40.354000 02:00,Usługa,PL 00233 Krosno,233,Krosno,MS9 Nie można wykonać korekty odbicia pracownika.,ms9 nie można wykonać korekty odbicia pracownika.,MyStore Prośba o pomoc w edycji odbić czasowych,0.9
SD 168276,MyStore raport szybkości obsługi brak czasów od 19:00,2025 07 10 22:14:19.379000 02:00,Incydent,PL 00119 Zgorzelec 1,119,Zgorzelec 1,MyStore raport szybkości obsługi brak czasów od 19:00,mystore raport szybkości obsługi brak czasów od 19:00,MyStore brak czasów szybkości obsługi,0.9
SD 168275,CSO27 Drukarka fiskalna nie pinguje,2025 07 10 22:07:51.023000 02:00,Incydent,PL 00488 Włocławek 02 Wzorcownia,488,Włocławek 02 Wzorcownia,CSO27 Drukarka fiskalna nie pinguje,cso27 drukarka fiskalna nie pinguje,inne,0.5
SD 168274,MyStore problem ze zmianą hasła,2025 07 10 22:05:38.554000 02:00,Incydent,PL 00207 Jasienica 1,207,Jasienica 1,MyStore problem ze zmianą hasła,mystore problem ze zmianą hasła,inne,0.5
SD 168273,MFA Wygenerowanie nowych kodów,2025 07 10 22:00:12.154000 02:00,Usługa,PL 00476 Bydgoszcz 07 Focus,476,Bydgoszcz 07 Focus,MFA Wygenerowanie nowych kodów,mfa wygenerowanie nowych kodów,inne,0.5
SD 168272,"ODMB Ekrany wyłączyły się, są czarne",2025 07 10 21:53:03.882000 02:00,Incydent,PL 00412 MOP Markuszow S17 South,412,MOP Markuszow S17 South,"ODMB Ekrany wyłączyły się, są czarne","odmb ekrany wyłączyły się, są czarne",inne,0.5
SD 168271,MOP Włączenie zamówień mobilnych,2025 07 10 21:16:23.886000 02:00,Incydent,PL 00735 Oborniki,735,Oborniki,MOP Włączenie zamówień mobilnych,mop włączenie zamówień mobilnych,MOP Prośba o włączenie/wyłączenie,0.9
SD 168270,MyStore 9 Problem z raportem szybkości obsługi brak czasów za dzień otwarty,2025 07 10 21:06:24.212000 02:00,Incydent,PL 00119 Zgorzelec 1,119,Zgorzelec 1,MyStore 9 Problem z raportem szybkości obsługi brak czasów za dzień otwarty,mystore 9 problem z raportem szybkości obsługi brak czasów za dzień otwarty,MyStore brak czasów szybkości obsługi,0.9
SD 168269,CSO30 Admin Logon,2025 07 10 20:59:16.186000 02:00,Incydent,PL 00735 Oborniki,735,Oborniki,CSO30 Admin Logon,cso30 admin logon,POS/CSO/KVS admin logon,0.9
SD 168268,reklama hit maka,2025 07 10 20:57:02.473000 02:00,Incydent,PL 00579 Bytom Karb II,579,Bytom Karb II,reklama hit maka,reklama hit maka,inne,0.5
SD 168267,mop prośba o blokadę,2025 07 10 20:30:41.103000 02:00,Usługa,PL 00735 Oborniki,735,Oborniki,mop prośba o blokadę,mop prośba o blokadę,inne,0.5
SD 168266,ODMB double left pokazuje zamówienie sprzed awarii,2025 07 10 20:25:09.754000 02:00,Incydent,PL 00266 Krakow 13 Mogilany,266,Krakow 13 Mogilany,ODMB double left pokazuje zamówienie sprzed awarii,odmb double left pokazuje zamówienie sprzed awarii,inne,0.5
SD 168265,MS9 brak danych w dziennym planowaniu sprzedaży,2025 07 10 20:24:35.909000 02:00,Incydent,PL 00313 Brzesko,313,Brzesko,MS9 brak danych w dziennym planowaniu sprzedaży,ms9 brak danych w dziennym planowaniu sprzedaży,Mystore brak danych w raporcie PMX,0.9
SD 168264,KVS01/02 zawieszone zamówienie,2025 07 10 20:24:07.879000 02:00,Incydent,PL 00155 Poznan 10 Kino,155,Poznan 10 Kino,KVS01/02 zawieszone zamówienie,kvs01/02 zawieszone zamówienie,KVSxx zawieszone zamówienie,0.9
SD 168263,POS24 Szuflada uszkodzona,2025 07 10 20:23:31.781000 02:00,Incydent,PL 00198 Opole 2,198,Opole 2,POS24 Szuflada uszkodzona,pos24 szuflada uszkodzona,inne,0.5
SD 168262,KVSy nie uruchomiły się po awarii prądu do końca,2025 07 10 20:19:52.472000 02:00,Poważny Incydent,PL 00735 Oborniki,735,Oborniki,KVSy nie uruchomiły się po awarii prądu do końca,kvsy nie uruchomiły się po awarii prądu do końca,inne,0.5
SD 168261,Głuchy telefon,2025 07 10 20:18:26.001000 02:00,Usługa,PL 00735 Oborniki,735,Oborniki,Głuchy telefon,głuchy telefon,inne,0.5
SD 168260,Głuchy telefon,2025 07 10 20:16:14.101000 02:00,Usługa,PL 00735 Oborniki,735,Oborniki,Głuchy telefon,głuchy telefon,inne,0.5
SD 168259,"Newpos Zamknięcie nie przeszło na kasie, z której był zamykany dzień",2025 07 10 20:11:01.284000 02:00,Usługa,Artur Cholewski,Nieznany,Artur Cholewski,"Newpos Zamknięcie nie przeszło na kasie, z której był zamykany dzień","newpos zamknięcie nie przeszło na kasie, z której był zamykany dzień",Newpos Zamknięcie nie przeszło na kasie z której był zamykany dzień,0.9
SD 168258,Włączenie/Wyłączenie usługi MOP,2025 07 10 20:10:49.972000 02:00,Usługa,Zagan PL 00687,687,Zagan,Włączenie/Wyłączenie usługi MOP,włączenie/wyłączenie usługi mop,MOP Prośba o włączenie/wyłączenie,0.9
SD 168257,Terminal POS24 No response message,2025 07 10 20:10:16.567000 02:00,Incydent,PL 00421 Zawiercie,421,Zawiercie,Terminal POS24 No response message,terminal pos24 no response message,inne,0.5
SD 168256,KVS11 drukarka oat nie drukuje opisek,2025 07 10 20:06:33.133000 02:00,Incydent,Zagan PL 00687,687,Zagan,KVS11 drukarka oat nie drukuje opisek,kvs11 drukarka oat nie drukuje opisek,inne,0.5
SD 168255,Kody MFA,2025 07 10 20:03:23.686000 02:00,Usługa,PL 00471 Starogard Gdański,471,Starogard Gdański,Kody MFA,kody mfa,inne,0.5
SD 168254,KVS brak endpoint,2025 07 10 20:03:23.145000 02:00,Incydent,PL 00031 Radom 1,031,Radom 1,KVS brak endpoint,kvs brak endpoint,inne,0.5
SD 168253,Tablet TS nie ma żadnych aplikacji,2025 07 10 20:00:30.834000 02:00,Incydent,PL 00540 Krakow Sliwiaka,540,Krakow Sliwiaka,Tablet TS nie ma żadnych aplikacji,tablet ts nie ma żadnych aplikacji,inne,0.5
SD 168252,CSO30 i 32 niedostępne,2025 07 10 19:53:17.476000 02:00,Incydent,MOP Stobiecko Szlacheckie Zach,Nieznany,MOP Stobiecko Szlacheckie Zach,CSO30 i 32 niedostępne,cso30 i 32 niedostępne,inne,0.5
SD 168250,Prace naprawcze po awarii prądu,2025 07 10 19:52:16.682000 02:00,Incydent,PL 00266 Krakow 13 Mogilany,266,Krakow 13 Mogilany,Prace naprawcze po awarii prądu,prace naprawcze po awarii prądu,inne,0.5
SD 168249,MyStore Brak Zużycia,2025 07 10 19:48:09.976000 02:00,Usługa,Warszawa Reguly PL 00689,689,Warszawa Reguly,MyStore Brak Zużycia,mystore brak zużycia,Mystore brak zużycia,0.9
SD 168248,BOS nie można uruchomić MS,2025 07 10 19:47:33.471000 02:00,Incydent,PL 00307 Ostrow Wielkopolski,307,Ostrow Wielkopolski,BOS nie można uruchomić MS,bos nie można uruchomić ms,inne,0.5
SD 168247,skaner nie działa,2025 07 10 19:36:40.137000 02:00,Incydent,PL 00507 Wrocław 21 CH Wroclavia,507,Wrocław 21 CH Wroclavia,skaner nie działa,skaner nie działa,POS/CSO/DT skaner nie działa,0.9
SD 168246,POS Brak opcji YourCup,2025 07 10 19:17:32.095000 02:00,Incydent,PL 00116 Lublin 1,116,Lublin 1,POS Brak opcji YourCup,pos brak opcji yourcup,POS brak kafelków,0.9
SD 168243,Prośba o wyłaczenie MOP,2025 07 10 18:58:24.748000 02:00,Usługa,PL 00266 Krakow 13 Mogilany,266,Krakow 13 Mogilany,Prośba o wyłaczenie MOP,prośba o wyłaczenie mop,inne,0.5
SD 168240,KVS34 Błąd internetu ERR_INTERNET_DISCONNECTED 106,2025 07 10 18:34:06.510000 02:00,Incydent,PL 00097 Lodz 06 Batory,097,Lodz 06 Batory,KVS34 Błąd internetu ERR_INTERNET_DISCONNECTED 106,kvs34 błąd internetu err_internet_disconnected 106,inne,0.5
SD 168239,Telefon serwisowy CSO27 czerwona Mka,2025 07 10 18:33:53.309000 02:00,Incydent,PL 00488 Włocławek 02 Wzorcownia,488,Włocławek 02 Wzorcownia,Telefon serwisowy CSO27 czerwona Mka,telefon serwisowy cso27 czerwona mka,POS/CSO/KVS czerwona M,0.9
SD 168236,RFM cena frytek średnich,2025 07 10 18:22:05.610000 02:00,Usługa,PL 00610 MOP Kleszczewko Wschod,610,MOP Kleszczewko Wschod,RFM cena frytek średnich,rfm cena frytek średnich,inne,0.5
SD 168235,WEBCOCKPIT Brak zaplanowanej sprzedaży,2025 07 10 18:18:17.235000 02:00,Incydent,PL 00119 Zgorzelec 1,119,Zgorzelec 1,WEBCOCKPIT Brak zaplanowanej sprzedaży,webcockpit brak zaplanowanej sprzedaży,inne,0.5
SD 168234,POS6 zawiesiła się,2025 07 10 18:14:23.713000 02:00,Incydent,PL 00458 Airport Landside,458,Airport Landside,POS6 zawiesiła się,pos6 zawiesiła się,POS/CSO zawieszony,0.9
SD 168233,HWA01 Nie ładuje się prawidłowo,2025 07 10 18:13:49.056000 02:00,Incydent,PL 00115 Krakow 05 Pilotow,115,Krakow 05 Pilotow,HWA01 Nie ładuje się prawidłowo,hwa01 nie ładuje się prawidłowo,inne,0.5
SD 168232,3rd Attempt: McDonald s PL Stargard 61600500 IDMB or DT DMB System Assistance Required Issue Summary,2025 07 10 18:09:23.362000 02:00,Usługa,pl asista,Asystent,Asystent systemowy,3rd Attempt: McDonald s PL Stargard 61600500 IDMB or DT DMB System Assistance Required Issue Summary,3rd attempt: mcdonald s pl stargard 61600500 idmb or dt dmb system assistance required issue summary,inne,0.5
SD 168230,RE: McDonald s Poland Coates Support Case 00373848 Acknowledgment,2025 07 10 18:00:23.148000 02:00,Usługa,pl asista,Asystent,Asystent systemowy,RE: McDonald s Poland Coates Support Case 00373848 Acknowledgment,re: mcdonald s poland coates support case 00373848 acknowledgment,inne,0.5
SD 168229,COD Skaner nie działa,2025 07 10 17:53:48.561000 02:00,Incydent,PL 00298 Konin 2,298,Konin 2,COD Skaner nie działa,cod skaner nie działa,POS/CSO/DT skaner nie działa,0.9
SD 168228,Korekta błędnie wbitych strat,2025 07 10 17:51:32.430000 02:00,Usługa,PL 00686 Słupca,686,Słupca,Korekta błędnie wbitych strat,korekta błędnie wbitych strat,inne,0.5
SD 168227,kiosk zacina się,2025 07 10 17:43:43.734000 02:00,Incydent,PL 00431 Augustow,431,Augustow,kiosk zacina się,kiosk zacina się,POS/CSO zawieszony,0.9
SD 168226,COD Kamera Linia 2 nie działa,2025 07 10 17:38:52.208000 02:00,Incydent,PL 00740 MOP S6 Kamien Polnoc,740,MOP S6 Kamien Polnoc,COD Kamera Linia 2 nie działa,cod kamera linia 2 nie działa,inne,0.5
SD 168225,"Newpos Zamknięcie nie przeszło na kasie, z której był zamykany dzień",2025 07 10 17:36:42.774000 02:00,Usługa,Artur Cholewski,Nieznany,Artur Cholewski,"Newpos Zamknięcie nie przeszło na kasie, z której był zamykany dzień","newpos zamknięcie nie przeszło na kasie, z której był zamykany dzień",Newpos Zamknięcie nie przeszło na kasie z której był zamykany dzień,0.9
SD 168224,brak poawania kaw ice,2025 07 10 17:35:41.712000 02:00,Incydent,PL 00427 W wa 46 Dworzec Centralny,427,W wa 46 Dworzec Centralny,brak poawania kaw ice,brak poawania kaw ice,inne,0.5
SD 168223,zamówiena mobilne w godzinach zamknięcia restauracji,2025 07 10 17:35:27.306000 02:00,Incydent,PL 00261 Katowice 5,261,Katowice 5,zamówiena mobilne w godzinach zamknięcia restauracji,zamówiena mobilne w godzinach zamknięcia restauracji,inne,0.5
SD 168222,Posypka do frytek papryka,2025 07 10 17:35:22.530000 02:00,Usługa,PL 00374 W wa 47 Wal Miedzeszynski,374,W wa 47 Wal Miedzeszynski,Posypka do frytek papryka,posypka do frytek papryka,inne,0.5
SD 168220,"Menadżerowie: Grzegorz Gardjas, Wiktoria Bulińska i Paulina Michalik nie mogą się zalogować na swoje konto w komputerze Office i Backoffice. Nie mają problemu z logowaniem się na MCD Campus więc z ich kontami jest wszystko w porządku.",2025 07 10 17:27:28.920000 02:00,Incydent,PL 00261 Katowice 5,261,Katowice 5,"Menadżerowie: Grzegorz Gardjas, Wiktoria Bulińska i Paulina Michalik nie mogą się zalogować na swoje konto w komputerze Office i Backoffice. Nie mają problemu z logowaniem się na MCD Campus więc z ich kontami jest wszystko w porządku.","menadżerowie: grzegorz gardjas, wiktoria bulińska i paulina michalik nie mogą się zalogować na swoje konto w komputerze office i backoffice. nie mają problemu z logowaniem się na mcd campus więc z ich kontami jest wszystko w porządku.",inne,0.5
SD 168219,źle wbito straty,2025 07 10 17:18:15.602000 02:00,Usługa,PL 00686 Słupca,686,Słupca,źle wbito straty,źle wbito straty,inne,0.5
SD 168216,Głuchy Telefon,2025 07 10 17:13:11.653000 02:00,Usługa,pl 00695,695,pl 00695,Głuchy Telefon,głuchy telefon,inne,0.5
SD 168213,Zapytanie o korektę strat,2025 07 10 17:11:22.661000 02:00,Usługa,PL 00686 Słupca,686,Słupca,Zapytanie o korektę strat,zapytanie o korektę strat,inne,0.5
SD 168203,"Drukarka Mccaffe nie drukuje etykiet na kawy, ciastka czy desery. Mimo wykonanych resetów i ponownych podłączeń nic nie pomaga.",2025 07 10 17:06:59.405000 02:00,Incydent,PL 00496 Knurow,496,Knurow,"Drukarka Mccaffe nie drukuje etykiet na kawy, ciastka czy desery. Mimo wykonanych resetów i ponownych podłączeń nic nie pomaga.","drukarka mccaffe nie drukuje etykiet na kawy, ciastka czy desery. mimo wykonanych resetów i ponownych podłączeń nic nie pomaga.",inne,0.5
SD 168199,3rd Attempt: McDonald s PL 61600683 IDMB or DT DMB System Assistance Required Issue Summary,2025 07 10 17:02:24.502000 02:00,Usługa,pl asista,Asystent,Asystent systemowy,3rd Attempt: McDonald s PL 61600683 IDMB or DT DMB System Assistance Required Issue Summary,3rd attempt: mcdonald s pl 61600683 idmb or dt dmb system assistance required issue summary,inne,0.5
SD 168198,drukuje podwójne,2025 07 10 17:01:29.893000 02:00,Incydent,PL 00503 Gdańsk 12 Lotnisko Airside,503,Gdańsk 12 Lotnisko Airside,drukuje podwójne,drukuje podwójne,inne,0.5
SD 168197,INVO Brak paragonu do faktury,2025 07 10 17:00:36.235000 02:00,Usługa,PL 00398 Gdansk 11 Lotos,398,Gdansk 11 Lotos,INVO Brak paragonu do faktury,invo brak paragonu do faktury,inne,0.5
SD 168196,MFA wygenerowanie nowych kodów,2025 07 10 16:55:45.684000 02:00,Usługa,PL 00043 Sosnowiec 1,043,Sosnowiec 1,MFA wygenerowanie nowych kodów,mfa wygenerowanie nowych kodów,inne,0.5
SD 168195,Re: Błędy w wysyłce menu McDonald s Dzika 239 i McDonald s Pabianicka 75,2025 07 10 16:48:34.104000 02:00,Usługa,pl asista,Asystent,Asystent systemowy,Re: Błędy w wysyłce menu McDonald s Dzika 239 i McDonald s Pabianicka 75,re: błędy w wysyłce menu mcdonald s dzika 239 i mcdonald s pabianicka 75,inne,0.5
SD 168194,Newpos nie ma numeru NIP na paragonie,2025 07 10 16:46:25.573000 02:00,Usługa,PL 00203 Gdansk 06 Staw,203,Gdansk 06 Staw,Newpos nie ma numeru NIP na paragonie,newpos nie ma numeru nip na paragonie,inne,0.5
SD 168193,wyse .5 nie działa szyfrowana pamięć,2025 07 10 16:41:35.767000 02:00,Incydent,PL 00436 Gdynia 05 Dworzec PKP,436,Gdynia 05 Dworzec PKP,wyse .5 nie działa szyfrowana pamięć,wyse .5 nie działa szyfrowana pamięć,inne,0.5
SD 168192,Klapka nie domyka się,2025 07 10 16:38:28.948000 02:00,Incydent,PL 00205 Tychy 2,205,Tychy 2,Klapka nie domyka się,klapka nie domyka się,inne,0.5
SD 168191,Informacja dotycząca SBS,2025 07 10 16:38:22.127000 02:00,Usługa,PL 00504 Ustron,504,Ustron,Informacja dotycząca SBS,informacja dotycząca sbs,inne,0.5
SD 168189,KVSy błędna godzina,2025 07 10 16:33:18.716000 02:00,Incydent,PL 00423 Strzegom,423,Strzegom,KVSy błędna godzina,kvsy błędna godzina,inne,0.5
SD 168188,MS9 utworzenie nowego konta dla nowego kierownika,2025 07 10 16:21:35.998000 02:00,Incydent,PL 00197 Lodz 11 Mall,197,Lodz 11 Mall,MS9 utworzenie nowego konta dla nowego kierownika,ms9 utworzenie nowego konta dla nowego kierownika,inne,0.5
SD 168187,MyStore minusy na frytkach,2025 07 10 16:19:12.129000 02:00,Incydent,PL 00686 Słupca,686,Słupca,MyStore minusy na frytkach,mystore minusy na frytkach,inne,0.5
SD 168185,cod brak połączenia z słuchawkami,2025 07 10 16:13:59.681000 02:00,Usługa,PL 00144 W wa 23 Legionowo,144,W wa 23 Legionowo,cod brak połączenia z słuchawkami,cod brak połączenia z słuchawkami,inne,0.5
SD 168182,MS prośba o usunięcie odbić,2025 07 10 16:11:27.288000 02:00,Usługa,PL 00597 Krasnystaw,597,Krasnystaw,MS prośba o usunięcie odbić,ms prośba o usunięcie odbić,inne,0.5
SD 168181,Błędna godzina na wszystkich urządzeniach,2025 07 10 16:08:55.319000 02:00,Incydent,PL 00410 Swinoujscie,410,Swinoujscie,Błędna godzina na wszystkich urządzeniach,błędna godzina na wszystkich urządzeniach,inne,0.5
SD 168178,"BOS01 problem z MS, TR i HWA01",2025 07 10 16:03:03.090000 02:00,Incydent,PL 00085 W wa 16 Bemowo,085,W wa 16 Bemowo,"BOS01 problem z MS, TR i HWA01","bos01 problem z ms, tr i hwa01",inne,0.5
SD 168177,Nie drukują się opiski,2025 07 10 16:00:06.354000 02:00,Incydent,PL 00640 Słupsk 2 Boh. Westerplatte,640,Słupsk 2 Boh. Westerplatte,Nie drukują się opiski,nie drukują się opiski,MOP zamówienia nie drukują się/odrzuca zamówienia,0.9
SD 168176,MyStore Nie włącza się aplikacja background service niegotowy,2025 07 10 15:59:30.218000 02:00,Incydent,PL 00066 Gdynia 02 Gielda,066,Gdynia 02 Gielda,MyStore Nie włącza się aplikacja background service niegotowy,mystore nie włącza się aplikacja background service niegotowy,MyStore background service nie gotowy/nie można się zalogować,0.9
SD 168174,DF MOP Włączenie zamówień mobilnych,2025 07 10 15:56:28.093000 02:00,Incydent,PL 00410 Swinoujscie,410,Swinoujscie,DF MOP Włączenie zamówień mobilnych,df mop włączenie zamówień mobilnych,MOP Prośba o włączenie/wyłączenie,0.9
SD 168172,MyStore Brak zużycia,2025 07 10 15:54:27.831000 02:00,Incydent,PL 00077 W wa 13 Pruszkow,077,W wa 13 Pruszkow,MyStore Brak zużycia,mystore brak zużycia,Mystore brak zużycia,0.9
SD 168170,zamówienia delivery,2025 07 10 15:43:49.359000 02:00,Incydent,PL 00657 Konin 3,657,Konin 3,zamówienia delivery,zamówienia delivery,inne,0.5
SD 168169,MS nie można zmienić hasła,2025 07 10 15:39:10.324000 02:00,Incydent,PL 00097 Lodz 06 Batory,097,Lodz 06 Batory,MS nie można zmienić hasła,ms nie można zmienić hasła,inne,0.5
SD 168168,TR Nie działa w rest,2025 07 10 15:38:55.578000 02:00,Incydent,MOP Stobiecko Szlacheckie Wschod,Nieznany,MOP Stobiecko Szlacheckie Wschod,TR Nie działa w rest,tr nie działa w rest,inne,0.5
SD 168166,MOP prośba o wyłączenie,2025 07 10 15:33:01.914000 02:00,Usługa,PL 00410 Swinoujscie,410,Swinoujscie,MOP prośba o wyłączenie,mop prośba o wyłączenie,MOP Prośba o włączenie/wyłączenie,0.9
SD 168165,pos24 nie działa szuflada,2025 07 10 15:32:33.976000 02:00,Incydent,PL 00441 Cieszyn,441,Cieszyn,pos24 nie działa szuflada,pos24 nie działa szuflada,POS/CSO/DT skaner nie działa,0.9
SD 168163,POS24 Nie drukuje numerów zamówień,2025 07 10 15:28:03.027000 02:00,Incydent,PL 00657 Konin 3,657,Konin 3,POS24 Nie drukuje numerów zamówień,pos24 nie drukuje numerów zamówień,inne,0.5
SD 168162,prośba o wygenerowanie MFA,2025 07 10 15:25:47.173000 02:00,Usługa,PL 00060 Lodz 02 Bazar,060,Lodz 02 Bazar,prośba o wygenerowanie MFA,prośba o wygenerowanie mfa,inne,0.5
SD 168161,Zapytanie o HME Cloud,2025 07 10 15:23:28.406000 02:00,Usługa,PL 00239 W wa 35 Dzika,239,W wa 35 Dzika,Zapytanie o HME Cloud,zapytanie o hme cloud,inne,0.5
SD 168159,GPR BEV Nie działa,2025 07 10 15:20:07.361000 02:00,Incydent,PL 00457 Wroclaw 20 Dworzec PKP 2,457,Wroclaw 20 Dworzec PKP 2,GPR BEV Nie działa,gpr bev nie działa,inne,0.5
SD 168157,TS lokalizatory się źle pokazują w strefach,2025 07 10 15:19:13.306000 02:00,Incydent,PL 00711 Zywiec 2,711,Zywiec 2,TS lokalizatory się źle pokazują w strefach,ts lokalizatory się źle pokazują w strefach,inne,0.5
SD 168155,POSy produkty same się blokują,2025 07 10 15:14:36.475000 02:00,Incydent,PL 00077 W wa 13 Pruszkow,077,W wa 13 Pruszkow,POSy produkty same się blokują,posy produkty same się blokują,inne,0.5
SD 168154,POS01 Nie pinguje,2025 07 10 15:14:25.090000 02:00,Incydent,PL 00365 Zywiec,365,Zywiec,POS01 Nie pinguje,pos01 nie pinguje,inne,0.5
SD 168153,Błąd Fiscal Error,2025 07 10 15:13:46.868000 02:00,Incydent,PL 00640 Słupsk 2 Boh. Westerplatte,640,Słupsk 2 Boh. Westerplatte,Błąd Fiscal Error,błąd fiscal error,inne,0.5
SD 168152,ODMB double left nie pokazuje zamówień,2025 07 10 15:11:35.476000 02:00,Incydent,pl 00695,695,pl 00695,ODMB double left nie pokazuje zamówień,odmb double left nie pokazuje zamówień,inne,0.5
SD 168148,Zniknęło zużycie dla wszystkich produktów,2025 07 10 15:02:38.266000 02:00,Usługa,PL 00316 Kielce 4 Echo,316,Kielce 4 Echo,Zniknęło zużycie dla wszystkich produktów,zniknęło zużycie dla wszystkich produktów,inne,0.5
SD 168146,POS7 nie wydrukował się paragon,2025 07 10 14:56:46.440000 02:00,Incydent,PL 00559 Swiecie,559,Swiecie,POS7 nie wydrukował się paragon,pos7 nie wydrukował się paragon,inne,0.5
SD 168142,POS01 No response Message,2025 07 10 14:47:04.865000 02:00,Incydent,PL 00299 Puck,299,Puck,POS01 No response Message,pos01 no response message,inne,0.5
SD 168140,COD Skaner nie działa,2025 07 10 14:41:42.698000 02:00,Incydent,pl 00702,702,pl 00702,COD Skaner nie działa,cod skaner nie działa,POS/CSO/DT skaner nie działa,0.9
SD 168139,Drukarka grill z serwisu drukuje etykiety z 1/6 tuszu.,2025 07 10 14:40:03.852000 02:00,Incydent,PL 00020 W wa 04 Przejscie,020,W wa 04 Przejscie,Drukarka grill z serwisu drukuje etykiety z 1/6 tuszu.,drukarka grill z serwisu drukuje etykiety z 1/6 tuszu.,inne,0.5
SD 168136,prośba o restart hasła do grupy pl 00354,2025 07 10 14:30:57.051000 02:00,Usługa,PL 00354 Ostroleka,354,Ostroleka,prośba o restart hasła do grupy pl 00354,prośba o restart hasła do grupy pl 00354,inne,0.5
SD 168135,Pytanie o zawieszony kiosk,2025 07 10 14:27:36.043000 02:00,Usługa,PL 00178 Rumia 1 Grunwaldzka,178,Rumia 1 Grunwaldzka,Pytanie o zawieszony kiosk,pytanie o zawieszony kiosk,inne,0.5
SD 168134,CSO nie aktualna tapeta,2025 07 10 14:26:36.619000 02:00,Incydent,PL 00631 Zory Sokola,631,Zory Sokola,CSO nie aktualna tapeta,cso nie aktualna tapeta,inne,0.5
SD 168133,CSO30 nie obcina paragonów,2025 07 10 14:25:26.450000 02:00,Incydent,PL 00564 Tomaszkowo,564,Tomaszkowo,CSO30 nie obcina paragonów,cso30 nie obcina paragonów,inne,0.5
SD 168132,spadek,2025 07 10 14:25:26.146000 02:00,Usługa,PL 00631 Zory Sokola,631,Zory Sokola,spadek,spadek,inne,0.5
SD 168131,IronKey nie można uruchomić,2025 07 10 14:23:35.739000 02:00,Usługa,PL 00436 Gdynia 05 Dworzec PKP,436,Gdynia 05 Dworzec PKP,IronKey nie można uruchomić,ironkey nie można uruchomić,inne,0.5
SD 168128,2nd Attempt: McDonald s PL 61600705 IDMB or DT DMB System Assistance Required Issue Summary,2025 07 10 14:08:23.261000 02:00,Usługa,pl asista,Asystent,Asystent systemowy,2nd Attempt: McDonald s PL 61600705 IDMB or DT DMB System Assistance Required Issue Summary,2nd attempt: mcdonald s pl 61600705 idmb or dt dmb system assistance required issue summary,inne,0.5
SD 168127,1st Attempt: Follow up – ALERT McDonald s Poland IDMB or DT DMB DMB System Assistance Required Issue Summary,2025 07 10 14:05:24.907000 02:00,Usługa,pl asista,Asystent,Asystent systemowy,1st Attempt: Follow up – ALERT McDonald s Poland IDMB or DT DMB DMB System Assistance Required Issue Summary,1st attempt: follow up – alert mcdonald s poland idmb or dt dmb dmb system assistance required issue summary,inne,0.5
SD 168125,MyStore Brak zużycia na wszystkich półproduktach,2025 07 10 14:00:34.876000 02:00,Usługa,PL 00354 Ostroleka,354,Ostroleka,MyStore Brak zużycia na wszystkich półproduktach,mystore brak zużycia na wszystkich półproduktach,Mystore brak zużycia,0.9
SD 168124,RE: McDonald s PL Tczew 61600240 Coates Support Case 00374377 Acknowledgment,2025 07 10 13:58:24.745000 02:00,Usługa,pl asista,Asystent,Asystent systemowy,RE: McDonald s PL Tczew 61600240 Coates Support Case 00374377 Acknowledgment,re: mcdonald s pl tczew 61600240 coates support case 00374377 acknowledgment,inne,0.5
SD 168122,Skaner nie działa,2025 07 10 13:54:06.041000 02:00,Incydent,PL 00090 Gorzow Wlkp 2 Centrum,090,Gorzow Wlkp 2 Centrum,Skaner nie działa,skaner nie działa,POS/CSO/DT skaner nie działa,0.9
SD 168121,POS brak kafelków,2025 07 10 13:53:45.746000 02:00,Incydent,PL 00544 MOP Dabrowa Gornicza S1 W,544,MOP Dabrowa Gornicza S1 W,POS brak kafelków,pos brak kafelków,POS brak kafelków,0.9
SD 168120,braki danych store2ods,2025 07 10 13:53:23.995000 02:00,Usługa,pl asista,Asystent,Asystent systemowy,braki danych store2ods,braki danych store2ods,inne,0.5
SD 168119,POS06 nie można otworzyć szuflady z panelu kasowego,2025 07 10 13:52:39.837000 02:00,Incydent,PL 00312 Czestochowa 6,312,Czestochowa 6,POS06 nie można otworzyć szuflady z panelu kasowego,pos06 nie można otworzyć szuflady z panelu kasowego,inne,0.5
SD 168118,CSO28 nie reaguje na dotyk,2025 07 10 13:52:09.141000 02:00,Incydent,PL 00450 Gdansk 13 Forum Gdansk Mall,450,Gdansk 13 Forum Gdansk Mall,CSO28 nie reaguje na dotyk,cso28 nie reaguje na dotyk,inne,0.5
SD 168117,Brak synchronizacji poczty mgr z nowym kontem kierownika,2025 07 10 13:49:34.904000 02:00,Incydent,Ewelina Mucha,Nieznany,Ewelina Mucha,Brak synchronizacji poczty mgr z nowym kontem kierownika,brak synchronizacji poczty mgr z nowym kontem kierownika,inne,0.5
SD 168116,POS02 nie działa skaner,2025 07 10 13:47:39.415000 02:00,Incydent,PL 00239 W wa 35 Dzika,239,W wa 35 Dzika,POS02 nie działa skaner,pos02 nie działa skaner,POS/CSO/DT skaner nie działa,0.9
SD 168113,MyStore błędne zużycie szklanek,2025 07 10 13:41:13.853000 02:00,Incydent,PL 00646 Tuchola,646,Tuchola,MyStore błędne zużycie szklanek,mystore błędne zużycie szklanek,inne,0.5
SD 168112,Invo nie ładuje faktur za dzień dzisiejszy,2025 07 10 13:37:59.605000 02:00,Incydent,PL 00341 Rzeszow 4 Frac,341,Rzeszow 4 Frac,Invo nie ładuje faktur za dzień dzisiejszy,invo nie ładuje faktur za dzień dzisiejszy,inne,0.5
SD 168111,Dodatkowa kasetka odzyskiwanie offline,2025 07 10 13:36:11.660000 02:00,Incydent,PL 00200 Krakow 07 Szewska,200,Krakow 07 Szewska,Dodatkowa kasetka odzyskiwanie offline,dodatkowa kasetka odzyskiwanie offline,inne,0.5
SD 168110,monitor nr 18 cały czas się aktualizuje,2025 07 10 13:34:48.143000 02:00,Incydent,PL 00287 Jaworzno,287,Jaworzno,monitor nr 18 cały czas się aktualizuje,monitor nr 18 cały czas się aktualizuje,inne,0.5
SD 168108,Pytanie co znaczy napis zamknięte pod godziną na POS,2025 07 10 13:32:21.539000 02:00,Usługa,PL 00467 Zary,467,Zary,Pytanie co znaczy napis zamknięte pod godziną na POS,pytanie co znaczy napis zamknięte pod godziną na pos,inne,0.5
SD 168107,OfficePC brak zainstalowanego outlooka,2025 07 10 13:30:10.763000 02:00,Incydent,PL 00087 Wroclaw 04 Bielany,087,Wroclaw 04 Bielany,OfficePC brak zainstalowanego outlooka,officepc brak zainstalowanego outlooka,inne,0.5
SD 168106,Drukarka OAT2 puste wydruki,2025 07 10 13:29:30.110000 02:00,Incydent,PL 00020 W wa 04 Przejscie,020,W wa 04 Przejscie,Drukarka OAT2 puste wydruki,drukarka oat2 puste wydruki,inne,0.5
SD 168105,HME Zoom brak połączenia z Internetem,2025 07 10 13:29:24.854000 02:00,Incydent,PL 00222 Plock 2,222,Plock 2,HME Zoom brak połączenia z Internetem,hme zoom brak połączenia z internetem,inne,0.5
SD 168103,"iDMB FC pokazuje brak, pomimo, że produkt jest dostępny",2025 07 10 13:24:39.120000 02:00,Incydent,PL 00239 W wa 35 Dzika,239,W wa 35 Dzika,"iDMB FC pokazuje brak, pomimo, że produkt jest dostępny","idmb fc pokazuje brak, pomimo, że produkt jest dostępny",inne,0.5
SD 168101,McDonald s PL Tczew 61600240 Coates Support Case 00374377 Acknowledgment,2025 07 10 13:23:34.835000 02:00,Usługa,PL 00240 Tczew,240,Tczew,McDonald s PL Tczew 61600240 Coates Support Case 00374377 Acknowledgment,mcdonald s pl tczew 61600240 coates support case 00374377 acknowledgment,inne,0.5
SD 168100,MyStore różnica między wprowadzaniem rachunków a raportem depozytu bankowego,2025 07 10 13:19:41.212000 02:00,Usługa,PL 00051 Poznan 04 Franowo,051,Poznan 04 Franowo,MyStore różnica między wprowadzaniem rachunków a raportem depozytu bankowego,mystore różnica między wprowadzaniem rachunków a raportem depozytu bankowego,inne,0.5
SD 168099,CSO/POS terminale przestały działać,2025 07 10 13:16:09.682000 02:00,Incydent,PL 00509 MOP Machnacz A1 E,509,MOP Machnacz A1 E,CSO/POS terminale przestały działać,cso/pos terminale przestały działać,POS/CSO/DT skaner nie działa,0.9
SD 168098,POS/Kiosk brak możliwości dodania bitej śmietany do iced latte,2025 07 10 13:15:44.963000 02:00,Incydent,PL 00430 MOP Polesie A2 South,430,MOP Polesie A2 South,POS/Kiosk brak możliwości dodania bitej śmietany do iced latte,pos/kiosk brak możliwości dodania bitej śmietany do iced latte,POS/CSO/KVS czerwona M,0.9
SD 168097,Invo nie można pobrać danych,2025 07 10 13:13:55.967000 02:00,Usługa,PL 00341 Rzeszow 4 Frac,341,Rzeszow 4 Frac,Invo nie można pobrać danych,invo nie można pobrać danych,inne,0.5
SD 168096,Problem z zalogowaniem kasy POS03,2025 07 10 13:10:42.635000 02:00,Usługa,MOP Stobiecko Szlacheckie Zach,Nieznany,MOP Stobiecko Szlacheckie Zach,Problem z zalogowaniem kasy POS03,problem z zalogowaniem kasy pos03,inne,0.5
SD 168094,McDonald s Poland Coates Support Case 00374377 Acknowledgment,2025 07 10 13:09:23.968000 02:00,Usługa,pl asista,Asystent,Asystent systemowy,McDonald s Poland Coates Support Case 00374377 Acknowledgment,mcdonald s poland coates support case 00374377 acknowledgment,inne,0.5
SD 168093,Nie mogę zalogowac się do pace,2025 07 10 13:03:00.869000 02:00,Incydent,PL 00049 W wa 11 Pelikanow,049,W wa 11 Pelikanow,Nie mogę zalogowac się do pace,nie mogę zalogowac się do pace,inne,0.5
SD 168090,Brak cenny mcshakres,2025 07 10 12:53:21.965000 02:00,Incydent,PL 00361 Gliwice 03 Forum,361,Gliwice 03 Forum,Brak cenny mcshakres,brak cenny mcshakres,inne,0.5
SD 168089,Kontynuacja problemu z ABS nie nalewa,2025 07 10 12:52:04.191000 02:00,Incydent,PL 00222 Plock 2,222,Plock 2,Kontynuacja problemu z ABS nie nalewa,kontynuacja problemu z abs nie nalewa,inne,0.5
SD 168086,POS DT zamówienia wpadają na odwrót,2025 07 10 12:46:21.940000 02:00,Incydent,PL 00646 Tuchola,646,Tuchola,POS DT zamówienia wpadają na odwrót,pos dt zamówienia wpadają na odwrót,inne,0.5
SD 168084,KVS08 Zawieszone frytki,2025 07 10 12:39:28.009000 02:00,Incydent,Kozienice PL 00673,673,Kozienice,KVS08 Zawieszone frytki,kvs08 zawieszone frytki,KVSxx zawieszone zamówienie,0.9
SD 168082,drukuje numery zamówienia na DT,2025 07 10 12:35:23.602000 02:00,Incydent,PL 00494 Naklo nad Notecia,494,Naklo nad Notecia,drukuje numery zamówienia na DT,drukuje numery zamówienia na dt,inne,0.5
SD 168080,oDMB skaner COD nie przesyła kuponów,2025 07 10 12:30:25.227000 02:00,Incydent,PL 00497 Sulechow,497,Sulechow,oDMB skaner COD nie przesyła kuponów,odmb skaner cod nie przesyła kuponów,inne,0.5
SD 168079,RE: McDonald s PL Brwinow 61600419 Coates Support Case 00374353 Acknowledgment,2025 07 10 12:29:24.017000 02:00,Usługa,pl asista,Asystent,Asystent systemowy,RE: McDonald s PL Brwinow 61600419 Coates Support Case 00374353 Acknowledgment,re: mcdonald s pl brwinow 61600419 coates support case 00374353 acknowledgment,inne,0.5
SD 168078,BOS01 nieaktywowany Windows,2025 07 10 12:26:08.705000 02:00,Incydent,Chodziez Chodziez,Nieznany,Chodziez Chodziez,BOS01 nieaktywowany Windows,bos01 nieaktywowany windows,inne,0.5
SD 168077,Brak samodzielnego nalewania się napoi.,2025 07 10 12:23:48.553000 02:00,Incydent,pl 00707,707,pl 00707,Brak samodzielnego nalewania się napoi.,brak samodzielnego nalewania się napoi.,inne,0.5
SD 168076,Problem z zalogowaniem się do Office/zapomniano hasła,2025 07 10 12:22:56.951000 02:00,Incydent,PL 00239 W wa 35 Dzika,239,W wa 35 Dzika,Problem z zalogowaniem się do Office/zapomniano hasła,problem z zalogowaniem się do office/zapomniano hasła,inne,0.5
SD 168075,brak mozliwosci zalogowania kasjera,2025 07 10 12:22:16.010000 02:00,Incydent,PL 00183 Bialystok 02,183,Bialystok 02,brak mozliwosci zalogowania kasjera,brak mozliwosci zalogowania kasjera,inne,0.5
SD 168074,CSO28 DF nie drukuje paragonów,2025 07 10 12:20:31.588000 02:00,Incydent,PL 00443 Nowy Dwor Mazowiecki,443,Nowy Dwor Mazowiecki,CSO28 DF nie drukuje paragonów,cso28 df nie drukuje paragonów,inne,0.5
SD 168073,McDonald s PL Brwinow 61600419 Coates Support Case 00374353 Acknowledgment,2025 07 10 12:20:23.524000 02:00,Usługa,pl asista,Asystent,Asystent systemowy,McDonald s PL Brwinow 61600419 Coates Support Case 00374353 Acknowledgment,mcdonald s pl brwinow 61600419 coates support case 00374353 acknowledgment,inne,0.5
SD 168072,KVS22 nie pinguje,2025 07 10 12:20:00.475000 02:00,Incydent,PL 00362 Olesnica Autohof S8,362,Olesnica Autohof S8,KVS22 nie pinguje,kvs22 nie pinguje,inne,0.5
SD 168071,MyStore problem z odbiciami czasowymi,2025 07 10 12:19:22.564000 02:00,Usługa,Chodziez Chodziez,Nieznany,Chodziez Chodziez,MyStore problem z odbiciami czasowymi,mystore problem z odbiciami czasowymi,MyStore Prośba o pomoc w edycji odbić czasowych,0.9
SD 168070,CSO27 nie włącza się po awarii prądu,2025 07 10 12:17:14.655000 02:00,Incydent,PL 00193 Jastrzebie,193,Jastrzebie,CSO27 nie włącza się po awarii prądu,cso27 nie włącza się po awarii prądu,inne,0.5
SD 168069,Nie działa Monitor Cascade Routing,2025 07 10 12:13:08.416000 02:00,Incydent,PL 00440 Slubice,440,Slubice,Nie działa Monitor Cascade Routing,nie działa monitor cascade routing,inne,0.5
SD 168068,OfficePC nie można się zalogować,2025 07 10 12:12:50.120000 02:00,Incydent,PL 00579 Bytom Karb II,579,Bytom Karb II,OfficePC nie można się zalogować,officepc nie można się zalogować,inne,0.5
SD 168067,Problem z drukarką Grill MFY1,2025 07 10 12:08:53.374000 02:00,Usługa,PL 00465 Jaworzno 2 CH Galena,465,Jaworzno 2 CH Galena,Problem z drukarką Grill MFY1,problem z drukarką grill mfy1,inne,0.5
SD 168066,"skaner COD nie działa, rzuca wiązkę światła",2025 07 10 12:08:32.340000 02:00,Incydent,PL 00130 W wa 19 Mlyn,130,W wa 19 Mlyn,"skaner COD nie działa, rzuca wiązkę światła","skaner cod nie działa, rzuca wiązkę światła",POS/CSO/DT skaner nie działa,0.9
SD 168065,MS9 raport zużycia półproduktów brak danych,2025 07 10 12:07:23.509000 02:00,Usługa,PL 00512 W Wa 57 Glebocka 3,512,W Wa 57 Glebocka 3,MS9 raport zużycia półproduktów brak danych,ms9 raport zużycia półproduktów brak danych,Mystore brak zużycia,0.9
SD 168063,brak zużycia,2025 07 10 12:06:40.163000 02:00,Incydent,PL 00427 W wa 46 Dworzec Centralny,427,W wa 46 Dworzec Centralny,brak zużycia,brak zużycia,Mystore brak zużycia,0.9
SD 168062,KVS29 boot failed,2025 07 10 12:05:45.164000 02:00,Incydent,pl 00655,655,pl 00655,KVS29 boot failed,kvs29 boot failed,inne,0.5
SD 168060,POS01 komunikat irruption na terminalu,2025 07 10 12:01:30.253000 02:00,Incydent,MOP Stobiecko Szlacheckie Zach,Nieznany,MOP Stobiecko Szlacheckie Zach,POS01 komunikat irruption na terminalu,pos01 komunikat irruption na terminalu,inne,0.5
SD 168059,POS03 Skaner COD nie działa na DT2,2025 07 10 11:56:51.246000 02:00,Incydent,PL 00649 Krasnik,649,Krasnik,POS03 Skaner COD nie działa na DT2,pos03 skaner cod nie działa na dt2,POS/CSO/DT skaner nie działa,0.9
SD 168058,OfficePc Brak zainstalowanych druakrek,2025 07 10 11:56:20.222000 02:00,Incydent,PL 00506 Radom 7 PKP,506,Radom 7 PKP,OfficePc Brak zainstalowanych druakrek,officepc brak zainstalowanych druakrek,inne,0.5
SD 168057,wyse .5 nie pinguje,2025 07 10 11:54:03.875000 02:00,Incydent,PL 00042 Bydgoszcz 2 Torpedo,042,Bydgoszcz 2 Torpedo,wyse .5 nie pinguje,wyse .5 nie pinguje,inne,0.5
SD 168056,POS07 szuflada się nie otwiera z panelu kasowego,2025 07 10 11:53:49.276000 02:00,Incydent,PL 00020 W wa 04 Przejscie,020,W wa 04 Przejscie,POS07 szuflada się nie otwiera z panelu kasowego,pos07 szuflada się nie otwiera z panelu kasowego,inne,0.5
SD 168055,MyStore brak zużycia 9.07,2025 07 10 11:51:36.063000 02:00,Incydent,PL 00310 Chelm,310,Chelm,MyStore brak zużycia 9.07,mystore brak zużycia 9.07,Mystore brak zużycia,0.9
SD 168054,Spadek,2025 07 10 11:50:57.674000 02:00,Usługa,PL 00310 Chelm,310,Chelm,Spadek,spadek,inne,0.5
SD 168053,McDonald s Poland Coates Support Case 00374353 Acknowledgment,2025 07 10 11:41:24.273000 02:00,Usługa,pl asista,Asystent,Asystent systemowy,McDonald s Poland Coates Support Case 00374353 Acknowledgment,mcdonald s poland coates support case 00374353 acknowledgment,inne,0.5
SD 168052,drukarka grillowa nie drukuje,2025 07 10 11:39:27.872000 02:00,Incydent,PL 00041 Szczecin 4 Struga,041,Szczecin 4 Struga,drukarka grillowa nie drukuje,drukarka grillowa nie drukuje,inne,0.5
SD 168051,"KVS17, 18 prośba o konfigurację na dotyk",2025 07 10 11:28:11.366000 02:00,Incydent,PL 00507 Wrocław 21 CH Wroclavia,507,Wrocław 21 CH Wroclavia,"KVS17, 18 prośba o konfigurację na dotyk","kvs17, 18 prośba o konfigurację na dotyk",inne,0.5
SD 168050,POS06 wyświetla zablokowane produkty,2025 07 10 11:27:31.623000 02:00,Incydent,PL 00509 MOP Machnacz A1 E,509,MOP Machnacz A1 E,POS06 wyświetla zablokowane produkty,pos06 wyświetla zablokowane produkty,inne,0.5
SD 168049,POS24 drukarka grill nie drukuje slipów,2025 07 10 11:23:45.998000 02:00,Incydent,PL 00291 MOP Witowice,291,MOP Witowice,POS24 drukarka grill nie drukuje slipów,pos24 drukarka grill nie drukuje slipów,inne,0.5
SD 168048,MyStore brak WRINów gratisowych PP,2025 07 10 11:18:07.631000 02:00,Usługa,PL 00643 Bytow,643,Bytow,MyStore brak WRINów gratisowych PP,mystore brak wrinów gratisowych pp,inne,0.5
SD 168047,MyStore problem z raportem płac po korekcie odbić,2025 07 10 11:17:27.191000 02:00,Usługa,PL 00190 Zyrardow,190,Zyrardow,MyStore problem z raportem płac po korekcie odbić,mystore problem z raportem płac po korekcie odbić,MyStore Prośba o pomoc w edycji odbić czasowych,0.9
SD 168045,"Błędne numery zamówień, pełna kolejka zamówień.",2025 07 10 11:10:31.052000 02:00,Incydent,pl 00668,668,pl 00668,"Błędne numery zamówień, pełna kolejka zamówień.","błędne numery zamówień, pełna kolejka zamówień.",inne,0.5
SD 168043,MOP można odebrać za punkty produkty ze śniadań w godzinach lunchy,2025 07 10 11:08:40.892000 02:00,Incydent,PL 00536 Mala Holandia,536,Mala Holandia,MOP można odebrać za punkty produkty ze śniadań w godzinach lunchy,mop można odebrać za punkty produkty ze śniadań w godzinach lunchy,inne,0.5
SD 168042,MyStore brak zużycia 4 7.07,2025 07 10 11:07:33.059000 02:00,Incydent,PL 00374 W wa 47 Wal Miedzeszynski,374,W wa 47 Wal Miedzeszynski,MyStore brak zużycia 4 7.07,mystore brak zużycia 4 7.07,Mystore brak zużycia,0.9
SD 168041,MOP drukarka nie odpowiada,2025 07 10 11:02:51.094000 02:00,Incydent,PL 00608 Wyszkow,608,Wyszkow,MOP drukarka nie odpowiada,mop drukarka nie odpowiada,inne,0.5
SD 168040,3rd Attempt: Follow up  ALERT McDonald s PL 61600618 IDMB or DT DMB DMB System Assistance Required Issue Summary,2025 07 10 11:02:31.819000 02:00,Usługa,pl asista,Asystent,Asystent systemowy,3rd Attempt: Follow up  ALERT McDonald s PL 61600618 IDMB or DT DMB DMB System Assistance Required Issue Summary,3rd attempt: follow up  alert mcdonald s pl 61600618 idmb or dt dmb dmb system assistance required issue summary,inne,0.5
SD 168039,problem z przesyłaniem skanu na maila lukasz.romanowski franchisee.pl.mcd.com,2025 07 10 11:00:36.991000 02:00,Incydent,PL 00410 Swinoujscie,410,Swinoujscie,problem z przesyłaniem skanu na maila lukasz.romanowski franchisee.pl.mcd.com,problem z przesyłaniem skanu na maila lukasz.romanowski franchisee.pl.mcd.com,inne,0.5
SD 168038,ABS nie nalewa napoi automatycznie,2025 07 10 10:59:35.862000 02:00,Incydent,PL 00638 MOP Urzut S8,638,MOP Urzut S8,ABS nie nalewa napoi automatycznie,abs nie nalewa napoi automatycznie,inne,0.5
SD 168035,POS20 nie da się nabić kawy z Shakiem,2025 07 10 10:54:14.445000 02:00,Incydent,PL 00474 Kraków 17 Galeria Kazimierz,474,Kraków 17 Galeria Kazimierz,POS20 nie da się nabić kawy z Shakiem,pos20 nie da się nabić kawy z shakiem,inne,0.5
SD 168033,CFS podglądy zamienione pomiędzy liniami,2025 07 10 10:48:03.295000 02:00,Incydent,PL 00419 MOP Brwinow A2 North,419,MOP Brwinow A2 North,CFS podglądy zamienione pomiędzy liniami,cfs podglądy zamienione pomiędzy liniami,inne,0.5
SD 168032,Zła godzina po chwilowej awarii prądu,2025 07 10 10:46:37.273000 02:00,Poważny Incydent,PL 00017 Czestochowa 2,017,Czestochowa 2,Zła godzina po chwilowej awarii prądu,zła godzina po chwilowej awarii prądu,inne,0.5
SD 168030,CFS DT problem z działaniem po zmianie linii zamiana jednego CFS by pokazywał linię 1 zamiast 2,2025 07 10 10:45:18.958000 02:00,Incydent,Zagan PL 00687,687,Zagan,CFS DT problem z działaniem po zmianie linii zamiana jednego CFS by pokazywał linię 1 zamiast 2,cfs dt problem z działaniem po zmianie linii zamiana jednego cfs by pokazywał linię 1 zamiast 2,POS/CSO/DT skaner nie działa,0.9
SD 168029,Problem z paragonem,2025 07 10 10:44:24.092000 02:00,Usługa,PL 00290 MOP Olesnica,290,MOP Olesnica,Problem z paragonem,problem z paragonem,inne,0.5
SD 168028,Głuchy telefon,2025 07 10 10:43:29.034000 02:00,Usługa,pl asista,Asystent,Asystent systemowy,Głuchy telefon,głuchy telefon,inne,0.5
SD 168026,Głuchy telefon,2025 07 10 10:41:06.924000 02:00,Usługa,pl asista,Asystent,Asystent systemowy,Głuchy telefon,głuchy telefon,inne,0.5
SD 168025,KVS03 zacięty na ekranie ładowania,2025 07 10 10:40:43.012000 02:00,Incydent,PL 00566 Wroclaw 22 Auchan,566,Wroclaw 22 Auchan,KVS03 zacięty na ekranie ładowania,kvs03 zacięty na ekranie ładowania,inne,0.5
SD 168024,KVS11 drukarka OAT nie drukuje,2025 07 10 10:40:30.901000 02:00,Incydent,PL 00140 Mikolow 1,140,Mikolow 1,KVS11 drukarka OAT nie drukuje,kvs11 drukarka oat nie drukuje,inne,0.5
SD 168023,POS07 terminal nie działa,2025 07 10 10:40:11.799000 02:00,Incydent,PL 00106 W wa 15 Jubilerska,106,W wa 15 Jubilerska,POS07 terminal nie działa,pos07 terminal nie działa,POS/CSO/DT skaner nie działa,0.9
SD 168022,OfficePC nie wykrywa drukarek,2025 07 10 10:36:26.566000 02:00,Incydent,MOP Wozniki PL 00683,683,MOP Wozniki,OfficePC nie wykrywa drukarek,officepc nie wykrywa drukarek,inne,0.5
SD 168021,MyStore brak zużycia na półproduktach w dniu 09.07,2025 07 10 10:31:10.380000 02:00,Incydent,PL 00376 Nowy Sacz 02 Trzy Korony,376,Nowy Sacz 02 Trzy Korony,MyStore brak zużycia na półproduktach w dniu 09.07,mystore brak zużycia na półproduktach w dniu 09.07,Mystore brak zużycia,0.9
SD 168020,BackOfficePC admin zabrał dostęp,2025 07 10 10:30:15.680000 02:00,Incydent,PL 00456 Lublin 05 Tarasy Zamkowe,456,Lublin 05 Tarasy Zamkowe,BackOfficePC admin zabrał dostęp,backofficepc admin zabrał dostęp,inne,0.5
SD 168019,skaner COD skanuje na krzyż,2025 07 10 10:29:11.229000 02:00,Incydent,PL 00570 Bialystok Branickiego,570,Bialystok Branickiego,skaner COD skanuje na krzyż,skaner cod skanuje na krzyż,inne,0.5
SD 168018,CFS nie zgadza się wyświetalny content,2025 07 10 10:26:49.907000 02:00,Incydent,PL 00258 Pila,258,Pila,CFS nie zgadza się wyświetalny content,cfs nie zgadza się wyświetalny content,inne,0.5
SD 168016,Kiosk31 niedostępny,2025 07 10 10:24:21.082000 02:00,Incydent,PL 00554 Krapkowice,554,Krapkowice,Kiosk31 niedostępny,kiosk31 niedostępny,CSOxx niedostępny,0.9
SD 168015,RE: McDonald s PL 61600609 Coates Support Case 00373739 Acknowledgment,2025 07 10 10:22:24.916000 02:00,Usługa,pl asista,Asystent,Asystent systemowy,RE: McDonald s PL 61600609 Coates Support Case 00373739 Acknowledgment,re: mcdonald s pl 61600609 coates support case 00373739 acknowledgment,inne,0.5
SD 168014,ACTION NEEDED : We are awaiting a response for Case : 00372019 for McDonald s PL 61600705,2025 07 10 10:17:23.753000 02:00,Usługa,pl asista,Asystent,Asystent systemowy,ACTION NEEDED : We are awaiting a response for Case : 00372019 for McDonald s PL 61600705,action needed : we are awaiting a response for case : 00372019 for mcdonald s pl 61600705,inne,0.5
SD 168013,TAP45 niepoprawnie uruchomiony,2025 07 10 10:16:08.278000 02:00,Incydent,PL 00235 Wodzislaw Slaski,235,Wodzislaw Slaski,TAP45 niepoprawnie uruchomiony,tap45 niepoprawnie uruchomiony,inne,0.5
SD 168012,RE: McDonald s Poland Coates Support Case 00372410 Acknowledgment,2025 07 10 10:15:25.280000 02:00,Usługa,pl asista,Asystent,Asystent systemowy,RE: McDonald s Poland Coates Support Case 00372410 Acknowledgment,re: mcdonald s poland coates support case 00372410 acknowledgment,inne,0.5
SD 168011,RE: McDonald s PL Piaseczno 61600468 Coates Support Case 00374333 Acknowledgment,2025 07 10 10:10:25.853000 02:00,Usługa,pl asista,Asystent,Asystent systemowy,RE: McDonald s PL Piaseczno 61600468 Coates Support Case 00374333 Acknowledgment,re: mcdonald s pl piaseczno 61600468 coates support case 00374333 acknowledgment,inne,0.5
SD 168010,zużycie na szklankach,2025 07 10 10:10:21.620000 02:00,Incydent,Joanna Łakomy,Nieznany,Joanna Łakomy,zużycie na szklankach,zużycie na szklankach,inne,0.5
SD 168009,nieprawidłowe logowanie,2025 07 10 10:09:25.947000 02:00,Incydent,PL 00762 Lublin Felicity,762,Lublin Felicity,nieprawidłowe logowanie,nieprawidłowe logowanie,inne,0.5
SD 168008,MS9 bułka ziemniaczana brak zużycia,2025 07 10 10:06:39.260000 02:00,Usługa,PL 00260 W wa 37 Arkadia,260,W wa 37 Arkadia,MS9 bułka ziemniaczana brak zużycia,ms9 bułka ziemniaczana brak zużycia,Mystore brak zużycia,0.9
SD 168007,Drukarka OAT nie drukuje opisów,2025 07 10 10:06:26.965000 02:00,Incydent,PL 00140 Mikolow 1,140,Mikolow 1,Drukarka OAT nie drukuje opisów,drukarka oat nie drukuje opisów,inne,0.5
SD 168006,POS01 nie działa Dyspenser Monet,2025 07 10 10:06:26.194000 02:00,Incydent,PL 00588 MOP Morzecino Zachod,588,MOP Morzecino Zachod,POS01 nie działa Dyspenser Monet,pos01 nie działa dyspenser monet,POS/CSO/DT skaner nie działa,0.9
SD 168005,McDonald s PL Piaseczno 61600468 Coates Support Case 00374333 Acknowledgment,2025 07 10 10:06:24.416000 02:00,Usługa,pl asista,Asystent,Asystent systemowy,McDonald s PL Piaseczno 61600468 Coates Support Case 00374333 Acknowledgment,mcdonald s pl piaseczno 61600468 coates support case 00374333 acknowledgment,inne,0.5
SD 168004,KVS11 drukarka OAT nie drukuje,2025 07 10 10:02:04.646000 02:00,Incydent,PL 00238 Wroclaw 12 ECE,238,Wroclaw 12 ECE,KVS11 drukarka OAT nie drukuje,kvs11 drukarka oat nie drukuje,inne,0.5
SD 168003,office PC nie ładuje się strona,2025 07 10 10:01:26.167000 02:00,Usługa,PL 00042 Bydgoszcz 2 Torpedo,042,Bydgoszcz 2 Torpedo,office PC nie ładuje się strona,office pc nie ładuje się strona,inne,0.5
SD 168002,Nie można odbić się na zegarze,2025 07 10 09:59:13.677000 02:00,Incydent,MOP Stobiecko Szlacheckie Zach,Nieznany,MOP Stobiecko Szlacheckie Zach,Nie można odbić się na zegarze,nie można odbić się na zegarze,inne,0.5
SD 167999,Mystore brak zużycia za 9.07,2025 07 10 09:54:35.011000 02:00,Incydent,PL 00509 MOP Machnacz A1 E,509,MOP Machnacz A1 E,Mystore brak zużycia za 9.07,mystore brak zużycia za 9.07,Mystore brak zużycia,0.9
SD 167998,KVS brak dźwięku po wpadnięciu zamówienia,2025 07 10 09:51:11.963000 02:00,Incydent,PL 00248 W wa 34 Park Wola,248,W wa 34 Park Wola,KVS brak dźwięku po wpadnięciu zamówienia,kvs brak dźwięku po wpadnięciu zamówienia,inne,0.5
SD 167997,MS9 Krytyczny rozmiar bazy,2025 07 10 09:51:08.975000 02:00,Incydent,PL 00100 Leszno 1,100,Leszno 1,MS9 Krytyczny rozmiar bazy,ms9 krytyczny rozmiar bazy,inne,0.5
SD 167996,McDonald s Poland Coates Support Case 00374333 Acknowledgment,2025 07 10 09:47:34.205000 02:00,Usługa,pl asista,Asystent,Asystent systemowy,McDonald s Poland Coates Support Case 00374333 Acknowledgment,mcdonald s poland coates support case 00374333 acknowledgment,inne,0.5
SD 167994,CSO27 niedostępny,2025 07 10 09:43:08.707000 02:00,Incydent,PL 00300 W wa 41 Zlote Tarasy,300,W wa 41 Zlote Tarasy,CSO27 niedostępny,cso27 niedostępny,CSOxx niedostępny,0.9
SD 167993,POS07 Problem z terminalem,2025 07 10 09:42:25.536000 02:00,Incydent,PL 00106 W wa 15 Jubilerska,106,W wa 15 Jubilerska,POS07 Problem z terminalem,pos07 problem z terminalem,Terminal nie działa,0.9
SD 167991,Połączenie natychmiast zerwane,2025 07 10 09:40:44.561000 02:00,Usługa,PL 00106 W wa 15 Jubilerska,106,W wa 15 Jubilerska,Połączenie natychmiast zerwane,połączenie natychmiast zerwane,inne,0.5
SD 167990,DF MOP wykryto brak fiskalizacji,2025 07 10 09:39:48.719000 02:00,Incydent,PL 00714 Lodz Nowa Sukcesja,714,Lodz Nowa Sukcesja,DF MOP wykryto brak fiskalizacji,df mop wykryto brak fiskalizacji,MOP brak fiskalizacji,0.9
SD 167986,POS02 nie przysyła podsumowania zamówienia na oDMB,2025 07 10 09:36:15.578000 02:00,Incydent,PL 00342 Lubliniec,342,Lubliniec,POS02 nie przysyła podsumowania zamówienia na oDMB,pos02 nie przysyła podsumowania zamówienia na odmb,inne,0.5
SD 167985,CSO/POS nie można skanować kuponów,2025 07 10 09:33:18.655000 02:00,Incydent,PL 00116 Lublin 1,116,Lublin 1,CSO/POS nie można skanować kuponów,cso/pos nie można skanować kuponów,POS/CSO/DT skaner nie działa,0.9
SD 167983,BEV nieprawidłowe wyświetlanie produktów,2025 07 10 09:30:32.530000 02:00,Incydent,PL 00329 Pulawy,329,Pulawy,BEV nieprawidłowe wyświetlanie produktów,bev nieprawidłowe wyświetlanie produktów,inne,0.5
SD 167980,MOP zamówienia nie drukują się / odrzuca zamówienia,2025 07 10 09:24:42.180000 02:00,Incydent,PL 00143 Czeladz 1,143,Czeladz 1,MOP zamówienia nie drukują się / odrzuca zamówienia,mop zamówienia nie drukują się / odrzuca zamówienia,Autorelease nie wpada automatycznie,0.9
SD 167979,KVS02 nie reaguje na bumbar,2025 07 10 09:22:54.544000 02:00,Incydent,pl 00196,196,pl 00196,KVS02 nie reaguje na bumbar,kvs02 nie reaguje na bumbar,inne,0.5
SD 167976,POS03 Error 65542,2025 07 10 09:18:24.443000 02:00,Incydent,PL 00495 MOP Gorzyczki A1 W,495,MOP Gorzyczki A1 W,POS03 Error 65542,pos03 error 65542,inne,0.5
SD 167975,Mystore prośba o zmianę hasła,2025 07 10 09:18:09.597000 02:00,Incydent,PL 00097 Lodz 06 Batory,097,Lodz 06 Batory,Mystore prośba o zmianę hasła,mystore prośba o zmianę hasła,inne,0.5
SD 167974,KVS31 czerwona M,2025 07 10 09:16:17.100000 02:00,Incydent,PL 00211 W wa 29 Lazurowa,211,W wa 29 Lazurowa,KVS31 czerwona M,kvs31 czerwona m,POS/CSO/KVS czerwona M,0.9
SD 167972,POS01 zacięta po transakcji kartą,2025 07 10 09:15:28.034000 02:00,Poważny Incydent,PL 00319 Krakow 15 Czyzyny,319,Krakow 15 Czyzyny,POS01 zacięta po transakcji kartą,pos01 zacięta po transakcji kartą,POS/CSO zawieszony,0.9
SD 167971,"ekran na beverge czyli na napojach i deserach nie działa ,cały czas jest ekran czerwony",2025 07 10 09:14:01.086000 02:00,Incydent,Piotrkow Trybunalski PL 00660,660,Piotrkow Trybunalski,"ekran na beverge czyli na napojach i deserach nie działa ,cały czas jest ekran czerwony","ekran na beverge czyli na napojach i deserach nie działa ,cały czas jest ekran czerwony",inne,0.5
SD 167967,KVS18 zacięty na czerwonym tle,2025 07 10 09:03:29.043000 02:00,Incydent,PL 00762 Lublin Felicity,762,Lublin Felicity,KVS18 zacięty na czerwonym tle,kvs18 zacięty na czerwonym tle,inne,0.5
SD 167966,MAP01 nie można zamknąć pliku excel,2025 07 10 09:02:53.996000 02:00,Incydent,PL 00370 Gdansk 10 Swietokrzyska,370,Gdansk 10 Swietokrzyska,MAP01 nie można zamknąć pliku excel,map01 nie można zamknąć pliku excel,inne,0.5
SD 167965,Błędny Kontent na ekranach,2025 07 10 09:00:00.492000 02:00,Incydent,PL 00260 W wa 37 Arkadia,260,W wa 37 Arkadia,Błędny Kontent na ekranach,błędny kontent na ekranach,inne,0.5
SD 167964,CSO26 admin logon,2025 07 10 08:59:33.806000 02:00,Incydent,PL 00456 Lublin 05 Tarasy Zamkowe,456,Lublin 05 Tarasy Zamkowe,CSO26 admin logon,cso26 admin logon,POS/CSO/KVS admin logon,0.9
SD 167963,ORB01 M na czerwonym tle,2025 07 10 08:58:52.639000 02:00,Incydent,PL 00476 Bydgoszcz 07 Focus,476,Bydgoszcz 07 Focus,ORB01 M na czerwonym tle,orb01 m na czerwonym tle,inne,0.5
SD 167962,KVS01 brak dźwięku przy wpadaniu zamówienia,2025 07 10 08:58:07.861000 02:00,Incydent,PL 00418 Kalisz 02 Echo CH Amber,418,Kalisz 02 Echo CH Amber,KVS01 brak dźwięku przy wpadaniu zamówienia,kvs01 brak dźwięku przy wpadaniu zamówienia,inne,0.5
SD 167958,TELEFON SERWISOWY Prośba o przesłanie pracowników do TR,2025 07 10 08:53:20.577000 02:00,Incydent,PL 00439 Oswiecim,439,Oswiecim,TELEFON SERWISOWY Prośba o przesłanie pracowników do TR,telefon serwisowy prośba o przesłanie pracowników do tr,telefon serwisowy,0.9
SD 167956,KVS03 M na czerwonym tle,2025 07 10 08:45:47.914000 02:00,Incydent,PL 00422 Gdynia 04 Wzgorze Riviera,422,Gdynia 04 Wzgorze Riviera,KVS03 M na czerwonym tle,kvs03 m na czerwonym tle,inne,0.5
SD 167953,KVS04 M na czerwonym tle,2025 07 10 08:41:44.527000 02:00,Incydent,PL 00450 Gdansk 13 Forum Gdansk Mall,450,Gdansk 13 Forum Gdansk Mall,KVS04 M na czerwonym tle,kvs04 m na czerwonym tle,inne,0.5
SD 167952,RE: McDonald s PL Slupsk 6160092 Coates Support Case 00374321 Acknowledgment,2025 07 10 08:40:23.996000 02:00,Usługa,pl asista,Asystent,Asystent systemowy,RE: McDonald s PL Slupsk 6160092 Coates Support Case 00374321 Acknowledgment,re: mcdonald s pl slupsk 6160092 coates support case 00374321 acknowledgment,inne,0.5
SD 167951,Projekcja,2025 07 10 08:38:19.597000 02:00,Incydent,PL 00636 Katowice 11 Rynek,636,Katowice 11 Rynek,Projekcja,projekcja,inne,0.5
SD 167950,KVS08 nie pinguje,2025 07 10 08:35:41.365000 02:00,Incydent,PL 00540 Krakow Sliwiaka,540,Krakow Sliwiaka,KVS08 nie pinguje,kvs08 nie pinguje,inne,0.5
SD 167949,MyStore Prośba o pomoc w edycji odbić czasowych,2025 07 10 08:34:30.497000 02:00,Incydent,PL 00267 W wa 38 Solidarnosci,267,W wa 38 Solidarnosci,MyStore Prośba o pomoc w edycji odbić czasowych,mystore prośba o pomoc w edycji odbić czasowych,MyStore Prośba o pomoc w edycji odbić czasowych,0.9
SD 167948,MyStore raport szybkości obsługi pokazują się czasy za okres w przyszłości,2025 07 10 08:33:50.405000 02:00,Incydent,Koscian PL 00665,665,Koscian,MyStore raport szybkości obsługi pokazują się czasy za okres w przyszłości,mystore raport szybkości obsługi pokazują się czasy za okres w przyszłości,MyStore brak czasów szybkości obsługi,0.9
SD 167947,Brak shake a z kawą na menu boardach monitory na servisie,2025 07 10 08:32:35.774000 02:00,Incydent,PL 00503 Gdańsk 12 Lotnisko Airside,503,Gdańsk 12 Lotnisko Airside,Brak shake a z kawą na menu boardach monitory na servisie,brak shake a z kawą na menu boardach monitory na servisie,inne,0.5
SD 167946,KVS11 M na czerwonym tle,2025 07 10 08:32:20.099000 02:00,Incydent,PL 00418 Kalisz 02 Echo CH Amber,418,Kalisz 02 Echo CH Amber,KVS11 M na czerwonym tle,kvs11 m na czerwonym tle,inne,0.5
SD 167945,KVS11 M na czerwonym tle,2025 07 10 08:28:31.904000 02:00,Incydent,PL 00469 Bydgoszcz 06 ECE,469,Bydgoszcz 06 ECE,KVS11 M na czerwonym tle,kvs11 m na czerwonym tle,inne,0.5
SD 167943,Głuchy Telefon,2025 07 10 08:22:12.612000 02:00,Usługa,PL 00608 Wyszkow,608,Wyszkow,Głuchy Telefon,głuchy telefon,inne,0.5
SD 167942,RE: McDonald s Poland Coates Support Case 00372414 Acknowledgment,2025 07 10 08:19:24.583000 02:00,Usługa,pl asista,Asystent,Asystent systemowy,RE: McDonald s Poland Coates Support Case 00372414 Acknowledgment,re: mcdonald s poland coates support case 00372414 acknowledgment,inne,0.5
SD 167941,McDonald s PL Slupsk 6160092 Coates Support Case 00374321 Acknowledgment,2025 07 10 08:15:24.845000 02:00,Usługa,pl asista,Asystent,Asystent systemowy,McDonald s PL Slupsk 6160092 Coates Support Case 00374321 Acknowledgment,mcdonald s pl slupsk 6160092 coates support case 00374321 acknowledgment,inne,0.5
SD 167940,"KVS01, KVS02, KVS03 i KVS04 nie pokazuje czasów na KVS",2025 07 10 08:07:02.467000 02:00,Incydent,PL 00212 Gdansk 07 Morena,212,Gdansk 07 Morena,"KVS01, KVS02, KVS03 i KVS04 nie pokazuje czasów na KVS","kvs01, kvs02, kvs03 i kvs04 nie pokazuje czasów na kvs",inne,0.5
SD 167938,IDMB nie uruchomiły się,2025 07 10 08:04:02.123000 02:00,Incydent,PL 00645 Wroclaw Kazimierza Wielkiego,645,Wroclaw Kazimierza Wielkiego,IDMB nie uruchomiły się,idmb nie uruchomiły się,inne,0.5
SD 167937,CFS ekrany nie chcą się uruchomić,2025 07 10 07:59:27.577000 02:00,Incydent,Gizycko PL 00607,607,Gizycko,CFS ekrany nie chcą się uruchomić,cfs ekrany nie chcą się uruchomić,inne,0.5
SD 167936,Problem po zmianie DT SBS,2025 07 10 07:56:06.160000 02:00,Incydent,Chodziez Chodziez,Nieznany,Chodziez Chodziez,Problem po zmianie DT SBS,problem po zmianie dt sbs,inne,0.5
SD 167935,POS brak kafelków,2025 07 10 07:55:42.742000 02:00,Incydent,PL 00508 Kalisz 3,508,Kalisz 3,POS brak kafelków,pos brak kafelków,POS brak kafelków,0.9
SD 167934,POS19 zawieszony na uruchamianiu,2025 07 10 07:53:29.150000 02:00,Incydent,PL 00609 Wielun,609,Wielun,POS19 zawieszony na uruchamianiu,pos19 zawieszony na uruchamianiu,POS/CSO zawieszony,0.9
SD 167933,McDonald s Poland Coates Support Case 00374321 Acknowledgment,2025 07 10 07:53:24.204000 02:00,Usługa,pl asista,Asystent,Asystent systemowy,McDonald s Poland Coates Support Case 00374321 Acknowledgment,mcdonald s poland coates support case 00374321 acknowledgment,inne,0.5
SD 167932,ABS nie nalewa automatycznie,2025 07 10 07:50:28.834000 02:00,Incydent,PL 00608 Wyszkow,608,Wyszkow,ABS nie nalewa automatycznie,abs nie nalewa automatycznie,inne,0.5
SD 167929,POS24 brak kafelków,2025 07 10 07:45:25.555000 02:00,Incydent,PL 00210 Wroclaw 11 Korona,210,Wroclaw 11 Korona,POS24 brak kafelków,pos24 brak kafelków,POS brak kafelków,0.9
SD 167927,FOE63 RPS OFF,2025 07 10 07:43:40.201000 02:00,Incydent,PL 00367 Wroclaw 18 SkyTower,367,Wroclaw 18 SkyTower,FOE63 RPS OFF,foe63 rps off,inne,0.5
SD 167925,Brak zużycia na bułka ziemniaczana,2025 07 10 07:41:46.079000 02:00,Usługa,PL 00641 Ilawa,641,Ilawa,Brak zużycia na bułka ziemniaczana,brak zużycia na bułka ziemniaczana,Mystore brak zużycia,0.9
SD 167923,HWA01 zacięty ekran,2025 07 10 07:35:09.568000 02:00,Incydent,PL 00327 Sanok,327,Sanok,HWA01 zacięty ekran,hwa01 zacięty ekran,inne,0.5
SD 167922,POS19 czytnik kart nie działa,2025 07 10 07:31:36.057000 02:00,Incydent,PL 00168 Tarnow 2,168,Tarnow 2,POS19 czytnik kart nie działa,pos19 czytnik kart nie działa,POS/CSO/DT skaner nie działa,0.9
SD 167921,ORB01 Czerwony ekran,2025 07 10 07:27:55.115000 02:00,Incydent,PL 00491 Tarnow 3,491,Tarnow 3,ORB01 Czerwony ekran,orb01 czerwony ekran,inne,0.5
SD 167920,"POS03, 06 brak kafelków",2025 07 10 07:27:32.230000 02:00,Incydent,PL 00219 Inowroclaw,219,Inowroclaw,"POS03, 06 brak kafelków","pos03, 06 brak kafelków",POS brak kafelków,0.9
SD 167919,POS02 problem z płatnościami kartą,2025 07 10 07:26:38.006000 02:00,Incydent,PL 00614 Grojec Dekada,614,Grojec Dekada,POS02 problem z płatnościami kartą,pos02 problem z płatnościami kartą,inne,0.5
SD 167918,COD brak wiązki,2025 07 10 07:25:30.662000 02:00,Incydent,PL 00096 Czestochowa 3,096,Czestochowa 3,COD brak wiązki,cod brak wiązki,inne,0.5
SD 167917,Po wykonanym restarcie nie można skasować jednego zamówienia na Drive,2025 07 10 07:24:34.569000 02:00,Incydent,PL 00041 Szczecin 4 Struga,041,Szczecin 4 Struga,Po wykonanym restarcie nie można skasować jednego zamówienia na Drive,po wykonanym restarcie nie można skasować jednego zamówienia na drive,inne,0.5
SD 167916,Mystore brak zużycia na szklankach,2025 07 10 07:20:47.790000 02:00,Incydent,MOP Stobiecko Szlacheckie Wschod,Nieznany,MOP Stobiecko Szlacheckie Wschod,Mystore brak zużycia na szklankach,mystore brak zużycia na szklankach,Mystore brak zużycia,0.9
SD 167915,POS07 brak kafelków,2025 07 10 07:20:32.006000 02:00,Incydent,PL 00074 Poznan 06 Serbska,074,Poznan 06 Serbska,POS07 brak kafelków,pos07 brak kafelków,POS brak kafelków,0.9
SD 167914,HWA01 brak pracowników na ekranie,2025 07 10 07:17:48.898000 02:00,Incydent,PL 00315 MOP Worow Grojec,315,MOP Worow Grojec,HWA01 brak pracowników na ekranie,hwa01 brak pracowników na ekranie,inne,0.5
SD 167913,skaner COD skanuje na krzyż,2025 07 10 07:12:57.403000 02:00,Incydent,PL 00306 Minsk Mazowiecki,306,Minsk Mazowiecki,skaner COD skanuje na krzyż,skaner cod skanuje na krzyż,inne,0.5
SD 167912,"CSO26, CSO28 zacięte na smart update",2025 07 10 07:12:02.612000 02:00,Incydent,PL 00125 Wroclaw 06 Serek,125,Wroclaw 06 Serek,"CSO26, CSO28 zacięte na smart update","cso26, cso28 zacięte na smart update",inne,0.5
SD 167911,Brak Muzyki w Restauracji,2025 07 10 07:10:32.088000 02:00,Usługa,PL 00649 Krasnik,649,Krasnik,Brak Muzyki w Restauracji,brak muzyki w restauracji,inne,0.5
SD 167910,MAP01 brak uprawnień do otwierania folderów,2025 07 10 07:06:25.625000 02:00,Incydent,PL 00227 W wa 30 Sadyba,227,W wa 30 Sadyba,MAP01 brak uprawnień do otwierania folderów,map01 brak uprawnień do otwierania folderów,inne,0.5
SD 167909,brak zużycia z wczorajszego dnia,2025 07 10 07:06:17.057000 02:00,Incydent,PL 00581 Kolo,581,Kolo,brak zużycia z wczorajszego dnia,brak zużycia z wczorajszego dnia,Mystore brak zużycia,0.9
SD 167908,KVS11 i KVS18 M na czerwonym tle,2025 07 10 07:04:36.300000 02:00,Incydent,PL 00043 Sosnowiec 1,043,Sosnowiec 1,KVS11 i KVS18 M na czerwonym tle,kvs11 i kvs18 m na czerwonym tle,inne,0.5
SD 167907,POS01 brak kafelków,2025 07 10 07:01:47.910000 02:00,Incydent,PL 00138 Lodz 09 Retkinia,138,Lodz 09 Retkinia,POS01 brak kafelków,pos01 brak kafelków,POS brak kafelków,0.9
SD 167906,KVS11 zamówienia wpadają z dużym opóźnieniem,2025 07 10 07:00:45.392000 02:00,Incydent,PL 00116 Lublin 1,116,Lublin 1,KVS11 zamówienia wpadają z dużym opóźnieniem,kvs11 zamówienia wpadają z dużym opóźnieniem,inne,0.5
SD 167905,POS24 brak kafelków,2025 07 10 06:59:51.079000 02:00,Incydent,PL 00080 Krakow 03 Opolska,080,Krakow 03 Opolska,POS24 brak kafelków,pos24 brak kafelków,POS brak kafelków,0.9
SD 167904,"Kontynuacja zgłoszenia SD 160145 na Backoffice podczas pisania maila bądź podczas najeżdżania kursorem na pole tekstowe kursor myszki znika. Pojawia się ponownie, gdy wyjedziemy nim poza pole",2025 07 10 06:59:20.187000 02:00,Incydent,PL 00240 Tczew,240,Tczew,"Kontynuacja zgłoszenia SD 160145 na Backoffice podczas pisania maila bądź podczas najeżdżania kursorem na pole tekstowe kursor myszki znika. Pojawia się ponownie, gdy wyjedziemy nim poza pole","kontynuacja zgłoszenia sd 160145 na backoffice podczas pisania maila bądź podczas najeżdżania kursorem na pole tekstowe kursor myszki znika. pojawia się ponownie, gdy wyjedziemy nim poza pole",inne,0.5
SD 167903,"KVS03, KVS11 i KVS18 M na czerwonym tle",2025 07 10 06:58:49.590000 02:00,Incydent,PL 00406 Przemysl,406,Przemysl,"KVS03, KVS11 i KVS18 M na czerwonym tle","kvs03, kvs11 i kvs18 m na czerwonym tle",inne,0.5
SD 167902,Monitor od wywoływania zamówień na serwisie,2025 07 10 06:55:53.873000 02:00,Incydent,PL 00084 Zielona Gora 1,084,Zielona Gora 1,Monitor od wywoływania zamówień na serwisie,monitor od wywoływania zamówień na serwisie,inne,0.5
SD 167901,MyStore minusy na wielu produktach,2025 07 10 06:55:38.842000 02:00,Usługa,pl 00567,567,pl 00567,MyStore minusy na wielu produktach,mystore minusy na wielu produktach,inne,0.5
SD 167899,KVS01 BumpBar nie działa,2025 07 10 06:51:10.397000 02:00,Incydent,PL 00320 Klodzko,320,Klodzko,KVS01 BumpBar nie działa,kvs01 bumpbar nie działa,inne,0.5
SD 167898,Waystation offline brak przyczyny wystąpienia,2025 07 10 06:48:29.510000 02:00,Incydent,Zielona Góra Focus 2 PL 00789,789,Zielona Góra Focus 2,Waystation offline brak przyczyny wystąpienia,waystation offline brak przyczyny wystąpienia,POS/CSO waystation offline,0.9
SD 167897,KVS18 czerwona M,2025 07 10 06:47:16.633000 02:00,Incydent,PL 00635 Prudnik,635,Prudnik,KVS18 czerwona M,kvs18 czerwona m,POS/CSO/KVS czerwona M,0.9
SD 167896,"KVS01, 06, 11 czerwona M",2025 07 10 06:46:56.084000 02:00,Incydent,PL 00601 Torun Lodzka,601,Torun Lodzka,"KVS01, 06, 11 czerwona M","kvs01, 06, 11 czerwona m",POS/CSO/KVS czerwona M,0.9
SD 167895,KVS17 zacięty na czerwonym logo M,2025 07 10 06:44:17.112000 02:00,Incydent,PL 00383 Bialystok 03 Kopernika,383,Bialystok 03 Kopernika,KVS17 zacięty na czerwonym logo M,kvs17 zacięty na czerwonym logo m,inne,0.5
SD 167893,Same 0 w dziennym rozliczeniu pieniędzy,2025 07 10 06:41:44.091000 02:00,Incydent,PL 00612 Gdynia Szperk,612,Gdynia Szperk,Same 0 w dziennym rozliczeniu pieniędzy,same 0 w dziennym rozliczeniu pieniędzy,inne,0.5
SD 167891,ORB01 zacięty na czerwonym logo M,2025 07 10 06:39:19.467000 02:00,Incydent,PL 00319 Krakow 15 Czyzyny,319,Krakow 15 Czyzyny,ORB01 zacięty na czerwonym logo M,orb01 zacięty na czerwonym logo m,inne,0.5
SD 167889,nie możemy włączyć programu,2025 07 10 06:38:32.330000 02:00,Incydent,PL 00213 Swidnica,213,Swidnica,nie możemy włączyć programu,nie możemy włączyć programu,inne,0.5
SD 167888,Mystore prośba o rekalkulację,2025 07 10 06:36:57.713000 02:00,Incydent,PL 00378 Gdansk 09 MPH,378,Gdansk 09 MPH,Mystore prośba o rekalkulację,mystore prośba o rekalkulację,inne,0.5
SD 167886,"POS01, POS19 zacięte na 50% ładowania",2025 07 10 06:32:50.510000 02:00,Incydent,PL 00598 Opole Obwodnica,598,Opole Obwodnica,"POS01, POS19 zacięte na 50% ładowania","pos01, pos19 zacięte na 50% ładowania",inne,0.5
SD 167885,Korekta błędnie wbitych strat,2025 07 10 06:32:11.023000 02:00,Usługa,pl 00702,702,pl 00702,Korekta błędnie wbitych strat,korekta błędnie wbitych strat,inne,0.5
SD 167883,Hit maka menu nocne,2025 07 10 06:25:10.233000 02:00,Incydent,PL 00266 Krakow 13 Mogilany,266,Krakow 13 Mogilany,Hit maka menu nocne,hit maka menu nocne,inne,0.5
SD 167882,Wprowadzenie sprzedaży za dzień 09.07.2025,2025 07 10 06:24:25.206000 02:00,Usługa,Slawomir Malewicz,Nieznany,Slawomir Malewicz,Wprowadzenie sprzedaży za dzień 09.07.2025,wprowadzenie sprzedaży za dzień 09.07.2025,inne,0.5
SD 167881,nie mogę zalogować się do komputera,2025 07 10 06:21:55.330000 02:00,Incydent,pl 00624,624,pl 00624,nie mogę zalogować się do komputera,nie mogę zalogować się do komputera,inne,0.5
SD 167880,POS06 brak kafelków,2025 07 10 06:21:41.505000 02:00,Incydent,PL 00678 Kedzierzyn Kozle,678,Kedzierzyn Kozle,POS06 brak kafelków,pos06 brak kafelków,POS brak kafelków,0.9
SD 167879,SBS CFS z DT1 pokazuje obraz z DT2,2025 07 10 06:20:24.890000 02:00,Incydent,PL 00240 Tczew,240,Tczew,SBS CFS z DT1 pokazuje obraz z DT2,sbs cfs z dt1 pokazuje obraz z dt2,inne,0.5
SD 167878,KVS11 M na czerwonym tle,2025 07 10 06:18:26.501000 02:00,Incydent,Tychy 4 PL 00704,704,Tychy 4,KVS11 M na czerwonym tle,kvs11 m na czerwonym tle,inne,0.5
SD 167877,CFS prośba o zmiane linii,2025 07 10 06:18:24.757000 02:00,Incydent,PL 00258 Pila,258,Pila,CFS prośba o zmiane linii,cfs prośba o zmiane linii,inne,0.5
SD 167876,MOP zamówienia nie drukują się / odrzuca zamówienia,2025 07 10 06:14:08.485000 02:00,Incydent,pl 00733,733,pl 00733,MOP zamówienia nie drukują się / odrzuca zamówienia,mop zamówienia nie drukują się / odrzuca zamówienia,Autorelease nie wpada automatycznie,0.9
SD 167874,KVS06 i KVS11 M na czerwonym tle,2025 07 10 06:12:39.431000 02:00,Incydent,PL 00606 Gdansk Uczniowska,606,Gdansk Uczniowska,KVS06 i KVS11 M na czerwonym tle,kvs06 i kvs11 m na czerwonym tle,inne,0.5
SD 167873,MOP brak fiskalizacji zamówień,2025 07 10 06:10:10.966000 02:00,Incydent,PL 00740 MOP S6 Kamien Polnoc,740,MOP S6 Kamien Polnoc,MOP brak fiskalizacji zamówień,mop brak fiskalizacji zamówień,MOP brak fiskalizacji,0.9
SD 167872,POS24 czerwona M,2025 07 10 06:09:55.294000 02:00,Incydent,PL 00653 Czestochowa Południe Autohof,653,Czestochowa Południe Autohof,POS24 czerwona M,pos24 czerwona m,POS/CSO/KVS czerwona M,0.9
SD 167871,KVS17 czerwone M,2025 07 10 06:08:57.184000 02:00,Incydent,PL 00116 Lublin 1,116,Lublin 1,KVS17 czerwone M,kvs17 czerwone m,inne,0.5
SD 167870,POS03 communication error 65542,2025 07 10 06:08:45.193000 02:00,Incydent,PL 00495 MOP Gorzyczki A1 W,495,MOP Gorzyczki A1 W,POS03 communication error 65542,pos03 communication error 65542,inne,0.5
SD 167869,KVS22 nie pinguje,2025 07 10 06:08:35.349000 02:00,Incydent,PL 00362 Olesnica Autohof S8,362,Olesnica Autohof S8,KVS22 nie pinguje,kvs22 nie pinguje,inne,0.5
SD 167868,Brak fiskalizacji zamwówień MOP,2025 07 10 06:07:44.372000 02:00,Incydent,PL 00041 Szczecin 4 Struga,041,Szczecin 4 Struga,Brak fiskalizacji zamwówień MOP,brak fiskalizacji zamwówień mop,MOP brak fiskalizacji,0.9
SD 167867,KVS01 Czerwony ekran,2025 07 10 06:06:36.437000 02:00,Incydent,PL 00103 Wroclaw 05 Targi,103,Wroclaw 05 Targi,KVS01 Czerwony ekran,kvs01 czerwony ekran,inne,0.5
SD 167866,"KVS09, 17 czerwone M",2025 07 10 06:03:47.530000 02:00,Incydent,PL 00531 Dabrowa Górnicza Katowicka,531,Dabrowa Górnicza Katowicka,"KVS09, 17 czerwone M","kvs09, 17 czerwone m",inne,0.5
SD 167865,POS03 brak kafelków,2025 07 10 06:03:39.698000 02:00,Incydent,PL 00392 MOP Jozefow,392,MOP Jozefow,POS03 brak kafelków,pos03 brak kafelków,POS brak kafelków,0.9
SD 167864,KVS31 M na czerwonym tle,2025 07 10 06:00:59.076000 02:00,Incydent,PL 00101 Lublin 3 Centrum,101,Lublin 3 Centrum,KVS31 M na czerwonym tle,kvs31 m na czerwonym tle,inne,0.5
SD 167863,POS03 błąd 65542,2025 07 10 06:00:04.498000 02:00,Incydent,PL 00511 Katy Wroclawskie,511,Katy Wroclawskie,POS03 błąd 65542,pos03 błąd 65542,inne,0.5
SD 167862,POS08 Brak kafelków,2025 07 10 05:59:58.710000 02:00,Incydent,PL 00424 Kornik,424,Kornik,POS08 Brak kafelków,pos08 brak kafelków,POS brak kafelków,0.9
SD 167861,POS01 Brak kafelków.,2025 07 10 05:54:36.325000 02:00,Incydent,PL 00553 Kutno 02,553,Kutno 02,POS01 Brak kafelków.,pos01 brak kafelków.,POS brak kafelków,0.9
SD 167860,KVS03 czerwony ekran,2025 07 10 05:48:17.145000 02:00,Incydent,PL 00087 Wroclaw 04 Bielany,087,Wroclaw 04 Bielany,KVS03 czerwony ekran,kvs03 czerwony ekran,inne,0.5
SD 167857,CSO27 Niedostepny,2025 07 10 05:42:00.458000 02:00,Incydent,PL 00352 MOP Lozienica,352,MOP Lozienica,CSO27 Niedostepny,cso27 niedostepny,CSOxx niedostępny,0.9
SD 167856,POS19 błędny dzień biznesowy,2025 07 10 05:39:57.171000 02:00,Incydent,PL 00239 W wa 35 Dzika,239,W wa 35 Dzika,POS19 błędny dzień biznesowy,pos19 błędny dzień biznesowy,Newpos Zamknięcie nie przeszło na kasie z której był zamykany dzień,0.9
SD 167855,KVS29 Czerwone tło.,2025 07 10 05:29:16.899000 02:00,Incydent,PL 00455 Grodzisk Wielkopolski,455,Grodzisk Wielkopolski,KVS29 Czerwone tło.,kvs29 czerwone tło.,inne,0.5
SD 167854,Pytanie odnośnie zamiany DT SBS,2025 07 10 05:27:51.312000 02:00,Usługa,PL 00306 Minsk Mazowiecki,306,Minsk Mazowiecki,Pytanie odnośnie zamiany DT SBS,pytanie odnośnie zamiany dt sbs,inne,0.5
SD 167853,POS24 Brak Kafelków,2025 07 10 05:21:05.701000 02:00,Incydent,PL 00206 Bielsko 1 Bazar,206,Bielsko 1 Bazar,POS24 Brak Kafelków,pos24 brak kafelków,POS brak kafelków,0.9
SD 167845,POS02 Brak kafelków,2025 07 10 05:18:10.110000 02:00,Incydent,PL 00312 Czestochowa 6,312,Czestochowa 6,POS02 Brak kafelków,pos02 brak kafelków,POS brak kafelków,0.9
SD 167842,Zapytanie na temat linii drive,2025 07 10 05:17:42.248000 02:00,Incydent,PL 00570 Bialystok Branickiego,570,Bialystok Branickiego,Zapytanie na temat linii drive,zapytanie na temat linii drive,inne,0.5
SD 167835,Błędny dzień biznesowy FOE63,2025 07 10 05:07:20.295000 02:00,Incydent,pl 00555,555,pl 00555,Błędny dzień biznesowy FOE63,błędny dzień biznesowy foe63,FOE63 nieprawidłowy dzień biznesowy,0.9
SD 167816,MS9 Zmieniające się wartości w inwentaryzacji półproduktów.,2025 07 10 04:30:43.323000 02:00,Incydent,PL 00203 Gdansk 06 Staw,203,Gdansk 06 Staw,MS9 Zmieniające się wartości w inwentaryzacji półproduktów.,ms9 zmieniające się wartości w inwentaryzacji półproduktów.,inne,0.5
SD 167814,POS03 Brak kafelków na pos,2025 07 10 04:23:34.526000 02:00,Incydent,PL 00222 Plock 2,222,Plock 2,POS03 Brak kafelków na pos,pos03 brak kafelków na pos,POS brak kafelków,0.9
SD 167812,POS02 zacięte na 50,2025 07 10 04:20:17.214000 02:00,Incydent,PL 00662 MOP S8 Przyjmy,662,MOP S8 Przyjmy,POS02 zacięte na 50,pos02 zacięte na 50,inne,0.5
SD 167811,POS19 Brak kafelków na pos,2025 07 10 04:17:41.325000 02:00,Incydent,PL 00017 Czestochowa 2,017,Czestochowa 2,POS19 Brak kafelków na pos,pos19 brak kafelków na pos,POS brak kafelków,0.9
SD 167810,"Skaner na DT1 nie działa, brak wiązki",2025 07 10 04:10:18.520000 02:00,Incydent,PL 00237 Torun 3,237,Torun 3,"Skaner na DT1 nie działa, brak wiązki","skaner na dt1 nie działa, brak wiązki",POS/CSO/DT skaner nie działa,0.9
SD 167809,MS9 Nie przechodzi zamknięcie.,2025 07 10 04:09:12.484000 02:00,Incydent,MOP Stobiecko Szlacheckie Zach,Nieznany,MOP Stobiecko Szlacheckie Zach,MS9 Nie przechodzi zamknięcie.,ms9 nie przechodzi zamknięcie.,inne,0.5
SD 167808,BOS01 Zaciął się.,2025 07 10 04:07:18.549000 02:00,Incydent,PL 00460 Radom 06 Rondo Kozienieckie,460,Radom 06 Rondo Kozienieckie,BOS01 Zaciął się.,bos01 zaciął się.,inne,0.5
SD 167807,Mystore Wysoka dewiacja na inventaryzacji,2025 07 10 04:06:06.305000 02:00,Incydent,Kozienice PL 00673,673,Kozienice,Mystore Wysoka dewiacja na inventaryzacji,mystore wysoka dewiacja na inventaryzacji,inne,0.5
SD 167803,MyStore minus na mięso nuggets,2025 07 10 03:52:04.059000 02:00,Usługa,PL 00445 Stalowa Wola,445,Stalowa Wola,MyStore minus na mięso nuggets,mystore minus na mięso nuggets,inne,0.5
SD 167802,Kasy DT nie pingują po zamianie DT SBS,2025 07 10 03:51:14.227000 02:00,Incydent,PL 00570 Bialystok Branickiego,570,Bialystok Branickiego,Kasy DT nie pingują po zamianie DT SBS,kasy dt nie pingują po zamianie dt sbs,inne,0.5
SD 167800,"POS02 Waystation offline,nie pinguje",2025 07 10 03:37:33.330000 02:00,Incydent,PL 00570 Bialystok Branickiego,570,Bialystok Branickiego,"POS02 Waystation offline,nie pinguje","pos02 waystation offline,nie pinguje",POS/CSO waystation offline,0.9
SD 167798,niedostępny,2025 07 10 03:32:12.373000 02:00,Incydent,PL 00352 MOP Lozienica,352,MOP Lozienica,niedostępny,niedostępny,inne,0.5
SD 167797,CSO28 Nie pinguje,2025 07 10 03:29:29.162000 02:00,Incydent,PL 00662 MOP S8 Przyjmy,662,MOP S8 Przyjmy,CSO28 Nie pinguje,cso28 nie pinguje,inne,0.5
SD 167796,Skaner linia 1 nie skanuje brak wiązki światła,2025 07 10 03:29:27.219000 02:00,Incydent,PL 00237 Torun 3,237,Torun 3,Skaner linia 1 nie skanuje brak wiązki światła,skaner linia 1 nie skanuje brak wiązki światła,inne,0.5
SD 167795,"Problem z zamknięciem POS02 nie przeszło na kasie, z której był zamykany dzień.",2025 07 10 03:26:02.757000 02:00,Incydent,pl 00555,555,pl 00555,"Problem z zamknięciem POS02 nie przeszło na kasie, z której był zamykany dzień.","problem z zamknięciem pos02 nie przeszło na kasie, z której był zamykany dzień.",Newpos Zamknięcie nie przeszło na kasie z której był zamykany dzień,0.9
SD 167794,MS9 Zapytanie o szklanki.,2025 07 10 03:22:22.575000 02:00,Usługa,PL 00135 Elblag 1,135,Elblag 1,MS9 Zapytanie o szklanki.,ms9 zapytanie o szklanki.,inne,0.5
SD 167792,Drive SBS po zamianie monitorów linia 2 nie wyświetla się obraz,2025 07 10 03:19:16.251000 02:00,Incydent,PL 00240 Tczew,240,Tczew,Drive SBS po zamianie monitorów linia 2 nie wyświetla się obraz,drive sbs po zamianie monitorów linia 2 nie wyświetla się obraz,inne,0.5
SD 167791,MS9 Brak zużycia na Bułkach ziemniaczanych,2025 07 10 03:17:50.052000 02:00,Usługa,pl 00567,567,pl 00567,MS9 Brak zużycia na Bułkach ziemniaczanych,ms9 brak zużycia na bułkach ziemniaczanych,Mystore brak zużycia,0.9
SD 167790,Zapytanie na temat zmiany na lini drive,2025 07 10 03:16:08.692000 02:00,Incydent,PL 00331 Nowy Targ,331,Nowy Targ,Zapytanie na temat zmiany na lini drive,zapytanie na temat zmiany na lini drive,inne,0.5
SD 167789,nie liczy zużycia,2025 07 10 03:11:30.353000 02:00,Incydent,PL 00024 Olsztyn 1,024,Olsztyn 1,nie liczy zużycia,nie liczy zużycia,inne,0.5
SD 167788,Terminale nie działają błędne ip w posdb kas,2025 07 10 03:07:15.199000 02:00,Incydent,PL 00462 Airport Airside,462,Airport Airside,Terminale nie działają błędne ip w posdb kas,terminale nie działają błędne ip w posdb kas,POS/CSO/DT skaner nie działa,0.9
SD 167787,Waystaion offline Brak przyczyny wystąpienia,2025 07 10 03:06:55.650000 02:00,Incydent,PL 00570 Bialystok Branickiego,570,Bialystok Branickiego,Waystaion offline Brak przyczyny wystąpienia,waystaion offline brak przyczyny wystąpienia,POS/CSO waystation offline,0.9
SD 167786,"Newpos Zamknięcie nie przeszło na kasie, z której był zamykany dzień.",2025 07 10 03:02:29.608000 02:00,Incydent,Rydultowy PL 00681,681,Rydultowy,"Newpos Zamknięcie nie przeszło na kasie, z której był zamykany dzień.","newpos zamknięcie nie przeszło na kasie, z której był zamykany dzień.",Newpos Zamknięcie nie przeszło na kasie z której był zamykany dzień,0.9
SD 167785,kasa 1,2025 07 10 02:59:34.691000 02:00,Incydent,PL 00291 MOP Witowice,291,MOP Witowice,kasa 1,kasa 1,inne,0.5
SD 167783,Mystore Wysoka dewiacja na inventaryzacji,2025 07 10 02:51:06.338000 02:00,Incydent,PL 00287 Jaworzno,287,Jaworzno,Mystore Wysoka dewiacja na inventaryzacji,mystore wysoka dewiacja na inventaryzacji,inne,0.5
SD 167782,"Newpos Zamknięcie nie przeszło na kasie, z której był zamykany dzień.",2025 07 10 02:51:04.351000 02:00,Incydent,PL 00099 Lubin 1,099,Lubin 1,"Newpos Zamknięcie nie przeszło na kasie, z której był zamykany dzień.","newpos zamknięcie nie przeszło na kasie, z której był zamykany dzień.",Newpos Zamknięcie nie przeszło na kasie z której był zamykany dzień,0.9
SD 167781,MyStore nie można uruchomić,2025 07 10 02:49:47.340000 02:00,Incydent,PL 00225 W wa 31 Conrada,225,W wa 31 Conrada,MyStore nie można uruchomić,mystore nie można uruchomić,inne,0.5
SD 167780,MS9 Brak zużycia na Bułkach ziemniaczanych,2025 07 10 02:49:30.463000 02:00,Usługa,PL 00475 Rawa Mazowiecka,475,Rawa Mazowiecka,MS9 Brak zużycia na Bułkach ziemniaczanych,ms9 brak zużycia na bułkach ziemniaczanych,Mystore brak zużycia,0.9
SD 167779,Mystore Wysoka dewiacja na inventaryzacji,2025 07 10 02:48:01.868000 02:00,Incydent,PL 00394 Wrzesnia,394,Wrzesnia,Mystore Wysoka dewiacja na inventaryzacji,mystore wysoka dewiacja na inventaryzacji,inne,0.5
SD 167778,Brak zużycia na bułce ziemniaczanej,2025 07 10 02:32:59.850000 02:00,Usługa,PL 00629 Lodz Aleksandrowska,629,Lodz Aleksandrowska,Brak zużycia na bułce ziemniaczanej,brak zużycia na bułce ziemniaczanej,Mystore brak zużycia,0.9
SD 167775,MyStore brak zużycia na wszystkich półproduktach od 05.07. do 09.07.,2025 07 10 02:24:19.850000 02:00,Usługa,PL 00292 MOP Kozlow,292,MOP Kozlow,MyStore brak zużycia na wszystkich półproduktach od 05.07. do 09.07.,mystore brak zużycia na wszystkich półproduktach od 05.07. do 09.07.,Mystore brak zużycia,0.9
SD 167774,Zapytanie o SBS.,2025 07 10 02:24:19.073000 02:00,Incydent,PL 00570 Bialystok Branickiego,570,Bialystok Branickiego,Zapytanie o SBS.,zapytanie o sbs.,inne,0.5
SD 167773,MS9 Brak zużycia na Bułkach ziemniaczanych,2025 07 10 02:21:17.395000 02:00,Usługa,PL 00098 W wa 14 Modlinska,098,W wa 14 Modlinska,MS9 Brak zużycia na Bułkach ziemniaczanych,ms9 brak zużycia na bułkach ziemniaczanych,Mystore brak zużycia,0.9
SD 167772,MyStore zamknięcie/otwarcie zawiesiło się na 80%,2025 07 10 02:19:04.340000 02:00,Incydent,PL 00334 Tarnobrzeg,334,Tarnobrzeg,MyStore zamknięcie/otwarcie zawiesiło się na 80%,mystore zamknięcie/otwarcie zawiesiło się na 80%,inne,0.5
SD 167771,CSO28 Network Off,2025 07 10 02:19:02.049000 02:00,Incydent,PL 00480 Kraków 18 Grodzka,480,Kraków 18 Grodzka,CSO28 Network Off,cso28 network off,inne,0.5
SD 167770,Pytanie odnośnie zamiany CFS,2025 07 10 02:16:03.761000 02:00,Usługa,PL 00237 Torun 3,237,Torun 3,Pytanie odnośnie zamiany CFS,pytanie odnośnie zamiany cfs,inne,0.5
SD 167769,"Newpos Zamknięcie nie przeszło na kasie, z której był zamykany dzień.",2025 07 10 02:15:23.619000 02:00,Incydent,PL 00111 Pszczyna 1,111,Pszczyna 1,"Newpos Zamknięcie nie przeszło na kasie, z której był zamykany dzień.","newpos zamknięcie nie przeszło na kasie, z której był zamykany dzień.",Newpos Zamknięcie nie przeszło na kasie z której był zamykany dzień,0.9
SD 167768,"Newpos Zamknięcie nie przeszło na kasie, z której był zamykany dzień.",2025 07 10 02:12:42.744000 02:00,Incydent,PL 00131 W wa 25 Bazar,131,W wa 25 Bazar,"Newpos Zamknięcie nie przeszło na kasie, z której był zamykany dzień.","newpos zamknięcie nie przeszło na kasie, z której był zamykany dzień.",Newpos Zamknięcie nie przeszło na kasie z której był zamykany dzień,0.9
SD 167767,Zamknij / otwórz system POS nie można zamknąć systemu,2025 07 10 02:04:32.687000 02:00,Incydent,PL 00501 Mrągowo,501,Mrągowo,Zamknij / otwórz system POS nie można zamknąć systemu,zamknij / otwórz system pos nie można zamknąć systemu,inne,0.5
SD 167766,Niskie zużycie książeczek,2025 07 10 02:04:12.272000 02:00,Usługa,PL 00024 Olsztyn 1,024,Olsztyn 1,Niskie zużycie książeczek,niskie zużycie książeczek,inne,0.5
SD 167765,POS03 Nie otwiera się szuflada.,2025 07 10 02:00:55.300000 02:00,Incydent,PL 00059 W wa 09 Polczynska,059,W wa 09 Polczynska,POS03 Nie otwiera się szuflada.,pos03 nie otwiera się szuflada.,inne,0.5
SD 167764,Brak zuzycia,2025 07 10 01:59:09.353000 02:00,Usługa,PL 00251 Olsztyn 2,251,Olsztyn 2,Brak zuzycia,brak zuzycia,inne,0.5
SD 167763,POS19 powolne działanie przy płatności,2025 07 10 01:55:44.874000 02:00,Incydent,PL 00348 Plonsk,348,Plonsk,POS19 powolne działanie przy płatności,pos19 powolne działanie przy płatności,POS/CSO/DT skaner nie działa,0.9
SD 167762,ORB1 czerwony ekran,2025 07 10 01:55:25.255000 02:00,Incydent,pl 00702,702,pl 00702,ORB1 czerwony ekran,orb1 czerwony ekran,inne,0.5
SD 167761,Zapytanie na temat zmiany na linii drive sbs,2025 07 10 01:52:20.500000 02:00,Incydent,PL 00240 Tczew,240,Tczew,Zapytanie na temat zmiany na linii drive sbs,zapytanie na temat zmiany na linii drive sbs,inne,0.5
SD 167760,MS9 Zamknięcie dnia nie przechodzi przez zegar.,2025 07 10 01:50:40.872000 02:00,Incydent,PL 00312 Czestochowa 6,312,Czestochowa 6,MS9 Zamknięcie dnia nie przechodzi przez zegar.,ms9 zamknięcie dnia nie przechodzi przez zegar.,inne,0.5
SD 167759,Ponowny problem z drukarkami grillowymi,2025 07 10 01:47:50.527000 02:00,Incydent,PL 00411 MOP Markuszow S17 North,411,MOP Markuszow S17 North,Ponowny problem z drukarkami grillowymi,ponowny problem z drukarkami grillowymi,inne,0.5
SD 167758,Zamiana skanerów przy SBS drive prośba o przesłanie kodów do zeskanowania,2025 07 10 01:46:50.880000 02:00,Incydent,PL 00511 Katy Wroclawskie,511,Katy Wroclawskie,Zamiana skanerów przy SBS drive prośba o przesłanie kodów do zeskanowania,zamiana skanerów przy sbs drive prośba o przesłanie kodów do zeskanowania,inne,0.5
SD 167757,Brak zużycia na niektórych PP,2025 07 10 01:46:16.162000 02:00,Usługa,PL 00608 Wyszkow,608,Wyszkow,Brak zużycia na niektórych PP,brak zużycia na niektórych pp,Mystore brak zużycia,0.9
SD 167756,"Problem z zamknięciem POS07 nie przeszło na kasie, z której był zamykany dzień.",2025 07 10 01:42:12.265000 02:00,Incydent,PL 00592 Jedrzejow,592,Jedrzejow,"Problem z zamknięciem POS07 nie przeszło na kasie, z której był zamykany dzień.","problem z zamknięciem pos07 nie przeszło na kasie, z której był zamykany dzień.",Newpos Zamknięcie nie przeszło na kasie z której był zamykany dzień,0.9
SD 167755,SBS zapytanie o wpięcie przewodów w gniazda.,2025 07 10 01:39:49.352000 02:00,Usługa,PL 00570 Bialystok Branickiego,570,Bialystok Branickiego,SBS zapytanie o wpięcie przewodów w gniazda.,sbs zapytanie o wpięcie przewodów w gniazda.,inne,0.5
SD 167754,Zamknij / otwórz system POS nie można zamknąć systemu,2025 07 10 01:36:57.066000 02:00,Incydent,PL 00156 Zgierz 1,156,Zgierz 1,Zamknij / otwórz system POS nie można zamknąć systemu,zamknij / otwórz system pos nie można zamknąć systemu,inne,0.5
SD 167753,Zawieszona aplikacja CR .240,2025 07 10 01:36:29.919000 02:00,Incydent,PL 00584 Zambrow,584,Zambrow,Zawieszona aplikacja CR .240,zawieszona aplikacja cr .240,inne,0.5
SD 167752,Mystore Brak mozliwosci zalogwania sie,2025 07 10 01:35:36.366000 02:00,Incydent,PL 00212 Gdansk 07 Morena,212,Gdansk 07 Morena,Mystore Brak mozliwosci zalogwania sie,mystore brak mozliwosci zalogwania sie,inne,0.5
SD 167751,POS01 Brak kafelków.,2025 07 10 01:31:31.006000 02:00,Incydent,PL 00399 Jawornik,399,Jawornik,POS01 Brak kafelków.,pos01 brak kafelków.,POS brak kafelków,0.9
SD 167750,Pytanie odnośnie zamiany dt sbs,2025 07 10 01:23:04.333000 02:00,Usługa,PL 00580 Wagrowiec,580,Wagrowiec,Pytanie odnośnie zamiany dt sbs,pytanie odnośnie zamiany dt sbs,inne,0.5
SD 167748,Mystore Błędne dane w edycji odbic czasowych,2025 07 10 01:18:49.465000 02:00,Incydent,PL 00597 Krasnystaw,597,Krasnystaw,Mystore Błędne dane w edycji odbic czasowych,mystore błędne dane w edycji odbic czasowych,MyStore Prośba o pomoc w edycji odbić czasowych,0.9
SD 167747,MS9 Nie można przejść do Potwierdź hasło,2025 07 10 01:14:19.876000 02:00,Incydent,PL 00233 Krosno,233,Krosno,MS9 Nie można przejść do Potwierdź hasło,ms9 nie można przejść do potwierdź hasło,inne,0.5
SD 167746,drukarka 1 strona kuchni I drukarka BC,2025 07 10 01:11:58.307000 02:00,Incydent,PL 00291 MOP Witowice,291,MOP Witowice,drukarka 1 strona kuchni I drukarka BC,drukarka 1 strona kuchni i drukarka bc,inne,0.5
SD 167743,niedostępny,2025 07 10 01:02:39.137000 02:00,Incydent,PL 00352 MOP Lozienica,352,MOP Lozienica,niedostępny,niedostępny,inne,0.5
SD 167742,niedostępny,2025 07 10 01:02:00.579000 02:00,Incydent,PL 00352 MOP Lozienica,352,MOP Lozienica,niedostępny,niedostępny,inne,0.5
SD 167741,"Newpos Zamknięcie nie przeszło na kasie, z której był zamykany dzień.",2025 07 10 01:01:55.349000 02:00,Incydent,PL 00458 Airport Landside,458,Airport Landside,"Newpos Zamknięcie nie przeszło na kasie, z której był zamykany dzień.","newpos zamknięcie nie przeszło na kasie, z której był zamykany dzień.",Newpos Zamknięcie nie przeszło na kasie z której był zamykany dzień,0.9
SD 167739,POS03 problem z komunikacją z drukarka,2025 07 10 00:58:55.546000 02:00,Incydent,PL 00339 Koszalin 3 Monte Casino,339,Koszalin 3 Monte Casino,POS03 problem z komunikacją z drukarka,pos03 problem z komunikacją z drukarka,inne,0.5
SD 167738,Zamknij / otwórz system POS nie można zamknąć systemu,2025 07 10 00:58:38.892000 02:00,Incydent,PL 00544 MOP Dabrowa Gornicza S1 W,544,MOP Dabrowa Gornicza S1 W,Zamknij / otwórz system POS nie można zamknąć systemu,zamknij / otwórz system pos nie można zamknąć systemu,inne,0.5
SD 167737,"Newpos Zamknięcie nie przeszło na kasie, z której był zamykany dzień.",2025 07 10 00:53:38.395000 02:00,Incydent,PL 00333 MOP Wymyslow,333,MOP Wymyslow,"Newpos Zamknięcie nie przeszło na kasie, z której był zamykany dzień.","newpos zamknięcie nie przeszło na kasie, z której był zamykany dzień.",Newpos Zamknięcie nie przeszło na kasie z której był zamykany dzień,0.9
SD 167736,Mystore Brak zużycia pos,2025 07 10 00:53:33.389000 02:00,Incydent,PL 00369 MOP Chociszewo,369,MOP Chociszewo,Mystore Brak zużycia pos,mystore brak zużycia pos,inne,0.5
SD 167735,POS01 df nie pinguje,2025 07 10 00:44:35.446000 02:00,Incydent,PL 00319 Krakow 15 Czyzyny,319,Krakow 15 Czyzyny,POS01 df nie pinguje,pos01 df nie pinguje,inne,0.5
SD 167734,POS03 nie chce się uruchomić,2025 07 10 00:44:08.063000 02:00,Incydent,PL 00036 Krakow 02 Rondo Mateczny,036,Krakow 02 Rondo Mateczny,POS03 nie chce się uruchomić,pos03 nie chce się uruchomić,inne,0.5
SD 167733,"Newpos Zamknięcie nie przeszło na kasie, z której był zamykany dzień.",2025 07 10 00:43:03.859000 02:00,Incydent,PL 00516 Czluchow,516,Czluchow,"Newpos Zamknięcie nie przeszło na kasie, z której był zamykany dzień.","newpos zamknięcie nie przeszło na kasie, z której był zamykany dzień.",Newpos Zamknięcie nie przeszło na kasie z której był zamykany dzień,0.9
SD 167732,Mystore Brak mozliwosci zalogwania sie,2025 07 10 00:40:19.369000 02:00,Incydent,pl 00208,208,pl 00208,Mystore Brak mozliwosci zalogwania sie,mystore brak mozliwosci zalogwania sie,inne,0.5
SD 167731,Prośba o rekalkulacje,2025 07 10 00:39:49.906000 02:00,Usługa,PL 00610 MOP Kleszczewko Wschod,610,MOP Kleszczewko Wschod,Prośba o rekalkulacje,prośba o rekalkulacje,inne,0.5
SD 167730,MyStore brak zużycia na bułkach ziemniaczanych od 07.07. do 08.07.,2025 07 10 00:37:28.700000 02:00,Usługa,PL 00456 Lublin 05 Tarasy Zamkowe,456,Lublin 05 Tarasy Zamkowe,MyStore brak zużycia na bułkach ziemniaczanych od 07.07. do 08.07.,mystore brak zużycia na bułkach ziemniaczanych od 07.07. do 08.07.,Mystore brak zużycia,0.9
SD 167729,Zapytanie o SBS.,2025 07 10 00:28:00.835000 02:00,Usługa,PL 00570 Bialystok Branickiego,570,Bialystok Branickiego,Zapytanie o SBS.,zapytanie o sbs.,inne,0.5
SD 167728,CSO31 Zawiesił się,2025 07 10 00:27:55.111000 02:00,Incydent,PL 00503 Gdańsk 12 Lotnisko Airside,503,Gdańsk 12 Lotnisko Airside,CSO31 Zawiesił się,cso31 zawiesił się,inne,0.5
SD 167727,POS07 nie chce się uruchomić,2025 07 10 00:26:56.599000 02:00,Incydent,pl 00163,163,pl 00163,POS07 nie chce się uruchomić,pos07 nie chce się uruchomić,inne,0.5
SD 167725,"Newpos Zamknięcie nie przeszło na kasie, z której był zamykany dzień.",2025 07 10 00:22:46.323000 02:00,Incydent,PL 00692 Tomaszow Mazowiecki Autohof,692,Tomaszow Mazowiecki Autohof,"Newpos Zamknięcie nie przeszło na kasie, z której był zamykany dzień.","newpos zamknięcie nie przeszło na kasie, z której był zamykany dzień.",Newpos Zamknięcie nie przeszło na kasie z której był zamykany dzień,0.9
SD 167724,Zamknij / otwórz system POS nie można zamknąć systemu,2025 07 10 00:22:07.947000 02:00,Incydent,PL 00155 Poznan 10 Kino,155,Poznan 10 Kino,Zamknij / otwórz system POS nie można zamknąć systemu,zamknij / otwórz system pos nie można zamknąć systemu,inne,0.5
SD 167723,Drukarka Biurowa drukarka offline,2025 07 10 00:17:33.807000 02:00,Incydent,PL 00299 Puck,299,Puck,Drukarka Biurowa drukarka offline,drukarka biurowa drukarka offline,inne,0.5
SD 167722,CSO30 drukarka fiskalna nośnik uszkodzony nośnik nie pusty.,2025 07 10 00:17:28.409000 02:00,Incydent,PL 00092 Slupsk 1,092,Slupsk 1,CSO30 drukarka fiskalna nośnik uszkodzony nośnik nie pusty.,cso30 drukarka fiskalna nośnik uszkodzony nośnik nie pusty.,inne,0.5
SD 167721,POS24 Brak kafelków na pos,2025 07 10 00:17:10.757000 02:00,Incydent,PL 00274 Gniezno,274,Gniezno,POS24 Brak kafelków na pos,pos24 brak kafelków na pos,POS brak kafelków,0.9
SD 167720,Problem z płatnościami na DT,2025 07 10 00:09:46.217000 02:00,Incydent,PL 00313 Brzesko,313,Brzesko,Problem z płatnościami na DT,problem z płatnościami na dt,inne,0.5
SD 167719,POS06 Błędna wersja rfm,2025 07 10 00:09:45.038000 02:00,Incydent,PL 00300 W wa 41 Zlote Tarasy,300,W wa 41 Zlote Tarasy,POS06 Błędna wersja rfm,pos06 błędna wersja rfm,inne,0.5
SD 167718,Zamknij / otwórz system POS nie można zamknąć systemu,2025 07 10 00:06:07.250000 02:00,Incydent,PL 00211 W wa 29 Lazurowa,211,W wa 29 Lazurowa,Zamknij / otwórz system POS nie można zamknąć systemu,zamknij / otwórz system pos nie można zamknąć systemu,inne,0.5
