﻿"key","title","created","issue_type","reporter","site","site_name","title_clean","title_lower","category","confidence"
"SD-166577","Brak zużycia na wszystkich PP - 04.07","2025-07-07 23:58:06.846000+02:00","Usługa","PL-00309 W-wa 42 Janki 2","309","W-wa 42 Janki 2","Brak zużycia na wszystkich PP - 04.07","brak zużycia na wszystkich pp - 04.07","Mystore - brak zużycia","0.9"
"SD-166576","CSO31 - Nie może sie uruchomić","2025-07-07 23:50:59.112000+02:00","Incydent","PL-00576 Turek","576","Turek","CSO31 - Nie może sie uruchomić","cso31 - nie może sie uruchomić","inne","0.5"
"SD-166574","Mystore - bledne dane w edycji odbic czasowych ","2025-07-07 23:39:02.153000+02:00","Incydent","PL-00068 Gorzow Wlkp 1","068","Gorzow Wlkp 1","Mystore - bledne dane w edycji odbic czasowych","mystore - bledne dane w edycji odbic czasowych ","MyStore – Prośba o pomoc w edycji odbić czasowych","0.9"
"SD-166573","Brak zalogowanego urz.","2025-07-07 23:38:13.111000+02:00","Incydent","PL-00266 Krakow 13 Mogilany","266","Krakow 13 Mogilany","Brak zalogowanego urz.","brak zalogowanego urz.","inne","0.5"
"SD-166571","DT SBS - pytanie na temat zamiany","2025-07-07 23:31:31.506000+02:00","Usługa","PL-00612 Gdynia Szperk","612","Gdynia Szperk","DT SBS - pytanie na temat zamiany","dt sbs - pytanie na temat zamiany","inne","0.5"
"SD-166570","Zapytanie na temat minusów na inventaryzacji ","2025-07-07 23:31:16.529000+02:00","Usługa","PL-00309 W-wa 42 Janki 2","309","W-wa 42 Janki 2","Zapytanie na temat minusów na inventaryzacji","zapytanie na temat minusów na inventaryzacji ","inne","0.5"
"SD-166569","Newpos - Zamknięcie nie przeszło na kasie, z której był zamykany dzień.","2025-07-07 23:30:38.180000+02:00","Incydent","Warszawa Reguly PL-00689","689","Warszawa Reguly","Newpos - Zamknięcie nie przeszło na kasie, z której był zamykany dzień.","newpos - zamknięcie nie przeszło na kasie, z której był zamykany dzień.","Newpos – Zamknięcie nie przeszło na kasie, z której był zamykany dzień","0.9"
"SD-166568","POS07 - drukarka fiskalna ","2025-07-07 23:26:43.211000+02:00","Incydent","PL-00238 Wroclaw 12 ECE","238","Wroclaw 12 ECE","POS07 - drukarka fiskalna","pos07 - drukarka fiskalna ","inne","0.5"
"SD-166567","Zapytanie na temat zmiany na linni drive","2025-07-07 23:25:57.703000+02:00","Usługa","PL-00666 Radzymin","666","Radzymin","Zapytanie na temat zmiany na linni drive","zapytanie na temat zmiany na linni drive","inne","0.5"
"SD-166566","Newpos - Zamknięcie nie przeszło na kasie, z której był zamykany dzień.","2025-07-07 23:25:27.568000+02:00","Incydent","PL-00462 Airport - Airside","462","Airport - Airside","Newpos - Zamknięcie nie przeszło na kasie, z której był zamykany dzień.","newpos - zamknięcie nie przeszło na kasie, z której był zamykany dzień.","Newpos – Zamknięcie nie przeszło na kasie, z której był zamykany dzień","0.9"
"SD-166565","CR .240 - zawieszona aplikacja - brak możliwości zalogowania","2025-07-07 23:24:18.665000+02:00","Incydent","PL-00558 W-wa Warsaw Hub","558","W-wa Warsaw Hub","CR .240 - zawieszona aplikacja - brak możliwości zalogowania","cr .240 - zawieszona aplikacja - brak możliwości zalogowania","inne","0.5"
"SD-166564","POS07  - błędna data na DF.","2025-07-07 23:20:12.850000+02:00","Incydent","PL-00410 Swinoujscie","410","Swinoujscie","POS07  - błędna data na DF.","pos07  - błędna data na df.","inne","0.5"
"SD-166563","Mystore - Brak mozliwosci zalogwania sie ","2025-07-07 23:19:37.634000+02:00","Incydent","PL-00402 MOP Sople 2 Zachod","402","MOP Sople 2 Zachod","Mystore - Brak mozliwosci zalogwania sie","mystore - brak mozliwosci zalogwania sie ","inne","0.5"
"SD-166562","nie można zalogować. się do my story","2025-07-07 23:17:34.480000+02:00","Incydent","PL-00402 MOP Sople 2 Zachod","402","MOP Sople 2 Zachod","nie można zalogować. się do my story","nie można zalogować. się do my story","MyStore – background service nie gotowy/nie można się zalogować","0.9"
"SD-166560","MyStore - błędnie rozliczona kasetka","2025-07-07 23:15:30.264000+02:00","Incydent","PL-00462 Airport - Airside","462","Airport - Airside","MyStore - błędnie rozliczona kasetka","mystore - błędnie rozliczona kasetka","inne","0.5"
"SD-166559","Dziwna dewiacja, która się zmieniła po zzamknięciu systemu","2025-07-07 23:12:06.637000+02:00","Incydent","PL-00381 Kielce 5 Korona","381","Kielce 5 Korona","Dziwna dewiacja, która się zmieniła po zzamknięciu systemu","dziwna dewiacja, która się zmieniła po zzamknięciu systemu","inne","0.5"
"SD-166558","BOS01 - Drukarka biurowa nie drukuje","2025-07-07 23:11:40.869000+02:00","Incydent","PL-00274 Gniezno","274","Gniezno","BOS01 - Drukarka biurowa nie drukuje","bos01 - drukarka biurowa nie drukuje","inne","0.5"
"SD-166555","MOP - Prośba o wyłączenie MOP","2025-07-07 23:03:07.602000+02:00","Usługa","PL-00466 W-wa 50 Zachodnia","466","W-wa 50 Zachodnia","MOP - Prośba o wyłączenie MOP","mop - prośba o wyłączenie mop","MOP – Prośba o włączenie/wyłączenie","0.9"
"SD-166554","DT SBS - pytanie na temat zamiany CFS","2025-07-07 22:55:20.149000+02:00","Usługa","Tychy 4 PL-00704","704","Tychy 4","DT SBS - pytanie na temat zamiany CFS","dt sbs - pytanie na temat zamiany cfs","inne","0.5"
"SD-166553","Zużycie za 06.07.2025","2025-07-07 22:41:07.852000+02:00","Incydent","PL-00308 Grodzisk Mazowiecki","308","Grodzisk Mazowiecki","Zużycie za 06.07.2025","zużycie za 06.07.2025","inne","0.5"
"SD-166552","Mystore - Prośba o zmiane list inventaryzacyjnych","2025-07-07 22:39:45.988000+02:00","Usługa","PL-00197 Lodz 11 Mall","197","Lodz 11 Mall","Mystore - Prośba o zmiane list inventaryzacyjnych","mystore - prośba o zmiane list inventaryzacyjnych","inne","0.5"
"SD-166551","MOP - Prośba o wyłączenie MOP","2025-07-07 22:39:42.999000+02:00","Usługa","PL-00284 Wroclaw 16 Muchobor","284","Wroclaw 16 Muchobor","MOP - Prośba o wyłączenie MOP","mop - prośba o wyłączenie mop","MOP – Prośba o włączenie/wyłączenie","0.9"
"SD-166550","Korekta błędnie wbitych strat","2025-07-07 22:35:12.799000+02:00","Usługa","PL-00275 Blonie","275","Blonie","Korekta błędnie wbitych strat","korekta błędnie wbitych strat","inne","0.5"
"SD-166549","Korekta błędnie wbitych strat","2025-07-07 22:32:07.295000+02:00","Usługa","PL-00275 Blonie","275","Blonie","Korekta błędnie wbitych strat","korekta błędnie wbitych strat","inne","0.5"
"SD-166547","DT - pytanie o zamianę SBS","2025-07-07 22:27:01.883000+02:00","Usługa","PL-00553 Kutno 02","553","Kutno 02","DT - pytanie o zamianę SBS","dt - pytanie o zamianę sbs","inne","0.5"
"SD-166546","Korekta błędnie wbitych strat","2025-07-07 22:26:19.836000+02:00","Usługa","PL-00275 Blonie","275","Blonie","Korekta błędnie wbitych strat","korekta błędnie wbitych strat","inne","0.5"
"SD-166545","problem z szufladą","2025-07-07 22:25:50.641000+02:00","Incydent","PL-00458 Airport - Landside","458","Airport - Landside","problem z szufladą","problem z szufladą","inne","0.5"
"SD-166542","MyStore - brak czasów szybkości obsługi","2025-07-07 22:05:33.939000+02:00","Incydent","PL-00042 Bydgoszcz 2 Torpedo","042","Bydgoszcz 2 Torpedo","MyStore - brak czasów szybkości obsługi","mystore - brak czasów szybkości obsługi","MyStore – brak czasów szybkości obsługi","0.9"
"SD-166541","Połączenie-głuchy telefon","2025-07-07 22:01:06.408000+02:00","Usługa","PL-00106 W-wa 15 Jubilerska","106","W-wa 15 Jubilerska","Połączenie-głuchy telefon","połączenie-głuchy telefon","inne","0.5"
"SD-166539","CSO32 - CR - zacięta taśma","2025-07-07 21:54:35.864000+02:00","Incydent","PL-00609 Wielun","609","Wielun","CSO32 - CR - zacięta taśma","cso32 - cr - zacięta taśma","inne","0.5"
"SD-166538","Problem z konfiguracją DT","2025-07-07 21:51:15.836000+02:00","Incydent","PL-00299 Puck","299","Puck","Problem z konfiguracją DT","problem z konfiguracją dt","inne","0.5"
"SD-166537","McDonald's Poland Coates Support Case 00372414 Acknowledgment","2025-07-07 21:36:23.831000+02:00","Usługa","pl-asista","Asystent","Asystent systemowy","McDonald's Poland Coates Support Case 00372414 Acknowledgment","mcdonald's poland coates support case 00372414 acknowledgment","inne","0.5"
"SD-166536","McDonald's Poland Coates Support Case 00372410 Acknowledgment","2025-07-07 21:34:24.216000+02:00","Usługa","pl-asista","Asystent","Asystent systemowy","McDonald's Poland Coates Support Case 00372410 Acknowledgment","mcdonald's poland coates support case 00372410 acknowledgment","inne","0.5"
"SD-166535","mleko 3.2%","2025-07-07 21:33:21.281000+02:00","Usługa","PL-00430 MOP Polesie A2 South","430","MOP Polesie A2 South","mleko 3.2%","mleko 3.2%","inne","0.5"
"SD-166533","McDonald's Poland Coates Support Case 00372406 Acknowledgment","2025-07-07 21:31:24.032000+02:00","Usługa","pl-asista","Asystent","Asystent systemowy","McDonald's Poland Coates Support Case 00372406 Acknowledgment","mcdonald's poland coates support case 00372406 acknowledgment","inne","0.5"
"SD-166530","POS01 - brak drawera z drukarki","2025-07-07 21:10:49.563000+02:00","Incydent","PL-00698 MOP Obroki W","698","MOP Obroki W","POS01 - brak drawera z drukarki","pos01 - brak drawera z drukarki","inne","0.5"
"SD-166529","Mystore - Restauracja prosi o reklakucjie ","2025-07-07 21:03:08.680000+02:00","Usługa","PL-00342 Lubliniec","342","Lubliniec","Mystore - Restauracja prosi o reklakucjie","mystore - restauracja prosi o reklakucjie ","inne","0.5"
"SD-166528","POS01 - zawieszona kasa ","2025-07-07 20:57:04.230000+02:00","Incydent","PL-00414 MOP Stanislawice A4 South","414","MOP Stanislawice A4 South","POS01 - zawieszona kasa","pos01 - zawieszona kasa ","POS/CSO - zawieszony","0.9"
"SD-166525","Brak Synchronizacji reklamy 1 monitora z posotałymi 2","2025-07-07 20:42:50.997000+02:00","Incydent","PL-00421 Zawiercie","421","Zawiercie","Brak Synchronizacji reklamy 1 monitora z posotałymi 2","brak synchronizacji reklamy 1 monitora z posotałymi 2","POS – brak kafelków","0.9"
"SD-166523","CSO30 - nie drukuje się numer zamówienia ","2025-07-07 20:28:06.456000+02:00","Incydent","PL-00315 MOP Worow Grojec","315","MOP Worow Grojec","CSO30 - nie drukuje się numer zamówienia","cso30 - nie drukuje się numer zamówienia ","inne","0.5"
"SD-166522","Komputer BO - Utknął na biosie ","2025-07-07 20:25:25.154000+02:00","Incydent","PL-00119 Zgorzelec 1","119","Zgorzelec 1","Komputer BO - Utknął na biosie","komputer bo - utknął na biosie ","inne","0.5"
"SD-166520","Skaner na drive - brak wiązki światła ","2025-07-07 20:23:16.156000+02:00","Incydent","PL-00398 Gdansk 11 Lotos","398","Gdansk 11 Lotos","Skaner na drive - brak wiązki światła","skaner na drive - brak wiązki światła ","inne","0.5"
"SD-166517","Generowanie kodów MFA","2025-07-07 20:15:04.707000+02:00","Usługa","PL-00714 Lodz Nowa Sukcesja","714","Lodz Nowa Sukcesja","Generowanie kodów MFA","generowanie kodów mfa","inne","0.5"
"SD-166516","MAP01 - zawieszony excel ","2025-07-07 20:10:53.816000+02:00","Incydent","PL-00200 Krakow 07 Szewska","200","Krakow 07 Szewska","MAP01 - zawieszony excel","map01 - zawieszony excel ","inne","0.5"
"SD-166515","IDMB FC - Brak synchronizacji ","2025-07-07 20:00:08.213000+02:00","Incydent","PL-00619 Gorzow Wielkopolski","619","Gorzow Wielkopolski","IDMB FC - Brak synchronizacji","idmb fc - brak synchronizacji ","inne","0.5"
"SD-166514","CSO34 - Czerwona M-ka","2025-07-07 19:54:56.073000+02:00","Incydent","PL-00291 MOP Witowice","291","MOP Witowice","CSO34 - Czerwona M-ka","cso34 - czerwona m-ka","POS/CSO/KVS - czerwona M","0.9"
"SD-166513","Prośba o restart komunikacji po awarii prądu ","2025-07-07 19:48:19.701000+02:00","Usługa","PL-00714 Lodz Nowa Sukcesja","714","Lodz Nowa Sukcesja","Prośba o restart komunikacji po awarii prądu","prośba o restart komunikacji po awarii prądu ","inne","0.5"
"SD-166510","drukarka HP nie drukuje ","2025-07-07 19:35:18.558000+02:00","Incydent","PL-00274 Gniezno","274","Gniezno","drukarka HP nie drukuje","drukarka hp nie drukuje ","inne","0.5"
"SD-166509","Korekta błędnie wbitych strat","2025-07-07 19:33:47.770000+02:00","Usługa","PL-00283 W-wa 43 AL.Jerozolimskie","283","W-wa 43 AL.Jerozolimskie","Korekta błędnie wbitych strat","korekta błędnie wbitych strat","inne","0.5"
"SD-166508","Drukarka OAT - nie drukuje ","2025-07-07 19:19:40.389000+02:00","Incydent","PL-00298 Konin 2","298","Konin 2","Drukarka OAT - nie drukuje","drukarka oat - nie drukuje ","inne","0.5"
"SD-166507","Plus na inwentaryzacji ","2025-07-07 19:18:44.172000+02:00","Usługa","PL-00429 MOP Parma A2 North","429","MOP Parma A2 North","Plus na inwentaryzacji","plus na inwentaryzacji ","inne","0.5"
"SD-166505","KVS19 - Wyświetlają się napoje ABS","2025-07-07 19:10:50.219000+02:00","Incydent","pl-00684","684","pl-00684","KVS19 - Wyświetlają się napoje ABS","kvs19 - wyświetlają się napoje abs","inne","0.5"
"SD-166504","Kiosk niedostępny. Błąd drukarki fiskalnej","2025-07-07 19:08:22.822000+02:00","Incydent","PL-00299 Puck","299","Puck","Kiosk niedostępny. Błąd drukarki fiskalnej","kiosk niedostępny. błąd drukarki fiskalnej","CSOxx – niedostępny","0.9"
"SD-166502","KVS11 - restartuje się ekran ","2025-07-07 19:02:04.847000+02:00","Incydent","PL-00089 Krakow 04 Fala","089","Krakow 04 Fala","KVS11 - restartuje się ekran","kvs11 - restartuje się ekran ","inne","0.5"
"SD-166501","Na delivery nabija się woda gazowana 0,25 zamiast 0,5","2025-07-07 18:55:04.927000+02:00","Incydent","PL-00264 Lodz 13 Manufaktura","264","Lodz 13 Manufaktura","Na delivery nabija się woda gazowana 0,25 zamiast 0,5","na delivery nabija się woda gazowana 0,25 zamiast 0,5","inne","0.5"
"SD-166500","KVS - Brak endpoint's","2025-07-07 18:52:47.601000+02:00","Incydent","PL-00142 Gdynia 03 Spoldzielnia","142","Gdynia 03 Spoldzielnia","KVS - Brak endpoint's","kvs - brak endpoint's","inne","0.5"
"SD-166498","Prośba o właczenie MOP","2025-07-07 18:45:52.827000+02:00","Usługa","PL-00098 W-wa 14 Modlinska","098","W-wa 14 Modlinska","Prośba o właczenie MOP","prośba o właczenie mop","inne","0.5"
"SD-166497","czarny ekran z białymi napisami ","2025-07-07 18:44:19.217000+02:00","Incydent","Daniel Inglot","Nieznany","Daniel Inglot","czarny ekran z białymi napisami","czarny ekran z białymi napisami ","inne","0.5"
"SD-166496","Generowanie kodów MFA","2025-07-07 18:42:19.476000+02:00","Usługa","PL-00467 Zary","467","Zary","Generowanie kodów MFA","generowanie kodów mfa","inne","0.5"
"SD-166494","Zamówienie nie przeszło do systemu ","2025-07-07 18:35:11.742000+02:00","Incydent","Szczecin Hakena PL-00680","680","Szczecin Hakena","Zamówienie nie przeszło do systemu","zamówienie nie przeszło do systemu ","inne","0.5"
"SD-166493","Nie aktywne konta pracowników młodocianych.","2025-07-07 18:34:51.530000+02:00","Incydent","PL-00358 Torun 4 Plaza","358","Torun 4 Plaza","Nie aktywne konta pracowników młodocianych.","nie aktywne konta pracowników młodocianych.","inne","0.5"
"SD-166492","Konfiguracja skanerów DT - Nie skanują","2025-07-07 18:32:36.277000+02:00","Incydent","Bialogard PL-00674","674","Bialogard","Konfiguracja skanerów DT - Nie skanują","konfiguracja skanerów dt - nie skanują","POS/CSO/DT - skaner nie działa","0.9"
"SD-166491","Invo","2025-07-07 18:31:23.592000+02:00","Incydent","PL-00495 MOP Gorzyczki A1 W","495","MOP Gorzyczki A1 W","Invo","invo","inne","0.5"
"SD-166490","POS01 - terminal - no responses message","2025-07-07 18:26:30.037000+02:00","Incydent","PL-00228 Kepno","228","Kepno","POS01 - terminal - no responses message","pos01 - terminal - no responses message","inne","0.5"
"SD-166489","Mystore - dzienne planowanie sprzedaży ","2025-07-07 18:18:16.354000+02:00","Incydent","PL-00228 Kepno","228","Kepno","Mystore - dzienne planowanie sprzedaży","mystore - dzienne planowanie sprzedaży ","inne","0.5"
"SD-166488","MOP - prośba o włączenie","2025-07-07 18:15:37.840000+02:00","Usługa","PL-00355 Rzeszow 5 Galeria Rzeszow","355","Rzeszow 5 Galeria Rzeszow","MOP - prośba o włączenie","mop - prośba o włączenie","MOP – Prośba o włączenie/wyłączenie","0.9"
"SD-166487","Table service - nie może połączyć lokalizatorów","2025-07-07 18:13:59.660000+02:00","Incydent","PL-00291 MOP Witowice","291","MOP Witowice","Table service - nie może połączyć lokalizatorów","table service - nie może połączyć lokalizatorów","inne","0.5"
"SD-166486","Głuchy telefon","2025-07-07 18:13:15.815000+02:00","Usługa","PL-00355 Rzeszow 5 Galeria Rzeszow","355","Rzeszow 5 Galeria Rzeszow","Głuchy telefon","głuchy telefon","inne","0.5"
"SD-166484","CSO28 - Czarny ekran","2025-07-07 18:04:11.833000+02:00","Incydent","PL-00467 Zary","467","Zary","CSO28 - Czarny ekran","cso28 - czarny ekran","inne","0.5"
"SD-166482","RHS01 - nie uruchomiony po awarii","2025-07-07 17:56:40.986000+02:00","Incydent","PL-00267 W-wa 38 Solidarnosci","267","W-wa 38 Solidarnosci","RHS01 - nie uruchomiony po awarii","rhs01 - nie uruchomiony po awarii","inne","0.5"
"SD-166480","Włączenie usługi MOP","2025-07-07 17:55:19.552000+02:00","Usługa","PL-00548 Opole Solaris","548","Opole Solaris","Włączenie usługi MOP","włączenie usługi mop","MOP – Prośba o włączenie/wyłączenie","0.9"
"SD-166479","Wyświetla się oferta której nie mamy","2025-07-07 17:54:47.495000+02:00","Incydent","PL-00570 Bialystok Branickiego","570","Bialystok Branickiego","Wyświetla się oferta której nie mamy","wyświetla się oferta której nie mamy","inne","0.5"
"SD-166478","GLOVO - błędna cena HM nabitego ręcznie na kasie (Delivery)","2025-07-07 17:54:41.964000+02:00","Incydent","PL-00185 Wroclaw 09 Bardzka","185","Wroclaw 09 Bardzka","GLOVO - błędna cena HM nabitego ręcznie na kasie (Delivery)","glovo - błędna cena hm nabitego ręcznie na kasie (delivery)","inne","0.5"
"SD-166477","MOP - Zablokowanie zamówień mobilnych ","2025-07-07 17:53:49.284000+02:00","Incydent","PL-00355 Rzeszow 5 Galeria Rzeszow","355","Rzeszow 5 Galeria Rzeszow","MOP - Zablokowanie zamówień mobilnych","mop - zablokowanie zamówień mobilnych ","MOP – Prośba o włączenie/wyłączenie","0.9"
"SD-166476","iDMB - brak synchronizacji ekranów ","2025-07-07 17:47:06.219000+02:00","Incydent","PL-00467 Zary","467","Zary","iDMB - brak synchronizacji ekranów","idmb - brak synchronizacji ekranów ","inne","0.5"
"SD-166474","MOP - nie drukują się zamówienia","2025-07-07 17:35:27.934000+02:00","Incydent","PL-00042 Bydgoszcz 2 Torpedo","042","Bydgoszcz 2 Torpedo","MOP - nie drukują się zamówienia","mop - nie drukują się zamówienia","MOP -  zamówienia nie drukują się/odrzuca zamówienia","0.9"
"SD-166473","Skanery DT - zmiana linii","2025-07-07 17:35:27.636000+02:00","Incydent","PL-00666 Radzymin","666","Radzymin","Skanery DT - zmiana linii","skanery dt - zmiana linii","POS/CSO/DT - skaner nie działa","0.9"
"SD-166472","PinPad zawiesza się na płatności.","2025-07-07 17:34:02.959000+02:00","Incydent","PL-00399 Jawornik","399","Jawornik","PinPad zawiesza się na płatności.","pinpad zawiesza się na płatności.","inne","0.5"
"SD-166471","Monitor z czasami mycia rąk - dwie osoby pod jednym nuerem","2025-07-07 17:30:19.140000+02:00","Incydent","PL-00498 W-wa 55 Galeria Północna","498","W-wa 55 Galeria Północna","Monitor z czasami mycia rąk - dwie osoby pod jednym nuerem","monitor z czasami mycia rąk - dwie osoby pod jednym nuerem","inne","0.5"
"SD-166470","KVS11 - drukarka OAT wolno drukuje","2025-07-07 17:28:25.808000+02:00","Incydent","PL-00238 Wroclaw 12 ECE","238","Wroclaw 12 ECE","KVS11 - drukarka OAT wolno drukuje","kvs11 - drukarka oat wolno drukuje","inne","0.5"
"SD-166469","ODMB - brak podsumowania zamówienia ","2025-07-07 17:26:18.253000+02:00","Incydent","PL-00070 Lodz 04 Lodka","070","Lodz 04 Lodka","ODMB - brak podsumowania zamówienia","odmb - brak podsumowania zamówienia ","inne","0.5"
"SD-166468","Newpos - Zamknięcie nie przeszło na kasie, z której był zamykany dzień","2025-07-07 17:25:38.842000+02:00","Usługa","Artur Cholewski","Nieznany","Artur Cholewski","Newpos - Zamknięcie nie przeszło na kasie, z której był zamykany dzień","newpos - zamknięcie nie przeszło na kasie, z której był zamykany dzień","Newpos – Zamknięcie nie przeszło na kasie, z której był zamykany dzień","0.9"
"SD-166467","MOP - Zablokować zamówienia","2025-07-07 17:24:38.771000+02:00","Incydent","PL-00548 Opole Solaris","548","Opole Solaris","MOP - Zablokować zamówienia","mop - zablokować zamówienia","MOP -  zamówienia nie drukują się/odrzuca zamówienia","0.9"
"SD-166466","Głuchy telefon","2025-07-07 17:22:27.790000+02:00","Usługa","PL-00548 Opole Solaris","548","Opole Solaris","Głuchy telefon","głuchy telefon","inne","0.5"
"SD-166465","Newpos - Zamknięcie nie przeszło na kasie, z której był zamykany dzień","2025-07-07 17:19:49.893000+02:00","Usługa","Artur Cholewski","Nieznany","Artur Cholewski","Newpos - Zamknięcie nie przeszło na kasie, z której był zamykany dzień","newpos - zamknięcie nie przeszło na kasie, z której był zamykany dzień","Newpos – Zamknięcie nie przeszło na kasie, z której był zamykany dzień","0.9"
"SD-166464","IDMB - brak synchronizacji ","2025-07-07 17:13:55.698000+02:00","Incydent","PL-00360 Poznan 13 Grunwaldzka","360","Poznan 13 Grunwaldzka","IDMB - brak synchronizacji","idmb - brak synchronizacji ","inne","0.5"
"SD-166463","Korekta błędnie wbitych strat","2025-07-07 17:12:57.113000+02:00","Usługa","PL-00417 Poznan 21 CH Posnania","417","Poznan 21 CH Posnania","Korekta błędnie wbitych strat","korekta błędnie wbitych strat","inne","0.5"
"SD-166462","IDMB FC - Brak synchronizacji ","2025-07-07 17:08:52.640000+02:00","Usługa","PL-00147 W-wa 22 Pulkowa","147","W-wa 22 Pulkowa","IDMB FC - Brak synchronizacji","idmb fc - brak synchronizacji ","inne","0.5"
"SD-166461","Zamówienia z Glovo nie wpadają do systemu ","2025-07-07 17:05:10.273000+02:00","Incydent","PL-00042 Bydgoszcz 2 Torpedo","042","Bydgoszcz 2 Torpedo","Zamówienia z Glovo nie wpadają do systemu","zamówienia z glovo nie wpadają do systemu ","inne","0.5"
"SD-166460","RE: [EXTERNAL] Re: ALERT&gt; McDonald's PL 61600683 [IDMB or DT DMB] System Assistance Required (Issue Summary)","2025-07-07 16:56:24.628000+02:00","Usługa","pl-asista","Asystent","Asystent systemowy","RE: [EXTERNAL] Re: ALERT&gt; McDonald's PL 61600683 [IDMB or DT DMB] System Assistance Required (Issue Summary)","re: [external] re: alert&gt; mcdonald's pl 61600683 [idmb or dt dmb] system assistance required (issue summary)","inne","0.5"
"SD-166459","MyStore - Brak możliwości zapisania odbić czasowych","2025-07-07 16:52:01.865000+02:00","Incydent","PL-00456 Lublin 05 Tarasy Zamkowe","456","Lublin 05 Tarasy Zamkowe","MyStore - Brak możliwości zapisania odbić czasowych","mystore - brak możliwości zapisania odbić czasowych","MyStore – Prośba o pomoc w edycji odbić czasowych","0.9"
"SD-166457","Newpos - brak numeru pracownika do zalogowania na kasie","2025-07-07 16:47:55.460000+02:00","Incydent","PL-00361 Gliwice 03 Forum","361","Gliwice 03 Forum","Newpos - brak numeru pracownika do zalogowania na kasie","newpos - brak numeru pracownika do zalogowania na kasie","Newpos – Zamknięcie nie przeszło na kasie, z której był zamykany dzień","0.9"
"SD-166455","Nie przychodzą zamówienia ","2025-07-07 16:41:45.248000+02:00","Incydent","PL-00185 Wroclaw 09 Bardzka","185","Wroclaw 09 Bardzka","Nie przychodzą zamówienia","nie przychodzą zamówienia ","inne","0.5"
"SD-166454","POS24 - nie pinguje","2025-07-07 16:38:02.158000+02:00","Incydent","PL-00273 Opole 3","273","Opole 3","POS24 - nie pinguje","pos24 - nie pinguje","inne","0.5"
"SD-166453","Menuboard FC1-3 - Brak synchronizacji pomiędzy ekranami","2025-07-07 16:37:22.835000+02:00","Incydent","PL-00648 Wola Korycka","648","Wola Korycka","Menuboard FC1-3 - Brak synchronizacji pomiędzy ekranami","menuboard fc1-3 - brak synchronizacji pomiędzy ekranami","inne","0.5"
"SD-166451","Oddzwoniono na spadek: POS03 - nie włączał się","2025-07-07 16:26:49.738000+02:00","Usługa","PL-00182 Wroclaw 08 Dlugoleka","182","Wroclaw 08 Dlugoleka","Oddzwoniono na spadek: POS03 - nie włączał się","oddzwoniono na spadek: pos03 - nie włączał się","inne","0.5"
"SD-166450","MyStore - Zużycie teoretyczne wlicza się na produkcie, którego restuaracja nie sprzedaje","2025-07-07 16:25:40.388000+02:00","Usługa","PL-00409 Lomianki CH Auchan","409","Lomianki CH Auchan","MyStore - Zużycie teoretyczne wlicza się na produkcie, którego restuaracja nie sprzedaje","mystore - zużycie teoretyczne wlicza się na produkcie, którego restuaracja nie sprzedaje","inne","0.5"
"SD-166449","pl-v.hrytsenko brak możliwości logowania się na koncie backoffice","2025-07-07 16:25:36.727000+02:00","Incydent","PL-00394 Wrzesnia","394","Wrzesnia","pl-v.hrytsenko brak możliwości logowania się na koncie backoffice","pl-v.hrytsenko brak możliwości logowania się na koncie backoffice","inne","0.5"
"SD-166448","Cascada","2025-07-07 16:25:32.304000+02:00","Usługa","PL-00495 MOP Gorzyczki A1 W","495","MOP Gorzyczki A1 W","Cascada","cascada","inne","0.5"
"SD-166447","MyStore - Prośba o pomoc w edycji odbić czasowych","2025-07-07 16:24:32.038000+02:00","Usługa","PL-00089 Krakow 04 Fala","089","Krakow 04 Fala","MyStore - Prośba o pomoc w edycji odbić czasowych","mystore - prośba o pomoc w edycji odbić czasowych","MyStore – Prośba o pomoc w edycji odbić czasowych","0.9"
"SD-166446","MOP - błędna cena Happy Meal","2025-07-07 16:20:38.661000+02:00","Incydent","PL-00534 Radzionkow","534","Radzionkow","MOP - błędna cena Happy Meal","mop - błędna cena happy meal","inne","0.5"
"SD-166445","Brak danych PMIX","2025-07-07 16:18:31.843000+02:00","Usługa","pl-asista","Asystent","Asystent systemowy","Brak danych PMIX","brak danych pmix","Mystore - brak danych w raporcie PMX","0.9"
"SD-166444","MOP - błędna cena Happy Meal","2025-07-07 16:15:06.082000+02:00","Incydent","PL-00114 Tarnowskie Gory 1","114","Tarnowskie Gory 1","MOP - błędna cena Happy Meal","mop - błędna cena happy meal","inne","0.5"
"SD-166443","Testo - Loggery nie działają","2025-07-07 16:13:11.608000+02:00","Incydent","PL-00415 Poznan 15 Avenida PKP","415","Poznan 15 Avenida PKP","Testo - Loggery nie działają","testo - loggery nie działają","inne","0.5"
"SD-166442","MyStore - Brak możliwości edycji odbić dla karty 59","2025-07-07 16:11:42.522000+02:00","Incydent","PL-00553 Kutno 02","553","Kutno 02","MyStore - Brak możliwości edycji odbić dla karty 59","mystore - brak możliwości edycji odbić dla karty 59","MyStore – Prośba o pomoc w edycji odbić czasowych","0.9"
"SD-166441","Spadek","2025-07-07 16:09:43.083000+02:00","Usługa","PL-00273 Opole 3","273","Opole 3","Spadek","spadek","inne","0.5"
"SD-166440","MFA - Prośba o wygenerowanie","2025-07-07 16:07:56.156000+02:00","Usługa","PL-00222 Plock 2","222","Plock 2","MFA - Prośba o wygenerowanie","mfa - prośba o wygenerowanie","inne","0.5"
"SD-166439","Konto imienne pytanie - komplikacje przy zmianie","2025-07-07 16:05:26.247000+02:00","Usługa","PL-00178 Rumia 1 Grunwaldzka","178","Rumia 1 Grunwaldzka","Konto imienne pytanie - komplikacje przy zmianie","konto imienne pytanie - komplikacje przy zmianie","inne","0.5"
"SD-166435","POS01 - problem z terminalem","2025-07-07 15:57:27.057000+02:00","Incydent","PL-00549 Zator","549","Zator","POS01 - problem z terminalem","pos01 - problem z terminalem","Terminal - nie działa","0.9"
"SD-166433","Drukarka OAT  - delivery nie drukuje ","2025-07-07 15:55:28.033000+02:00","Incydent","PL-00444 W-wa 49 Swietokrzyska","444","W-wa 49 Swietokrzyska","Drukarka OAT  - delivery nie drukuje","drukarka oat  - delivery nie drukuje ","inne","0.5"
"SD-166432","POS06 - zablokowane produkty","2025-07-07 15:48:24.912000+02:00","Incydent","PL-00358 Torun 4 Plaza","358","Torun 4 Plaza","POS06 - zablokowane produkty","pos06 - zablokowane produkty","inne","0.5"
"SD-166431","MFY - sama odpala się 1/2 strona kuchni ","2025-07-07 15:47:02.082000+02:00","Incydent","PL-00319 Krakow 15 Czyzyny","319","Krakow 15 Czyzyny","MFY - sama odpala się 1/2 strona kuchni","mfy - sama odpala się 1/2 strona kuchni ","inne","0.5"
"SD-166430","Monitory iDMB FC1-3 - Nie zsynchronizowany kontent","2025-07-07 15:33:12.539000+02:00","Incydent","PL-00447 Radom 5 Galeria Sloneczna","447","Radom 5 Galeria Sloneczna","Monitory iDMB FC1-3 - Nie zsynchronizowany kontent","monitory idmb fc1-3 - nie zsynchronizowany kontent","inne","0.5"
"SD-166428","Założenie tag mop","2025-07-07 15:32:08.192000+02:00","Usługa","PL-00098 W-wa 14 Modlinska","098","W-wa 14 Modlinska","Założenie tag mop","założenie tag mop","inne","0.5"
"SD-166426","Błąd wyświetlania się reklamy - brak kolejności. ","2025-07-07 15:24:03.057000+02:00","Incydent","pl-00707","707","pl-00707","Błąd wyświetlania się reklamy - brak kolejności.","błąd wyświetlania się reklamy - brak kolejności. ","inne","0.5"
"SD-166424","Cennik elektroniczny - problem po montażu ","2025-07-07 15:18:07.204000+02:00","Incydent","PL-00317 Katowice 6 Ulanska","317","Katowice 6 Ulanska","Cennik elektroniczny - problem po montażu","cennik elektroniczny - problem po montażu ","inne","0.5"
"SD-166423","GF MOD - Logowanie/MFA","2025-07-07 15:17:26.740000+02:00","Usługa","pl-asista","Asystent","Asystent systemowy","GF MOD - Logowanie/MFA","gf mod - logowanie/mfa","inne","0.5"
"SD-166422","iDMB - brak synchronizacji","2025-07-07 15:16:29.304000+02:00","Incydent","PL-00666 Radzymin","666","Radzymin","iDMB - brak synchronizacji","idmb - brak synchronizacji","inne","0.5"
"SD-166421","Telefon odnośnie drukarki MOP (prawdopodobnie do zabbixa) ","2025-07-07 15:15:00.885000+02:00","Incydent","PL-00556 Wieliczka","556","Wieliczka","Telefon odnośnie drukarki MOP (prawdopodobnie do zabbixa)","telefon odnośnie drukarki mop (prawdopodobnie do zabbixa) ","inne","0.5"
"SD-166420","iDMB - brak synchronizacji","2025-07-07 15:01:38.567000+02:00","Incydent","PL-00125 Wroclaw 06 Serek","125","Wroclaw 06 Serek","iDMB - brak synchronizacji","idmb - brak synchronizacji","inne","0.5"
"SD-166419","Konta GAM - p. młodociani- nieaktywne konta","2025-07-07 14:59:38.577000+02:00","Incydent","PL-00237 Torun 3","237","Torun 3","Konta GAM - p. młodociani- nieaktywne konta","konta gam - p. młodociani- nieaktywne konta","inne","0.5"
"SD-166418","pos07 - szuflada otwarta","2025-07-07 14:58:03.721000+02:00","Incydent","PL-00142 Gdynia 03 Spoldzielnia","142","Gdynia 03 Spoldzielnia","pos07 - szuflada otwarta","pos07 - szuflada otwarta","inne","0.5"
"SD-166415","kvs31 - nie działa","2025-07-07 14:49:25.880000+02:00","Incydent","PL-00587 Walcz","587","Walcz","kvs31 - nie działa","kvs31 - nie działa","inne","0.5"
"SD-166414","Menuboard FC3 - Czarny, nie wyświetla contentu","2025-07-07 14:47:59.031000+02:00","Incydent","PL-00326 Wroclaw 17 Zmigrodzka","326","Wroclaw 17 Zmigrodzka","Menuboard FC3 - Czarny, nie wyświetla contentu","menuboard fc3 - czarny, nie wyświetla contentu","inne","0.5"
"SD-166412","Nie działa monitor ","2025-07-07 14:46:12.957000+02:00","Incydent","PL-00051 Poznan 04 Franowo","051","Poznan 04 Franowo","Nie działa monitor","nie działa monitor ","inne","0.5"
"SD-166409","HWA01 - pod jednym numerem pokazuje dwóch pracowników","2025-07-07 14:44:05.365000+02:00","Incydent","PL-00361 Gliwice 03 Forum","361","Gliwice 03 Forum","HWA01 - pod jednym numerem pokazuje dwóch pracowników","hwa01 - pod jednym numerem pokazuje dwóch pracowników","inne","0.5"
"SD-166407","Brak synchronizacji","2025-07-07 14:40:34.526000+02:00","Incydent","PL-00617 Wejherowo","617","Wejherowo","Brak synchronizacji","brak synchronizacji","inne","0.5"
"SD-166406","Ekran wyświetla widok z drona Frytki.pl","2025-07-07 14:35:53.318000+02:00","Incydent","PL-00491 Tarnow 3","491","Tarnow 3","Ekran wyświetla widok z drona Frytki.pl","ekran wyświetla widok z drona frytki.pl","inne","0.5"
"SD-166405","na kasie nr 3 DT drukują się numery zamówienia w formie dodatkowego wydruku.","2025-07-07 14:32:55.888000+02:00","Incydent","PL-00115 Krakow 05 Pilotow","115","Krakow 05 Pilotow","na kasie nr 3 DT drukują się numery zamówienia w formie dodatkowego wydruku.","na kasie nr 3 dt drukują się numery zamówienia w formie dodatkowego wydruku.","inne","0.5"
"SD-166404","Korekta błędnie wbitych strat","2025-07-07 14:30:19.176000+02:00","Usługa","Strykow PL-00571","571","Strykow","Korekta błędnie wbitych strat","korekta błędnie wbitych strat","inne","0.5"
"SD-166403","Mystore - nie liczy zużycia frytek","2025-07-07 14:28:17.620000+02:00","Usługa","PL-00239 W-wa 35 Dzika","239","W-wa 35 Dzika","Mystore - nie liczy zużycia frytek","mystore - nie liczy zużycia frytek","inne","0.5"
"SD-166402","TR - wiodczne odbicia z wczoraj","2025-07-07 14:26:54.124000+02:00","Incydent","PL-00463 Rybnik 03 Rondo","463","Rybnik 03 Rondo","TR - wiodczne odbicia z wczoraj","tr - wiodczne odbicia z wczoraj","inne","0.5"
"SD-166401","Mystore - problem z uruchomieniem aplikacji ","2025-07-07 14:23:26.730000+02:00","Incydent","PL-00266 Krakow 13 Mogilany","266","Krakow 13 Mogilany","Mystore - problem z uruchomieniem aplikacji","mystore - problem z uruchomieniem aplikacji ","inne","0.5"
"SD-166399","ORB - ERR_Network_CHANGED","2025-07-07 14:18:58.755000+02:00","Incydent","PL-00077 W-wa 13 Pruszkow","077","W-wa 13 Pruszkow","ORB - ERR_Network_CHANGED","orb - err_network_changed","inne","0.5"
"SD-166398","RE: McDonald's PL Koszalin-61600339 Coates Support Case 00372020 Acknowledgment","2025-07-07 14:07:24.898000+02:00","Usługa","pl-asista","Asystent","Asystent systemowy","RE: McDonald's PL Koszalin-61600339 Coates Support Case 00372020 Acknowledgment","re: mcdonald's pl koszalin-61600339 coates support case 00372020 acknowledgment","inne","0.5"
"SD-166397","ACTION NEEDED : We are awaiting a response for Case :  00372019 for McDonald's PL 61600705","2025-07-07 14:05:29.733000+02:00","Usługa","pl-asista","Asystent","Asystent systemowy","ACTION NEEDED : We are awaiting a response for Case :  00372019 for McDonald's PL 61600705","action needed : we are awaiting a response for case :  00372019 for mcdonald's pl 61600705","inne","0.5"
"SD-166396","ACTION NEEDED : We are awaiting a response for Case :  00370829 for McDonald's PL Plock-61600188","2025-07-07 14:04:32.110000+02:00","Usługa","pl-asista","Asystent","Asystent systemowy","ACTION NEEDED : We are awaiting a response for Case :  00370829 for McDonald's PL Plock-61600188","action needed : we are awaiting a response for case :  00370829 for mcdonald's pl plock-61600188","inne","0.5"
"SD-166395","POS01 - no response message","2025-07-07 14:02:33.388000+02:00","Incydent","PL-00463 Rybnik 03 Rondo","463","Rybnik 03 Rondo","POS01 - no response message","pos01 - no response message","inne","0.5"
"SD-166393","pos01 - nie działa dyspenser monet","2025-07-07 13:56:01.122000+02:00","Incydent","PL-00588 MOP Morzecino Zachod","588","MOP Morzecino Zachod","pos01 - nie działa dyspenser monet","pos01 - nie działa dyspenser monet","POS/CSO/DT - skaner nie działa","0.9"
"SD-166392","SD-156753 - kontynuacja","2025-07-07 13:43:55.502000+02:00","Incydent","PL-00653 Czestochowa Południe Autohof","653","Czestochowa Południe Autohof","SD-156753 - kontynuacja","sd-156753 - kontynuacja","inne","0.5"
"SD-166388","Głuchy telefon","2025-07-07 13:39:45.655000+02:00","Usługa","PL-00350 MOP Wysoka S3","350","MOP Wysoka S3","Głuchy telefon","głuchy telefon","inne","0.5"
"SD-166387","POS01 - zacięty terminal","2025-07-07 13:38:34.699000+02:00","Incydent","PL-00622 Lukow","622","Lukow","POS01 - zacięty terminal","pos01 - zacięty terminal","inne","0.5"
"SD-166386","ODMB - double left jest zupełnie czarny","2025-07-07 13:37:39.368000+02:00","Incydent","PL-00119 Zgorzelec 1","119","Zgorzelec 1","ODMB - double left jest zupełnie czarny","odmb - double left jest zupełnie czarny","inne","0.5"
"SD-166384","MyStore - Zużycie frytek na błędnym WRIN","2025-07-07 13:33:26.174000+02:00","Incydent","PL-00608 Wyszkow","608","Wyszkow","MyStore - Zużycie frytek na błędnym WRIN","mystore - zużycie frytek na błędnym wrin","inne","0.5"
"SD-166383","mop - nie działa prawidłowo","2025-07-07 13:29:16.584000+02:00","Incydent","PL-00466 W-wa 50 Zachodnia","466","W-wa 50 Zachodnia","mop - nie działa prawidłowo","mop - nie działa prawidłowo","inne","0.5"
"SD-166382","Re: ALERT &gt; McDonald's PL 61600683 [IDMB or DT DMB] System Assistance Required (Issue Summary)","2025-07-07 13:28:24.535000+02:00","Usługa","MOP Wozniki PL-00683","683","MOP Wozniki","Re: ALERT &gt; McDonald's PL 61600683 [IDMB or DT DMB] System Assistance Required (Issue Summary)","re: alert &gt; mcdonald's pl 61600683 [idmb or dt dmb] system assistance required (issue summary)","inne","0.5"
"SD-166381","POS3 - nie pinguje","2025-07-07 13:27:03.228000+02:00","Incydent","PL-00332 Poznan 14 Baltycka","332","Poznan 14 Baltycka","POS3 - nie pinguje","pos3 - nie pinguje","inne","0.5"
"SD-166380","POS2 - zablokowane produkty","2025-07-07 13:22:01.075000+02:00","Incydent","PL-00044 Poznan 03 Hetmanska","044","Poznan 03 Hetmanska","POS2 - zablokowane produkty","pos2 - zablokowane produkty","inne","0.5"
"SD-166379","GF MOD - Logowanie/MFA","2025-07-07 13:09:24.993000+02:00","Usługa","Magda Synowska","Nieznany","Magda Synowska","GF MOD - Logowanie/MFA","gf mod - logowanie/mfa","inne","0.5"
"SD-166378","MS - brak produktów w raporcie pmx za poprzednie miesiące","2025-07-07 13:05:38.334000+02:00","Incydent","PL-00653 Czestochowa Południe Autohof","653","Czestochowa Południe Autohof","MS - brak produktów w raporcie pmx za poprzednie miesiące","ms - brak produktów w raporcie pmx za poprzednie miesiące","Mystore - brak danych w raporcie PMX","0.9"
"SD-166377","POS1 - krytyczny błąd DF","2025-07-07 12:56:30.966000+02:00","Incydent","PL-00229 Chojnice","229","Chojnice","POS1 - krytyczny błąd DF","pos1 - krytyczny błąd df","inne","0.5"
"SD-166376","CCTV - Brak widoku","2025-07-07 12:54:39.390000+02:00","Usługa","PL-00712 Mysliborz","712","Mysliborz","CCTV - Brak widoku","cctv - brak widoku","inne","0.5"
"SD-166375","EPR01 - Nie załadował się","2025-07-07 12:52:20.933000+02:00","Incydent","Bialogard PL-00674","674","Bialogard","EPR01 - Nie załadował się","epr01 - nie załadował się","inne","0.5"
"SD-166374","CSO27, CSO28 - nie uruchamiają się po awarii prądu","2025-07-07 12:51:50.255000+02:00","Incydent","PL-00479 MOP Machnacz A1 W","479","MOP Machnacz A1 W","CSO27, CSO28 - nie uruchamiają się po awarii prądu","cso27, cso28 - nie uruchamiają się po awarii prądu","inne","0.5"
"SD-166373","Asista - brak konta","2025-07-07 12:50:21.051000+02:00","Incydent","pl-asista","Asystent","Asystent systemowy","Asista - brak konta","asista - brak konta","inne","0.5"
"SD-166372","Mystore - brak czasów szybkości obsługi po 11","2025-07-07 12:46:14.134000+02:00","Incydent","PL-00479 MOP Machnacz A1 W","479","MOP Machnacz A1 W","Mystore - brak czasów szybkości obsługi po 11","mystore - brak czasów szybkości obsługi po 11","MyStore – brak czasów szybkości obsługi","0.9"
"SD-166371","Laptop personalnej - Brak możliwości połączenia się z drukarką","2025-07-07 12:42:16.070000+02:00","Incydent","PL-00646 Tuchola","646","Tuchola","Laptop personalnej - Brak możliwości połączenia się z drukarką","laptop personalnej - brak możliwości połączenia się z drukarką","inne","0.5"
"SD-166369","POS24 - Nie drukuje się numer zamówienia ","2025-07-07 12:37:05.739000+02:00","Incydent","PL-00507 Wrocław 21 CH Wroclavia","507","Wrocław 21 CH Wroclavia","POS24 - Nie drukuje się numer zamówienia","pos24 - nie drukuje się numer zamówienia ","inne","0.5"
"SD-166367","POS03 - Adaptor not started ","2025-07-07 12:31:50.357000+02:00","Incydent","PL-00350 MOP Wysoka S3","350","MOP Wysoka S3","POS03 - Adaptor not started","pos03 - adaptor not started ","inne","0.5"
"SD-166365","Oferta śniadaniowa na jednym z iDMB","2025-07-07 12:24:03.100000+02:00","Incydent","Kamil Kiec","Nieznany","Kamil Kiec","Oferta śniadaniowa na jednym z iDMB","oferta śniadaniowa na jednym z idmb","inne","0.5"
"SD-166364","MFA - Wygenerowanie nowych kodów","2025-07-07 12:20:26.270000+02:00","Usługa","Emilia Sudoł","Nieznany","Emilia Sudoł","MFA - Wygenerowanie nowych kodów","mfa - wygenerowanie nowych kodów","inne","0.5"
"SD-166363","Brak obrazu","2025-07-07 12:18:30.379000+02:00","Incydent","Kamil Kiec","Nieznany","Kamil Kiec","Brak obrazu","brak obrazu","inne","0.5"
"SD-166362","MFY 2 - uszkodzenie monitora","2025-07-07 12:12:30.288000+02:00","Incydent","PL-00094 Legnica 1","094","Legnica 1","MFY 2 - uszkodzenie monitora","mfy 2 - uszkodzenie monitora","inne","0.5"
"SD-166357","POS7 - zablokowana oferta deserowa","2025-07-07 12:00:48.907000+02:00","Incydent","PL-00178 Rumia 1 Grunwaldzka","178","Rumia 1 Grunwaldzka","POS7 - zablokowana oferta deserowa","pos7 - zablokowana oferta deserowa","inne","0.5"
"SD-166356","CSO29 - uszkodzona drukarka fiskalna","2025-07-07 11:59:01.931000+02:00","Incydent","PL-00582 MOP Kochlice Wschód","582","MOP Kochlice Wschód","CSO29 - uszkodzona drukarka fiskalna","cso29 - uszkodzona drukarka fiskalna","inne","0.5"
"SD-166355","Wyse .13 nie uruchamia się","2025-07-07 11:56:46.296000+02:00","Incydent","PL-00255 Jarocin","255","Jarocin","Wyse .13 nie uruchamia się","wyse .13 nie uruchamia się","inne","0.5"
"SD-166354","oDMB - Czarne ekrany ","2025-07-07 11:54:20.567000+02:00","Incydent","PL-00124 Gliwice 2 Obrum","124","Gliwice 2 Obrum","oDMB - Czarne ekrany","odmb - czarne ekrany ","inne","0.5"
"SD-166353","ALERT &gt; McDonald's PL Stargard-61600500 [IDMB or DT DMB] System Assistance Required (Issue Summary)","2025-07-07 11:47:58.600000+02:00","Usługa","PL-00500 Stargard","500","Stargard","ALERT &gt; McDonald's PL Stargard-61600500 [IDMB or DT DMB] System Assistance Required (Issue Summary)","alert &gt; mcdonald's pl stargard-61600500 [idmb or dt dmb] system assistance required (issue summary)","inne","0.5"
"SD-166352","POS24 - df nie pinguje","2025-07-07 11:47:52.724000+02:00","Incydent","PL-00479 MOP Machnacz A1 W","479","MOP Machnacz A1 W","POS24 - df nie pinguje","pos24 - df nie pinguje","inne","0.5"
"SD-166350","Mystore - brak widocznej dostawy","2025-07-07 11:44:38.931000+02:00","Incydent","PL-00490 ROKIETNICA S11 W","490","ROKIETNICA S11 W","Mystore - brak widocznej dostawy","mystore - brak widocznej dostawy","inne","0.5"
"SD-166349","MyStore - brak zużycia na półproduktach","2025-07-07 11:42:55.071000+02:00","Incydent","PL-00608 Wyszkow","608","Wyszkow","MyStore - brak zużycia na półproduktach","mystore - brak zużycia na półproduktach","Mystore - brak zużycia","0.9"
"SD-166348","RHS01 - godzina do przodu","2025-07-07 11:39:31.970000+02:00","Incydent","PL-00479 MOP Machnacz A1 W","479","MOP Machnacz A1 W","RHS01 - godzina do przodu","rhs01 - godzina do przodu","inne","0.5"
"SD-166347","ABS - Nie nalewa napoi","2025-07-07 11:38:17.551000+02:00","Incydent","pl-00684","684","pl-00684","ABS - Nie nalewa napoi","abs - nie nalewa napoi","inne","0.5"
"SD-166346","MyStore - problem z TR, brak możliwośći zapisania odbić czasowych","2025-07-07 11:36:31.391000+02:00","Incydent","Chodziez Chodziez","Nieznany","Chodziez Chodziez","MyStore - problem z TR, brak możliwośći zapisania odbić czasowych","mystore - problem z tr, brak możliwośći zapisania odbić czasowych","MyStore – Prośba o pomoc w edycji odbić czasowych","0.9"
"SD-166345","KVSy - nie liczą czasu szybkości obsługi","2025-07-07 11:34:51.316000+02:00","Incydent","PL-00304 Ostrowiec Swietokrzyski","304","Ostrowiec Swietokrzyski","KVSy - nie liczą czasu szybkości obsługi","kvsy - nie liczą czasu szybkości obsługi","inne","0.5"
"SD-166344","CFS linia 1 - Obydwa cfs pokazują linie 2 ","2025-07-07 11:33:00.761000+02:00","Incydent","PL-00643 Bytow","643","Bytow","CFS linia 1 - Obydwa cfs pokazują linie 2","cfs linia 1 - obydwa cfs pokazują linie 2 ","inne","0.5"
"SD-166343","Kontynuacja zgłoszenia SD-166222 - iDMB MCC uruchamiają się z opóźnieniem","2025-07-07 11:28:35.137000+02:00","Incydent","PL-00270 MOP Goleniow","270","MOP Goleniow","Kontynuacja zgłoszenia SD-166222 - iDMB MCC uruchamiają się z opóźnieniem","kontynuacja zgłoszenia sd-166222 - idmb mcc uruchamiają się z opóźnieniem","inne","0.5"
"SD-166342","Autorelease - nie wpada automatycznie","2025-07-07 11:23:16.533000+02:00","Incydent","PL-00240 Tczew","240","Tczew","Autorelease - nie wpada automatycznie","autorelease - nie wpada automatycznie","Autorelease – nie wpada automatycznie","0.9"
"SD-166341","MOP - można zamówić zamówienie mobilne po zamknięciu rest","2025-07-07 11:21:12.511000+02:00","Incydent","PL-00261 Katowice 5","261","Katowice 5","MOP - można zamówić zamówienie mobilne po zamknięciu rest","mop - można zamówić zamówienie mobilne po zamknięciu rest","MOP -  zamówienia nie drukują się/odrzuca zamówienia","0.9"
"SD-166340","Na wyświetlaczu błędna informacja, wyświetlają się znaki """"?"""" zamiast tekstu","2025-07-07 11:21:03.787000+02:00","Incydent","PL-00016 Torun 1","016","Torun 1","Na wyświetlaczu błędna informacja, wyświetlają się znaki """"?"""" zamiast tekstu","na wyświetlaczu błędna informacja, wyświetlają się znaki """"?"""" zamiast tekstu","inne","0.5"
"SD-166338","problem z odblokowaniem produktu","2025-07-07 11:05:13.354000+02:00","Incydent","PL-00642 Swiebodzin","642","Swiebodzin","problem z odblokowaniem produktu","problem z odblokowaniem produktu","inne","0.5"
"SD-166337","KVS41 - ERR_NETWORK_CHANGED(-21)","2025-07-07 11:04:25.938000+02:00","Incydent","PL-00444 W-wa 49 Swietokrzyska","444","W-wa 49 Swietokrzyska","KVS41 - ERR_NETWORK_CHANGED(-21)","kvs41 - err_network_changed(-21)","inne","0.5"
"SD-166336","mop - oferta śniadaniowa za punkty podczas lunchy","2025-07-07 10:59:44.389000+02:00","Incydent","PL-00084 Zielona Gora 1","084","Zielona Gora 1","mop - oferta śniadaniowa za punkty podczas lunchy","mop - oferta śniadaniowa za punkty podczas lunchy","inne","0.5"
"SD-166335","wyświetla brak shake z kawa","2025-07-07 10:59:29.435000+02:00","Incydent","PL-00266 Krakow 13 Mogilany","266","Krakow 13 Mogilany","wyświetla brak shake z kawa","wyświetla brak shake z kawa","inne","0.5"
"SD-166334","Pytanie o odblokowane tosty na aplikacji ","2025-07-07 10:59:06.850000+02:00","Usługa","PL-00557 Lowicz","557","Lowicz","Pytanie o odblokowane tosty na aplikacji","pytanie o odblokowane tosty na aplikacji ","inne","0.5"
"SD-166333","wyświetla się informacja o braku kawy z shakiem","2025-07-07 10:58:42.922000+02:00","Incydent","PL-00266 Krakow 13 Mogilany","266","Krakow 13 Mogilany","wyświetla się informacja o braku kawy z shakiem","wyświetla się informacja o braku kawy z shakiem","inne","0.5"
"SD-166331","OfficePC - Prośba o odzyskanie usuniętych plików ","2025-07-07 10:48:47.041000+02:00","Usługa","PL-00391 Katowice 09 Rolna","391","Katowice 09 Rolna","OfficePC - Prośba o odzyskanie usuniętych plików","officepc - prośba o odzyskanie usuniętych plików ","inne","0.5"
"SD-166330","mystore - godziny z dnia wczorajszego w raporcie szybkości obsługi","2025-07-07 10:41:35.825000+02:00","Incydent","PL-00261 Katowice 5","261","Katowice 5","mystore - godziny z dnia wczorajszego w raporcie szybkości obsługi","mystore - godziny z dnia wczorajszego w raporcie szybkości obsługi","MyStore – brak czasów szybkości obsługi","0.9"
"SD-166329","POS03 - time blocked","2025-07-07 10:40:14.586000+02:00","Incydent","PL-00379 Nieporet","379","Nieporet","POS03 - time blocked","pos03 - time blocked","inne","0.5"
"SD-166327","ALERT &gt; McDonald's PL 61600683 [IDMB or DT DMB] System Assistance Required (Issue Summary)","2025-07-07 10:35:09.684000+02:00","Usługa","MOP Wozniki PL-00683","683","MOP Wozniki","ALERT &gt; McDonald's PL 61600683 [IDMB or DT DMB] System Assistance Required (Issue Summary)","alert &gt; mcdonald's pl 61600683 [idmb or dt dmb] system assistance required (issue summary)","inne","0.5"
"SD-166326","wyse - problem z logowaniem","2025-07-07 10:31:31.447000+02:00","Incydent","PL-00087 Wroclaw 04 Bielany","087","Wroclaw 04 Bielany","wyse - problem z logowaniem","wyse - problem z logowaniem","inne","0.5"
"SD-166325","POS01 - klikanie w miejscu usuń zamówienie mimo że nikt nie dotyka kasy","2025-07-07 10:29:06.298000+02:00","Incydent","PL-00131 W-wa 25 Bazar","131","W-wa 25 Bazar","POS01 - klikanie w miejscu usuń zamówienie mimo że nikt nie dotyka kasy","pos01 - klikanie w miejscu usuń zamówienie mimo że nikt nie dotyka kasy","inne","0.5"
"SD-166323","RE: Awaria/niedostępność usługi: 892936, ul. Elizy Orzeszkowej 126/11, 97-200 Tomaszów Mazowiecki | INC000013909260 |","2025-07-07 10:27:51.812000+02:00","Usługa","pl-asista","Asystent","Asystent systemowy","RE: Awaria/niedostępność usługi: 892936, ul. Elizy Orzeszkowej 126/11, 97-200 Tomaszów Mazowiecki | INC000013909260 |","re: awaria/niedostępność usługi: 892936, ul. elizy orzeszkowej 126/11, 97-200 tomaszów mazowiecki | inc000013909260 |","inne","0.5"
"SD-166322","dt dashboard - aktualizuje się","2025-07-07 10:20:19.059000+02:00","Incydent","PL-00635 Prudnik","635","Prudnik","dt dashboard - aktualizuje się","dt dashboard - aktualizuje się","inne","0.5"
"SD-166321","IDMB - jeden z ekranów(FC_1) - brak synchronizacji","2025-07-07 10:17:31.869000+02:00","Incydent","PL-00512 W-Wa 57 Glebocka 3","512","W-Wa 57 Glebocka 3","IDMB - jeden z ekranów(FC_1) - brak synchronizacji","idmb - jeden z ekranów(fc_1) - brak synchronizacji","inne","0.5"
"SD-166319","Drukarka biurowa - drukuje rozmazane wydruki","2025-07-07 10:17:05.038000+02:00","Incydent","PL-00203 Gdansk 06 Staw","203","Gdansk 06 Staw","Drukarka biurowa - drukuje rozmazane wydruki","drukarka biurowa - drukuje rozmazane wydruki","inne","0.5"
"SD-166317","HWA01 - pokazuje niebieski ekran","2025-07-07 10:13:02.214000+02:00","Incydent","PL-00425 Poznan 17 Marcelin","425","Poznan 17 Marcelin","HWA01 - pokazuje niebieski ekran","hwa01 - pokazuje niebieski ekran","inne","0.5"
"SD-166316","W programie asista moje konto przypisane jest do restauracji 346 a  powinno być przypisane do 366 ","2025-07-07 10:12:42.333000+02:00","Incydent","Kinga Krasnowska","Nieznany","Kinga Krasnowska","W programie asista moje konto przypisane jest do restauracji 346 a  powinno być przypisane do 366","w programie asista moje konto przypisane jest do restauracji 346 a  powinno być przypisane do 366 ","inne","0.5"
"SD-166315","iDMB FC - jeden ekran pokazuje czarny obraz","2025-07-07 10:12:20.113000+02:00","Incydent","PL-00598 Opole Obwodnica","598","Opole Obwodnica","iDMB FC - jeden ekran pokazuje czarny obraz","idmb fc - jeden ekran pokazuje czarny obraz","inne","0.5"
"SD-166314","Wygenerowanie kodów MFA","2025-07-07 10:07:43.072000+02:00","Usługa","PL-00016 Torun 1","016","Torun 1","Wygenerowanie kodów MFA","wygenerowanie kodów mfa","inne","0.5"
"SD-166312","iDMB - błędne ceny","2025-07-07 09:59:27.439000+02:00","Incydent","PL-00008 Czestochowa 1","008","Czestochowa 1","iDMB - błędne ceny","idmb - błędne ceny","inne","0.5"
"SD-166311","Korekta błędnie wbitych strat","2025-07-07 09:58:51.544000+02:00","Usługa","PL-00458 Airport - Landside","458","Airport - Landside","Korekta błędnie wbitych strat","korekta błędnie wbitych strat","inne","0.5"
"SD-166309","zacinajace sie paragony","2025-07-07 09:54:47.964000+02:00","Incydent","magdalena sochacka","Nieznany","magdalena sochacka","zacinajace sie paragony","zacinajace sie paragony","inne","0.5"
"SD-166308","HWA01 - Nie działa","2025-07-07 09:53:03.307000+02:00","Incydent","PL-00469 Bydgoszcz 06 ECE","469","Bydgoszcz 06 ECE","HWA01 - Nie działa","hwa01 - nie działa","inne","0.5"
"SD-166306","Zamówienia z DT nie są przesyłane do urządzenia ABS","2025-07-07 09:52:19.068000+02:00","Incydent","PL-00332 Poznan 14 Baltycka","332","Poznan 14 Baltycka","Zamówienia z DT nie są przesyłane do urządzenia ABS","zamówienia z dt nie są przesyłane do urządzenia abs","inne","0.5"
"SD-166305","eproduction nie pokazuje sprzedazy","2025-07-07 09:51:41.400000+02:00","Incydent","PL-00266 Krakow 13 Mogilany","266","Krakow 13 Mogilany","eproduction nie pokazuje sprzedazy","eproduction nie pokazuje sprzedazy","inne","0.5"
"SD-166304","MFA - Prośba o wygenerowanie","2025-07-07 09:47:28.010000+02:00","Usługa","PL-00456 Lublin 05 Tarasy Zamkowe","456","Lublin 05 Tarasy Zamkowe","MFA - Prośba o wygenerowanie","mfa - prośba o wygenerowanie","inne","0.5"
"SD-166303","częste odrzucanie blików, brak zwrotu pieniędzy na konto","2025-07-07 09:45:42.951000+02:00","Incydent","PL-00365 Zywiec","365","Zywiec","częste odrzucanie blików, brak zwrotu pieniędzy na konto","częste odrzucanie blików, brak zwrotu pieniędzy na konto","inne","0.5"
"SD-166302","Korekta błędnie wbitych strat","2025-07-07 09:42:20.755000+02:00","Usługa","PL-00640 Słupsk 2 Boh. Westerplatte","640","Słupsk 2 Boh. Westerplatte","Korekta błędnie wbitych strat","korekta błędnie wbitych strat","inne","0.5"
"SD-166301","Linia DT 1 - Skaner nie działa ","2025-07-07 09:32:42.645000+02:00","Incydent","PL-00272 Malbork","272","Malbork","Linia DT 1 - Skaner nie działa","linia dt 1 - skaner nie działa ","POS/CSO/DT - skaner nie działa","0.9"
"SD-166300","problem z zalogowaniem kiosku","2025-07-07 09:27:55.682000+02:00","Incydent","PL-00242 Krakow 08 Metro","242","Krakow 08 Metro","problem z zalogowaniem kiosku","problem z zalogowaniem kiosku","inne","0.5"
"SD-166299","bos01 - the logon attempt failed","2025-07-07 09:21:33.642000+02:00","Incydent","PL-00544 MOP Dabrowa Gornicza S1 W","544","MOP Dabrowa Gornicza S1 W","bos01 - the logon attempt failed","bos01 - the logon attempt failed","inne","0.5"
"SD-166298","COD - Kamera l1 nie działa","2025-07-07 09:20:41.407000+02:00","Incydent","PL-00608 Wyszkow","608","Wyszkow","COD - Kamera l1 nie działa","cod - kamera l1 nie działa","inne","0.5"
"SD-166297","Kasa nie włącza się ","2025-07-07 09:18:07.805000+02:00","Incydent","PL-00439 Oswiecim","439","Oswiecim","Kasa nie włącza się","kasa nie włącza się ","inne","0.5"
"SD-166296","MyStore - Brak zużycia na półproduktach za 05.07 i 06.07","2025-07-07 09:17:27.645000+02:00","Incydent","PL-00523 Stary Sacz","523","Stary Sacz","MyStore - Brak zużycia na półproduktach za 05.07 i 06.07","mystore - brak zużycia na półproduktach za 05.07 i 06.07","Mystore - brak zużycia","0.9"
"SD-166295","monitor z aplikacja do myciabrak orzestak działać ","2025-07-07 09:15:08.916000+02:00","Incydent","PL-00667 Lidzbark Warminski","667","Lidzbark Warminski","monitor z aplikacja do myciabrak orzestak działać","monitor z aplikacja do myciabrak orzestak działać ","inne","0.5"
"SD-166293","odmb - brak podsumowania zamówień","2025-07-07 09:05:58.557000+02:00","Incydent","PL-00595 Znin","595","Znin","odmb - brak podsumowania zamówień","odmb - brak podsumowania zamówień","inne","0.5"
"SD-166292","CSO - Brak możliwości nabicia produktu McShaker","2025-07-07 09:02:22.146000+02:00","Incydent","PL-00266 Krakow 13 Mogilany","266","Krakow 13 Mogilany","CSO - Brak możliwości nabicia produktu McShaker","cso - brak możliwości nabicia produktu mcshaker","inne","0.5"
"SD-166291","COD - Skaner nie działa","2025-07-07 09:01:10.894000+02:00","Incydent","PL-00251 Olsztyn 2","251","Olsztyn 2","COD - Skaner nie działa","cod - skaner nie działa","POS/CSO/DT - skaner nie działa","0.9"
"SD-166290","kvs09 - brak dotyku","2025-07-07 08:58:49.020000+02:00","Incydent","PL-00557 Lowicz","557","Lowicz","kvs09 - brak dotyku","kvs09 - brak dotyku","inne","0.5"
"SD-166289","CSO - Brak możliwości nabicia McShaker","2025-07-07 08:56:43.878000+02:00","Incydent","PL-00558 W-wa Warsaw Hub","558","W-wa Warsaw Hub","CSO - Brak możliwości nabicia McShaker","cso - brak możliwości nabicia mcshaker","inne","0.5"
"SD-166288","Korekta błędnie wbitych strat","2025-07-07 08:56:35.381000+02:00","Usługa","PL-00103 Wroclaw 05 Targi","103","Wroclaw 05 Targi","Korekta błędnie wbitych strat","korekta błędnie wbitych strat","inne","0.5"
"SD-166287","pos03 - opóźnione działanie","2025-07-07 08:50:01.061000+02:00","Incydent","PL-00493 Lebork","493","Lebork","pos03 - opóźnione działanie","pos03 - opóźnione działanie","POS/CSO/DT - skaner nie działa","0.9"
"SD-166286","cashcollector - nie domyka się","2025-07-07 08:47:16.138000+02:00","Incydent","PL-00444 W-wa 49 Swietokrzyska","444","W-wa 49 Swietokrzyska","cashcollector - nie domyka się","cashcollector - nie domyka się","inne","0.5"
"SD-166285","MFA - Prośba o restart tokenu","2025-07-07 08:45:05.830000+02:00","Usługa","PL-00234 Olkusz","234","Olkusz","MFA - Prośba o restart tokenu","mfa - prośba o restart tokenu","inne","0.5"
"SD-166284","CSO - brak video z nowej promocji","2025-07-07 08:42:33.253000+02:00","Incydent","PL-00271 Siedlce","271","Siedlce","CSO - brak video z nowej promocji","cso - brak video z nowej promocji","inne","0.5"
"SD-166283","MyStore - Brak możliwości wpisania projekcji ","2025-07-07 08:35:45.392000+02:00","Incydent","PL-00261 Katowice 5","261","Katowice 5","MyStore - Brak możliwości wpisania projekcji","mystore - brak możliwości wpisania projekcji ","inne","0.5"
"SD-166282","iDMB - Wyświetla się frytka TV","2025-07-07 08:33:47.303000+02:00","Usługa","PL-00491 Tarnow 3","491","Tarnow 3","iDMB - Wyświetla się frytka TV","idmb - wyświetla się frytka tv","inne","0.5"
"SD-166281","cso26 - problem z drukarka","2025-07-07 08:33:31.091000+02:00","Incydent","PL-00444 W-wa 49 Swietokrzyska","444","W-wa 49 Swietokrzyska","cso26 - problem z drukarka","cso26 - problem z drukarka","inne","0.5"
"SD-166280","MyStore - Brak zużycia na frytkach","2025-07-07 08:32:08.621000+02:00","Incydent","PL-00508 Kalisz 3","508","Kalisz 3","MyStore - Brak zużycia na frytkach","mystore - brak zużycia na frytkach","Mystore - brak zużycia","0.9"
"SD-166279","oDMB - Brak podsumowania zamówień","2025-07-07 08:29:48.194000+02:00","Incydent","pl-00702","702","pl-00702","oDMB - Brak podsumowania zamówień","odmb - brak podsumowania zamówień","inne","0.5"
"SD-166278","RE: McDonald's PL Goleniow-61600270 Coates Support Case 00372096 Acknowledgment","2025-07-07 08:23:52.729000+02:00","Usługa","pl-asista","Asystent","Asystent systemowy","RE: McDonald's PL Goleniow-61600270 Coates Support Case 00372096 Acknowledgment","re: mcdonald's pl goleniow-61600270 coates support case 00372096 acknowledgment","inne","0.5"
"SD-166277","oDMB - Czarne ekrany ","2025-07-07 08:20:04.703000+02:00","Usługa","PL-00577 Leszno S5","577","Leszno S5","oDMB - Czarne ekrany","odmb - czarne ekrany ","inne","0.5"
"SD-166276","Na kiosku 28 nie działa dotyk","2025-07-07 08:19:31.285000+02:00","Incydent","PL-00059 W-wa 09 Polczynska","059","W-wa 09 Polczynska","Na kiosku 28 nie działa dotyk","na kiosku 28 nie działa dotyk","inne","0.5"
"SD-166275","Pytanie o korektę strat","2025-07-07 08:19:22.045000+02:00","Usługa","PL-00103 Wroclaw 05 Targi","103","Wroclaw 05 Targi","Pytanie o korektę strat","pytanie o korektę strat","inne","0.5"
"SD-166274","iDMB mccafe - brak obrazu","2025-07-07 08:19:04.717000+02:00","Incydent","PL-00568 Pultusk","568","Pultusk","iDMB mccafe - brak obrazu","idmb mccafe - brak obrazu","inne","0.5"
"SD-166271","DT - Brak dźwięku w słuchawkach","2025-07-07 08:13:44.047000+02:00","Usługa","PL-00413 MOP Klaj A4 North","413","MOP Klaj A4 North","DT - Brak dźwięku w słuchawkach","dt - brak dźwięku w słuchawkach","inne","0.5"
"SD-166269","skaner nie działa","2025-07-07 08:00:54.137000+02:00","Incydent","PL-00460 Radom 06 Rondo Kozienieckie","460","Radom 06 Rondo Kozienieckie","skaner nie działa","skaner nie działa","POS/CSO/DT - skaner nie działa","0.9"
"SD-166268","orb01 - nie pokazuje obrazu","2025-07-07 07:59:27.545000+02:00","Incydent","PL-00234 Olkusz","234","Olkusz","orb01 - nie pokazuje obrazu","orb01 - nie pokazuje obrazu","inne","0.5"
"SD-166267","POS19 - Nie pinguje","2025-07-07 07:59:26.668000+02:00","Incydent","PL-00439 Oswiecim","439","Oswiecim","POS19 - Nie pinguje","pos19 - nie pinguje","inne","0.5"
"SD-166262","Mystore - brak możliwości dodania tostów do projekcji","2025-07-07 07:55:37.566000+02:00","Incydent","pl-00634","634","pl-00634","Mystore - brak możliwości dodania tostów do projekcji","mystore - brak możliwości dodania tostów do projekcji","inne","0.5"
"SD-166261","kvs08 - nie uruchomił sie","2025-07-07 07:55:15.734000+02:00","Incydent","PL-00071 Lodz 03 Piotrkowska","071","Lodz 03 Piotrkowska","kvs08 - nie uruchomił sie","kvs08 - nie uruchomił sie","inne","0.5"
"SD-166259","pin pad  nie działa a na wyświetlaczu komunikat z załącznika ","2025-07-07 07:48:14.982000+02:00","Incydent","Anna Domagała","Nieznany","Anna Domagała","pin pad  nie działa a na wyświetlaczu komunikat z załącznika","pin pad  nie działa a na wyświetlaczu komunikat z załącznika ","inne","0.5"
"SD-166258","Tel. do zgłoszenia SD-166217","2025-07-07 07:47:33.583000+02:00","Incydent","PL-00266 Krakow 13 Mogilany","266","Krakow 13 Mogilany","Tel. do zgłoszenia SD-166217","tel. do zgłoszenia sd-166217","inne","0.5"
"SD-166249","Głuchy telefon","2025-07-07 07:24:45.051000+02:00","Usługa","PL-00099 Lubin 1","099","Lubin 1","Głuchy telefon","głuchy telefon","inne","0.5"
"SD-166248","Monitor do frytek","2025-07-07 07:18:11.161000+02:00","Incydent","PL-00639 Olsztyn Sikorskiego","639","Olsztyn Sikorskiego","Monitor do frytek","monitor do frytek","inne","0.5"
"SD-166247","CFS - Nie działa","2025-07-07 07:16:41.976000+02:00","Incydent","PL-00568 Pultusk","568","Pultusk","CFS - Nie działa","cfs - nie działa","inne","0.5"
"SD-166246","POS03 - problem z pinpadem","2025-07-07 07:15:49.768000+02:00","Incydent","PL-00222 Plock 2","222","Plock 2","POS03 - problem z pinpadem","pos03 - problem z pinpadem","Terminal - nie działa","0.9"
"SD-166244","Wpiszcie proszę sprzedaż za 6-go","2025-07-07 07:10:52.131000+02:00","Usługa","Slawomir Malewicz","Nieznany","Slawomir Malewicz","Wpiszcie proszę sprzedaż za 6-go","wpiszcie proszę sprzedaż za 6-go","inne","0.5"
"SD-166243","pos02 - time blocked","2025-07-07 07:09:22.509000+02:00","Incydent","PL-00547 Bielsk Podlaski","547","Bielsk Podlaski","pos02 - time blocked","pos02 - time blocked","inne","0.5"
"SD-166242","Prośba o odblokowanie zamówień MOP","2025-07-07 07:07:08.943000+02:00","Usługa","PL-00455 Grodzisk Wielkopolski","455","Grodzisk Wielkopolski","Prośba o odblokowanie zamówień MOP","prośba o odblokowanie zamówień mop","MOP – Prośba o włączenie/wyłączenie","0.9"
"SD-166241","McDonald's PL Goleniow-61600270 Coates Support Case 00372096 Acknowledgment","2025-07-07 07:06:51.263000+02:00","Usługa","pl-asista","Asystent","Asystent systemowy","McDonald's PL Goleniow-61600270 Coates Support Case 00372096 Acknowledgment","mcdonald's pl goleniow-61600270 coates support case 00372096 acknowledgment","inne","0.5"
"SD-166240","cso25 - bluescreen","2025-07-07 07:05:28.558000+02:00","Incydent","PL-00533 Ruda Slaska 2 1-go Maja","533","Ruda Slaska 2 1-go Maja","cso25 - bluescreen","cso25 - bluescreen","inne","0.5"
"SD-166239","Windows - Zła godzina na ekranach i kasach po awarii prądu","2025-07-07 07:04:51.008000+02:00","Incydent","pl-00405","405","pl-00405","Windows - Zła godzina na ekranach i kasach po awarii prądu","windows - zła godzina na ekranach i kasach po awarii prądu","inne","0.5"
"SD-166238","mop - prośba o włączenie","2025-07-07 06:59:29.881000+02:00","Usługa","PL-00436 Gdynia 05 Dworzec PKP","436","Gdynia 05 Dworzec PKP","mop - prośba o włączenie","mop - prośba o włączenie","MOP – Prośba o włączenie/wyłączenie","0.9"
"SD-166236","błąd drukarki","2025-07-07 06:47:58.971000+02:00","Incydent","PL-00430 MOP Polesie A2 South","430","MOP Polesie A2 South","błąd drukarki","błąd drukarki","inne","0.5"
"SD-166235","pos01 - problem z terminalem","2025-07-07 06:42:03.584000+02:00","Incydent","PL-00594 Paslek","594","Paslek","pos01 - problem z terminalem","pos01 - problem z terminalem","Terminal - nie działa","0.9"
"SD-166234","Wprowadzenie sprzedaży za dzień 06.07.2025","2025-07-07 06:37:52.900000+02:00","Usługa","Slawomir Malewicz","Nieznany","Slawomir Malewicz","Wprowadzenie sprzedaży za dzień 06.07.2025","wprowadzenie sprzedaży za dzień 06.07.2025","inne","0.5"
"SD-166233","POS03 - Terminal nie działa","2025-07-07 06:27:52.355000+02:00","Incydent","PL-00239 W-wa 35 Dzika","239","W-wa 35 Dzika","POS03 - Terminal nie działa","pos03 - terminal nie działa","POS/CSO/DT - skaner nie działa","0.9"
"SD-166232","Problem z zalogowaniem kasjera","2025-07-07 06:20:58.061000+02:00","Incydent","PL-00077 W-wa 13 Pruszkow","077","W-wa 13 Pruszkow","Problem z zalogowaniem kasjera","problem z zalogowaniem kasjera","inne","0.5"
"SD-166231","POS6 - nie pinguje","2025-07-07 06:16:02.367000+02:00","Incydent","PL-00289 MOP Leka","289","MOP Leka","POS6 - nie pinguje","pos6 - nie pinguje","inne","0.5"
"SD-166230","McDonald's Poland Coates Support Case 00372096 Acknowledgment","2025-07-07 06:14:51.160000+02:00","Usługa","pl-asista","Asystent","Asystent systemowy","McDonald's Poland Coates Support Case 00372096 Acknowledgment","mcdonald's poland coates support case 00372096 acknowledgment","inne","0.5"
"SD-166226","Zapomniane hasło","2025-07-07 05:45:43.254000+02:00","Incydent","PL-00259 Jelenia Gora 2","259","Jelenia Gora 2","Zapomniane hasło","zapomniane hasło","inne","0.5"
"SD-166225","CSO30 - offline","2025-07-07 05:44:02.827000+02:00","Incydent","PL-00458 Airport - Landside","458","Airport - Landside","CSO30 - offline","cso30 - offline","inne","0.5"
"SD-166223","Kioski - nie chcą się uruchomić","2025-07-07 05:36:30.027000+02:00","Incydent","PL-00558 W-wa Warsaw Hub","558","W-wa Warsaw Hub","Kioski - nie chcą się uruchomić","kioski - nie chcą się uruchomić","inne","0.5"
"SD-166222","Monitory z ofertą mccafe nie uruchamiają się.","2025-07-07 05:32:24.821000+02:00","Incydent","PL-00270 MOP Goleniow","270","MOP Goleniow","Monitory z ofertą mccafe nie uruchamiają się.","monitory z ofertą mccafe nie uruchamiają się.","inne","0.5"
"SD-166221","Nie uruchamiają się monitory","2025-07-07 05:30:46.296000+02:00","Incydent","PL-00270 MOP Goleniow","270","MOP Goleniow","Nie uruchamiają się monitory","nie uruchamiają się monitory","inne","0.5"
"SD-166219","kanapki lunczowe","2025-07-07 05:16:53.715000+02:00","Incydent","PL-00482 W-Wa 54 Wschodnia","482","W-Wa 54 Wschodnia","kanapki lunczowe","kanapki lunczowe","inne","0.5"
"SD-166218","Dostępna przestrzeń","2025-07-07 05:13:37.398000+02:00","Incydent","PL-00314 Lublin 4","314","Lublin 4","Dostępna przestrzeń","dostępna przestrzeń","inne","0.5"
"SD-166217","CSO - M na czerwonym tle po aktualizacji","2025-07-07 05:13:04.118000+02:00","Incydent","PL-00266 Krakow 13 Mogilany","266","Krakow 13 Mogilany","CSO - M na czerwonym tle po aktualizacji","cso - m na czerwonym tle po aktualizacji","inne","0.5"
"SD-166214","CSO30 - zacięte ładowanie","2025-07-07 04:20:43.629000+02:00","Incydent","PL-00072 Rzeszow 1","072","Rzeszow 1","CSO30 - zacięte ładowanie","cso30 - zacięte ładowanie","inne","0.5"
"SD-166213","Kasy - newpos blocked, kioski niedostępne","2025-07-07 04:13:49.416000+02:00","Incydent","PL-00266 Krakow 13 Mogilany","266","Krakow 13 Mogilany","Kasy - newpos blocked, kioski niedostępne","kasy - newpos blocked, kioski niedostępne","inne","0.5"
"SD-166212","Zabezpieczenie paczki sprzedażowej po zamknięciu dnia w MyStore","2025-07-07 04:09:21.791000+02:00","Usługa","PL-00060 Lodz 02 Bazar","060","Lodz 02 Bazar","Zabezpieczenie paczki sprzedażowej po zamknięciu dnia w MyStore","zabezpieczenie paczki sprzedażowej po zamknięciu dnia w mystore","inne","0.5"
"SD-166211","MFA - Wygenerowanie nowych kodów","2025-07-07 04:04:50.701000+02:00","Usługa","PL-00393 Katowice 07 PKP","393","Katowice 07 PKP","MFA - Wygenerowanie nowych kodów","mfa - wygenerowanie nowych kodów","inne","0.5"
"SD-166208","Brak możliwości zeskanowania karty mgr","2025-07-07 03:46:46.226000+02:00","Incydent","PL-00179 Kielce 3","179","Kielce 3","Brak możliwości zeskanowania karty mgr","brak możliwości zeskanowania karty mgr","inne","0.5"
"SD-166207","MyStore - błędnie wpisana inwentaryzacja na posypce czekoladowej","2025-07-07 03:46:03.612000+02:00","Incydent","PL-00073 Bialystok 1","073","Bialystok 1","MyStore - błędnie wpisana inwentaryzacja na posypce czekoladowej","mystore - błędnie wpisana inwentaryzacja na posypce czekoladowej","inne","0.5"
"SD-166206","Newpos - Zamknięcie nie przeszło na kasie, z której był zamykany dzień.","2025-07-07 03:43:32.686000+02:00","Incydent","PL-00568 Pultusk","568","Pultusk","Newpos - Zamknięcie nie przeszło na kasie, z której był zamykany dzień.","newpos - zamknięcie nie przeszło na kasie, z której był zamykany dzień.","Newpos – Zamknięcie nie przeszło na kasie, z której był zamykany dzień","0.9"
"SD-166205","Zamknij / otwórz system POS - Way nie zmienił dnia biznesowego","2025-07-07 03:36:59.399000+02:00","Incydent","PL-00094 Legnica 1","094","Legnica 1","Zamknij / otwórz system POS - Way nie zmienił dnia biznesowego","zamknij / otwórz system pos - way nie zmienił dnia biznesowego","inne","0.5"
"SD-166204","BackOffice - problem z uprawnieniami ","2025-07-07 03:29:42.787000+02:00","Incydent","PL-00540 Krakow Sliwiaka","540","Krakow Sliwiaka","BackOffice - problem z uprawnieniami","backoffice - problem z uprawnieniami ","inne","0.5"
"SD-166203","Newpos - Zamknięcie nie przeszło na kasie, z której był zamykany dzień.","2025-07-07 03:27:47.255000+02:00","Incydent","pl-00626","626","pl-00626","Newpos - Zamknięcie nie przeszło na kasie, z której był zamykany dzień.","newpos - zamknięcie nie przeszło na kasie, z której był zamykany dzień.","Newpos – Zamknięcie nie przeszło na kasie, z której był zamykany dzień","0.9"
"SD-166201","MyStore - raport szybkości obsługi - brak czasów od godziny 20:00 za 06.07.","2025-07-07 03:16:28.944000+02:00","Incydent","PL-00622 Lukow","622","Lukow","MyStore - raport szybkości obsługi - brak czasów od godziny 20:00 za 06.07.","mystore - raport szybkości obsługi - brak czasów od godziny 20:00 za 06.07.","MyStore – brak czasów szybkości obsługi","0.9"
"SD-166200","Newpos - Zamknięcie nie przeszło na kasie, z której był zamykany dzień.","2025-07-07 03:01:42.255000+02:00","Incydent","PL-00379 Nieporet","379","Nieporet","Newpos - Zamknięcie nie przeszło na kasie, z której był zamykany dzień.","newpos - zamknięcie nie przeszło na kasie, z której był zamykany dzień.","Newpos – Zamknięcie nie przeszło na kasie, z której był zamykany dzień","0.9"
"SD-166199","POS07 - offline","2025-07-07 02:58:48.386000+02:00","Incydent","pl-00626","626","pl-00626","POS07 - offline","pos07 - offline","inne","0.5"
"SD-166198","Kioski - niedostępne","2025-07-07 02:58:18.688000+02:00","Incydent","PL-00410 Swinoujscie","410","Swinoujscie","Kioski - niedostępne","kioski - niedostępne","inne","0.5"
"SD-166197","POS24 - nie zamknięty dzień biznesowy","2025-07-07 02:41:40.928000+02:00","Incydent","PL-00582 MOP Kochlice Wschód","582","MOP Kochlice Wschód","POS24 - nie zamknięty dzień biznesowy","pos24 - nie zamknięty dzień biznesowy","Newpos – Zamknięcie nie przeszło na kasie, z której był zamykany dzień","0.9"
"SD-166196","Nie można zamknąć dnia w MS - nie otwarto dnia na POS","2025-07-07 02:37:59.932000+02:00","Usługa","PL-00168 Tarnow 2","168","Tarnow 2","Nie można zamknąć dnia w MS - nie otwarto dnia na POS","nie można zamknąć dnia w ms - nie otwarto dnia na pos","inne","0.5"
"SD-166195","CSO35 - admin logon","2025-07-07 02:35:31.971000+02:00","Incydent","PL-00480 Kraków 18 Grodzka","480","Kraków 18 Grodzka","CSO35 - admin logon","cso35 - admin logon","POS/CSO/KVS - admin logon","0.9"
"SD-166193","POS07 - zamknięcie POS - nie przeszło na kasie z której było wykonywane","2025-07-07 02:25:59.035000+02:00","Incydent","Zagan PL-00687","687","Zagan","POS07 - zamknięcie POS - nie przeszło na kasie z której było wykonywane","pos07 - zamknięcie pos - nie przeszło na kasie z której było wykonywane","Newpos – Zamknięcie nie przeszło na kasie, z której był zamykany dzień","0.9"
"SD-166192","POS07 - Waystation Offline","2025-07-07 02:23:29.879000+02:00","Incydent","PL-00582 MOP Kochlice Wschód","582","MOP Kochlice Wschód","POS07 - Waystation Offline","pos07 - waystation offline","POS/CSO - waystation offline","0.9"
"SD-166191","Pytanie o statusy WRIN","2025-07-07 02:21:34.502000+02:00","Usługa","PL-00260 W-wa 37 Arkadia","260","W-wa 37 Arkadia","Pytanie o statusy WRIN","pytanie o statusy wrin","inne","0.5"
"SD-166190","Zamknięcie POS - nie można przeprowadzić na żadnej z kas","2025-07-07 02:16:12.712000+02:00","Incydent","PL-00082 W-wa 12 Radzyminska","082","W-wa 12 Radzyminska","Zamknięcie POS - nie można przeprowadzić na żadnej z kas","zamknięcie pos - nie można przeprowadzić na żadnej z kas","Newpos – Zamknięcie nie przeszło na kasie, z której był zamykany dzień","0.9"
"SD-166189","MS9 - Brak zużycia na półproduktach za okres 1-3.07.","2025-07-07 02:07:55.817000+02:00","Usługa","PL-00608 Wyszkow","608","Wyszkow","MS9 - Brak zużycia na półproduktach za okres 1-3.07.","ms9 - brak zużycia na półproduktach za okres 1-3.07.","Mystore - brak zużycia","0.9"
"SD-166188","CSO26 - prośba o detach","2025-07-07 02:05:59.102000+02:00","Usługa","PL-00444 W-wa 49 Swietokrzyska","444","W-wa 49 Swietokrzyska","CSO26 - prośba o detach","cso26 - prośba o detach","inne","0.5"
"SD-166186","MyStore - nie można zamknąć dnia przez odbicia","2025-07-07 02:02:18.388000+02:00","Incydent","PL-00096 Czestochowa 3","096","Czestochowa 3","MyStore - nie można zamknąć dnia przez odbicia","mystore - nie można zamknąć dnia przez odbicia","MyStore – Prośba o pomoc w edycji odbić czasowych","0.9"
"SD-166185","Newpos - Zamknięcie nie przeszło na kasie, z której był zamykany dzień.","2025-07-07 01:58:47.635000+02:00","Incydent","PL-00458 Airport - Landside","458","Airport - Landside","Newpos - Zamknięcie nie przeszło na kasie, z której był zamykany dzień.","newpos - zamknięcie nie przeszło na kasie, z której był zamykany dzień.","Newpos – Zamknięcie nie przeszło na kasie, z której był zamykany dzień","0.9"
"SD-166184","MyStore - raport operacyjny brak dnia 06.07.","2025-07-07 01:57:29.255000+02:00","Incydent","PL-00408 Sierpc","408","Sierpc","MyStore - raport operacyjny brak dnia 06.07.","mystore - raport operacyjny brak dnia 06.07.","inne","0.5"
"SD-166183","CSO28 - prośba o detach","2025-07-07 01:56:54.163000+02:00","Usługa","PL-00563 Skarzysko Kamienna","563","Skarzysko Kamienna","CSO28 - prośba o detach","cso28 - prośba o detach","inne","0.5"
"SD-166182","POS07 - fiscal driver not started","2025-07-07 01:49:46.754000+02:00","Incydent","PL-00686 Słupca","686","Słupca","POS07 - fiscal driver not started","pos07 - fiscal driver not started","inne","0.5"
"SD-166181","MyStore - nie wczytuje niczego","2025-07-07 01:49:20.845000+02:00","Incydent","Chodziez Chodziez","Nieznany","Chodziez Chodziez","MyStore - nie wczytuje niczego","mystore - nie wczytuje niczego","inne","0.5"
"SD-166180","Newpos - Zamknięcie nie przeszło na kasie, z której był zamykany dzień.","2025-07-07 01:47:01.433000+02:00","Incydent","PL-00223 Piotrkow Trybunalski 2","223","Piotrkow Trybunalski 2","Newpos - Zamknięcie nie przeszło na kasie, z której był zamykany dzień.","newpos - zamknięcie nie przeszło na kasie, z której był zamykany dzień.","Newpos – Zamknięcie nie przeszło na kasie, z której był zamykany dzień","0.9"
"SD-166179","POS06 - nie można się zalogować","2025-07-07 01:45:21.378000+02:00","Incydent","pl-00702","702","pl-00702","POS06 - nie można się zalogować","pos06 - nie można się zalogować","inne","0.5"
"SD-166177","POS07 - zamknięcie POS - nie przeszło na kasie z której było wykonywane","2025-07-07 01:41:33.075000+02:00","Incydent","PL-00690 Czestochowa Wojska Polskiego","690","Czestochowa Wojska Polskiego","POS07 - zamknięcie POS - nie przeszło na kasie z której było wykonywane","pos07 - zamknięcie pos - nie przeszło na kasie z której było wykonywane","Newpos – Zamknięcie nie przeszło na kasie, z której był zamykany dzień","0.9"
"SD-166176","Awaria drukarki","2025-07-07 01:37:30.563000+02:00","Incydent","PL-00229 Chojnice","229","Chojnice","Awaria drukarki","awaria drukarki","inne","0.5"
"SD-166175","Uszkodzony port RJ-45, uszkodzony kabel","2025-07-07 01:34:04.751000+02:00","Incydent","PL-00229 Chojnice","229","Chojnice","Uszkodzony port RJ-45, uszkodzony kabel","uszkodzony port rj-45, uszkodzony kabel","inne","0.5"
"SD-166174","POS - problem z zamknięciem","2025-07-07 01:33:47.124000+02:00","Incydent","PL-00353 Kobylka","353","Kobylka","POS - problem z zamknięciem","pos - problem z zamknięciem","Newpos – Zamknięcie nie przeszło na kasie, z której był zamykany dzień","0.9"
"SD-166173","Zamknij / otwórz system POS - Way nie zmienił dnia biznesowego","2025-07-07 01:30:42.125000+02:00","Incydent","PL-00188 Plock 1","188","Plock 1","Zamknij / otwórz system POS - Way nie zmienił dnia biznesowego","zamknij / otwórz system pos - way nie zmienił dnia biznesowego","inne","0.5"
"SD-166172","NewPOS - zamknięcie POS - błąd przetwarzania skryptu raportu","2025-07-07 01:23:03.573000+02:00","Incydent","PL-00443 Nowy Dwor Mazowiecki","443","Nowy Dwor Mazowiecki","NewPOS - zamknięcie POS - błąd przetwarzania skryptu raportu","newpos - zamknięcie pos - błąd przetwarzania skryptu raportu","inne","0.5"
"SD-166170","Na MAP01 uruchomił się MS Edge i rest prosi o pomoc","2025-07-07 01:22:02.289000+02:00","Usługa","PL-00587 Walcz","587","Walcz","Na MAP01 uruchomił się MS Edge i rest prosi o pomoc","na map01 uruchomił się ms edge i rest prosi o pomoc","inne","0.5"
"SD-166169","POS03 - nie pinguje","2025-07-07 01:20:13.868000+02:00","Incydent","PL-00334 Tarnobrzeg","334","Tarnobrzeg","POS03 - nie pinguje","pos03 - nie pinguje","inne","0.5"
"SD-166168","MyStore - zaciął się podczas wprowadzania inwentaryzacji","2025-07-07 01:17:37.994000+02:00","Incydent","PL-00225 W-wa 31 Conrada","225","W-wa 31 Conrada","MyStore - zaciął się podczas wprowadzania inwentaryzacji","mystore - zaciął się podczas wprowadzania inwentaryzacji","inne","0.5"
"SD-166167","[Telefon Serwisowy] Zamkniecie przed remodelingiem ","2025-07-07 01:16:34.495000+02:00","Poważny Incydent","PL-00060 Lodz 02 Bazar","060","Lodz 02 Bazar","[Telefon Serwisowy] Zamkniecie przed remodelingiem","[telefon serwisowy] zamkniecie przed remodelingiem ","telefon serwisowy","0.9"
"SD-166166","MyStore - depozyt bankowy - błędnie rozliczony","2025-07-07 01:15:03.284000+02:00","Incydent","PL-00554 Krapkowice","554","Krapkowice","MyStore - depozyt bankowy - błędnie rozliczony","mystore - depozyt bankowy - błędnie rozliczony","inne","0.5"
"SD-166165","Zamiana linii DT - wykonanie działań po stronie rest","2025-07-07 01:14:29.883000+02:00","Usługa","PL-00398 Gdansk 11 Lotos","398","Gdansk 11 Lotos","Zamiana linii DT - wykonanie działań po stronie rest","zamiana linii dt - wykonanie działań po stronie rest","POS/CSO/DT - skaner nie działa","0.9"
"SD-166163","POS02 - waystation offline","2025-07-07 01:09:34.427000+02:00","Incydent","PL-00386 Sochaczew","386","Sochaczew","POS02 - waystation offline","pos02 - waystation offline","POS/CSO - waystation offline","0.9"
"SD-166162","zamkniecie dnia biznesowego","2025-07-07 01:01:08.760000+02:00","Incydent","PL-00482 W-Wa 54 Wschodnia","482","W-Wa 54 Wschodnia","zamkniecie dnia biznesowego","zamkniecie dnia biznesowego","inne","0.5"
"SD-166160","MyStore - brak zużycia POS za 06.07","2025-07-07 00:52:39.636000+02:00","Incydent","PL-00229 Chojnice","229","Chojnice","MyStore - brak zużycia POS za 06.07","mystore - brak zużycia pos za 06.07","inne","0.5"
"SD-166159","Waystation - nie zmienił się dzień biznesowy","2025-07-07 00:47:40.948000+02:00","Incydent","PL-00397 Mysłowice","397","Mysłowice","Waystation - nie zmienił się dzień biznesowy","waystation - nie zmienił się dzień biznesowy","Waystation – Nieprawidłowy dzień biznesowy","0.9"
"SD-166158","Zamknij / otwórz system POS - nie można zamknąć systemu","2025-07-07 00:44:49.153000+02:00","Incydent","PL-00574 Andrychow","574","Andrychow","Zamknij / otwórz system POS - nie można zamknąć systemu","zamknij / otwórz system pos - nie można zamknąć systemu","inne","0.5"
"SD-166157","POS08 - zły dzień biznesowy","2025-07-07 00:41:50.192000+02:00","Incydent","PL-00452 Gdansk 14 Forum Gdansk Instore","452","Gdansk 14 Forum Gdansk Instore","POS08 - zły dzień biznesowy","pos08 - zły dzień biznesowy","Newpos – Zamknięcie nie przeszło na kasie, z której był zamykany dzień","0.9"
"SD-166156","Pytanie na temat zamknięcia na okres remodelingu","2025-07-07 00:41:38.074000+02:00","Usługa","PL-00060 Lodz 02 Bazar","060","Lodz 02 Bazar","Pytanie na temat zamknięcia na okres remodelingu","pytanie na temat zamknięcia na okres remodelingu","inne","0.5"
"SD-166155","Zamknij / otwórz system POS - nie można zamknąć systemu","2025-07-07 00:39:45.298000+02:00","Incydent","PL-00382 Skierniewice","382","Skierniewice","Zamknij / otwórz system POS - nie można zamknąć systemu","zamknij / otwórz system pos - nie można zamknąć systemu","inne","0.5"
"SD-166153","CSO27/28 - blokują zamknięcie dnia","2025-07-07 00:36:40.108000+02:00","Incydent","PL-00479 MOP Machnacz A1 W","479","MOP Machnacz A1 W","CSO27/28 - blokują zamknięcie dnia","cso27/28 - blokują zamknięcie dnia","inne","0.5"
"SD-166152","Newpos - Zamknięcie nie przeszło na kasie, z której był zamykany dzień.","2025-07-07 00:35:50.572000+02:00","Incydent","PL-00024 Olsztyn 1","024","Olsztyn 1","Newpos - Zamknięcie nie przeszło na kasie, z której był zamykany dzień.","newpos - zamknięcie nie przeszło na kasie, z której był zamykany dzień.","Newpos – Zamknięcie nie przeszło na kasie, z której był zamykany dzień","0.9"
"SD-166151","MyStore - zarządzanie kasetkami - zalogowana kasetka","2025-07-07 00:30:39.601000+02:00","Incydent","PL-00438 MOP Wisniowa Gora A1 E","438","MOP Wisniowa Gora A1 E","MyStore - zarządzanie kasetkami - zalogowana kasetka","mystore - zarządzanie kasetkami - zalogowana kasetka","inne","0.5"
"SD-166150","POS01 - zamknięcie POS - nie przeszło na kasie z której było wykonywane","2025-07-07 00:29:51.515000+02:00","Incydent","PL-00419 MOP Brwinow A2 North","419","MOP Brwinow A2 North","POS01 - zamknięcie POS - nie przeszło na kasie z której było wykonywane","pos01 - zamknięcie pos - nie przeszło na kasie z której było wykonywane","Newpos – Zamknięcie nie przeszło na kasie, z której był zamykany dzień","0.9"
"SD-166149","NewPOS - zamknięcie POS - błąd przetwarzania skryptu raportu","2025-07-07 00:25:40.220000+02:00","Incydent","PL-00538 MOP Pawliki S7","538","MOP Pawliki S7","NewPOS - zamknięcie POS - błąd przetwarzania skryptu raportu","newpos - zamknięcie pos - błąd przetwarzania skryptu raportu","inne","0.5"
"SD-166147","Brak zużycia na półproduktach w wyżej wymienionym dniu.","2025-07-07 00:16:06.486000+02:00","Usługa","PL-00050 Bydgoszcz 3 Wyzyny","050","Bydgoszcz 3 Wyzyny","Brak zużycia na półproduktach w wyżej wymienionym dniu.","brak zużycia na półproduktach w wyżej wymienionym dniu.","Mystore - brak zużycia","0.9"
"SD-166146","KVS - godzina do przodu","2025-07-07 00:15:46.036000+02:00","Incydent","PL-00410 Swinoujscie","410","Swinoujscie","KVS - godzina do przodu","kvs - godzina do przodu","inne","0.5"
"SD-166145","POS19 - no response message","2025-07-07 00:15:31.303000+02:00","Incydent","PL-00188 Plock 1","188","Plock 1","POS19 - no response message","pos19 - no response message","inne","0.5"
"SD-166143","POS - prośba o zamknięcie dnia","2025-07-07 00:05:34.821000+02:00","Usługa","PL-00503 Gdańsk 12 Lotnisko Airside","503","Gdańsk 12 Lotnisko Airside","POS - prośba o zamknięcie dnia","pos - prośba o zamknięcie dnia","Newpos – Zamknięcie nie przeszło na kasie, z której był zamykany dzień","0.9"
"SD-166142","Kiosk 26 - nie chce się uruchomić","2025-07-07 00:05:10.627000+02:00","Incydent","PL-00017 Czestochowa 2","017","Czestochowa 2","Kiosk 26 - nie chce się uruchomić","kiosk 26 - nie chce się uruchomić","inne","0.5"
"SD-166141","Rest niepoprawnie rozliczyła kasetkę","2025-07-07 00:04:42.878000+02:00","Usługa","PL-00477 MOP Sieganow","477","MOP Sieganow","Rest niepoprawnie rozliczyła kasetkę","rest niepoprawnie rozliczyła kasetkę","inne","0.5"
"SD-166140","POS01 - zacięte zamówienie","2025-07-07 00:01:46.400000+02:00","Incydent","PL-00483 MOP Sosnowiec S1","483","MOP Sosnowiec S1","POS01 - zacięte zamówienie","pos01 - zacięte zamówienie","inne","0.5"
