﻿key,title,created,issue_type,reporter,site,site_name,title_clean,title_lower,category,confidence
SD 171931,"W nawiązaniu do porzuconego zgłoszenia nr SD 131938, błąd nadal występuje.",2025 07 17 23:52:17.410000 02:00,Incydent,PL 00499 Swidnik,499,Swidnik,"W nawiązaniu do porzuconego zgłoszenia nr SD 131938, błąd nadal występuje.","w nawiązaniu do porzuconego zgłoszenia nr sd 131938, błąd nadal występuje.",inne,0.5
SD 171930,CSO28 Nie pinguje.,2025 07 17 23:49:53.487000 02:00,Incydent,PL 00399 Jawornik,399,Jawornik,CSO28 Nie pinguje.,cso28 nie pinguje.,inne,0.5
SD 171929,POS01 Nie otwiera się szuflada,2025 07 17 23:41:20.413000 02:00,Incydent,PL 00353 Kobylka,353,Kobylka,POS01 Nie otwiera się szuflada,pos01 nie otwiera się szuflada,inne,0.5
SD 171928,"Newpos Zamknięcie nie przeszło na kasie, z której był zamykany dzień. POS6",2025 07 17 23:31:11.023000 02:00,Incydent,PL 00462 Airport Airside,462,Airport Airside,"Newpos Zamknięcie nie przeszło na kasie, z której był zamykany dzień. POS6","newpos zamknięcie nie przeszło na kasie, z której był zamykany dzień. pos6",Newpos Zamknięcie nie przeszło na kasie z której był zamykany dzień,0.9
SD 171927,POS07 Drukarka fiskalna zapłeniona pamięć chroniona,2025 07 17 23:27:40.885000 02:00,Incydent,PL 00217 W wa 28 Galeria,217,W wa 28 Galeria,POS07 Drukarka fiskalna zapłeniona pamięć chroniona,pos07 drukarka fiskalna zapłeniona pamięć chroniona,inne,0.5
SD 171926,POS02 Brak górnego paska.,2025 07 17 23:26:34.417000 02:00,Incydent,PL 00122 Poznan 08 Baranowo,122,Poznan 08 Baranowo,POS02 Brak górnego paska.,pos02 brak górnego paska.,POS brak kafelków,0.9
SD 171925,Mystore Brak mozliwosci zalogowania sie,2025 07 17 23:20:11.621000 02:00,Incydent,PL 00465 Jaworzno 2 CH Galena,465,Jaworzno 2 CH Galena,Mystore Brak mozliwosci zalogowania sie,mystore brak mozliwosci zalogowania sie,inne,0.5
SD 171924,Korekta błędnie wbitych strat,2025 07 17 23:14:19.743000 02:00,Usługa,PL 00499 Swidnik,499,Swidnik,Korekta błędnie wbitych strat,korekta błędnie wbitych strat,inne,0.5
SD 171923,Korekta błędnie wbitych strat,2025 07 17 23:13:53.105000 02:00,Usługa,PL 00499 Swidnik,499,Swidnik,Korekta błędnie wbitych strat,korekta błędnie wbitych strat,inne,0.5
SD 171922,Zawieszona POS1 na transakcji na terminalu na POS1,2025 07 17 23:13:46.737000 02:00,Incydent,PL 00119 Zgorzelec 1,119,Zgorzelec 1,Zawieszona POS1 na transakcji na terminalu na POS1,zawieszona pos1 na transakcji na terminalu na pos1,inne,0.5
SD 171921,Korekta błędnie wbitych strat,2025 07 17 23:13:15.681000 02:00,Usługa,PL 00499 Swidnik,499,Swidnik,Korekta błędnie wbitych strat,korekta błędnie wbitych strat,inne,0.5
SD 171920,Korekta błędnie wbitych strat,2025 07 17 23:12:10.951000 02:00,Usługa,PL 00499 Swidnik,499,Swidnik,Korekta błędnie wbitych strat,korekta błędnie wbitych strat,inne,0.5
SD 171919,Korekta błędnie wbitych strat,2025 07 17 23:11:41.224000 02:00,Usługa,PL 00499 Swidnik,499,Swidnik,Korekta błędnie wbitych strat,korekta błędnie wbitych strat,inne,0.5
SD 171918,Korekta błędnie wbitych strat,2025 07 17 23:09:15.310000 02:00,Usługa,PL 00499 Swidnik,499,Swidnik,Korekta błędnie wbitych strat,korekta błędnie wbitych strat,inne,0.5
SD 171915,mystore Prośba o korekrte odbic czasowych,2025 07 17 22:56:15.815000 02:00,Incydent,PL 00369 MOP Chociszewo,369,MOP Chociszewo,mystore Prośba o korekrte odbic czasowych,mystore prośba o korekrte odbic czasowych,MyStore Prośba o pomoc w edycji odbić czasowych,0.9
SD 171913,MyStore Prośba o pomoc w edycji odbić czasowych,2025 07 17 22:43:08.047000 02:00,Usługa,PL 00116 Lublin 1,116,Lublin 1,MyStore Prośba o pomoc w edycji odbić czasowych,mystore prośba o pomoc w edycji odbić czasowych,MyStore Prośba o pomoc w edycji odbić czasowych,0.9
SD 171912,MFA Prosba o wygenerowanie nowych kodow,2025 07 17 22:28:22.874000 02:00,Usługa,PL 00576 Turek,576,Turek,MFA Prosba o wygenerowanie nowych kodow,mfa prosba o wygenerowanie nowych kodow,inne,0.5
SD 171909,Prośba o zdjęcie TAG u.,2025 07 17 22:15:06.021000 02:00,Usługa,PL 00648 Wola Korycka,648,Wola Korycka,Prośba o zdjęcie TAG u.,prośba o zdjęcie tag u.,inne,0.5
SD 171906,Newpos network off podczas zamknięcia dnia,2025 07 17 22:14:07.407000 02:00,Incydent,PL 00433 Krakow 16 Galeria Bronowicka,433,Krakow 16 Galeria Bronowicka,Newpos network off podczas zamknięcia dnia,newpos network off podczas zamknięcia dnia,inne,0.5
SD 171905,Głuchy telefon.,2025 07 17 22:14:00.466000 02:00,Usługa,PL 00338 Odolion,338,Odolion,Głuchy telefon.,głuchy telefon.,inne,0.5
SD 171904,POS01 Terminal lane3000 nie dziala,2025 07 17 22:08:23.961000 02:00,Incydent,pl 00163,163,pl 00163,POS01 Terminal lane3000 nie dziala,pos01 terminal lane3000 nie dziala,Terminal nie działa,0.9
SD 171903,Pytanie o aktualizację SEsame,2025 07 17 22:08:01.007000 02:00,Usługa,PL 00482 W Wa 54 Wschodnia,482,W Wa 54 Wschodnia,Pytanie o aktualizację SEsame,pytanie o aktualizację sesame,inne,0.5
SD 171902,Waystation prośba o otwarcie nowego dnia,2025 07 17 22:01:54.482000 02:00,Incydent,PL 00446 W wa 48 Blue City,446,W wa 48 Blue City,Waystation prośba o otwarcie nowego dnia,waystation prośba o otwarcie nowego dnia,Waystation offline,0.8
SD 171898,CSO26 nie chce się wylogować,2025 07 17 21:52:41.319000 02:00,Incydent,PL 00395 Siedlce 02 Galeria S,395,Siedlce 02 Galeria S,CSO26 nie chce się wylogować,cso26 nie chce się wylogować,inne,0.5
SD 171895,pos24 fiscal driver is not started,2025 07 17 21:45:38.705000 02:00,Incydent,PL 00516 Czluchow,516,Czluchow,pos24 fiscal driver is not started,pos24 fiscal driver is not started,inne,0.5
SD 171894,MOP prośba o wyłączenie,2025 07 17 21:45:15.636000 02:00,Usługa,PL 00367 Wroclaw 18 SkyTower,367,Wroclaw 18 SkyTower,MOP prośba o wyłączenie,mop prośba o wyłączenie,MOP Prośba o włączenie/wyłączenie,0.9
SD 171892,Authenticator Nie działa,2025 07 17 21:39:40.235000 02:00,Incydent,teresa.drozdz,Nieznany,teresa.drozdz,Authenticator Nie działa,authenticator nie działa,inne,0.5
SD 171891,Jest znowu zalany,2025 07 17 21:39:34.705000 02:00,Incydent,PL 00419 MOP Brwinow A2 North,419,MOP Brwinow A2 North,Jest znowu zalany,jest znowu zalany,inne,0.5
SD 171890,Abs nie nalewa wszystkich napoi,2025 07 17 21:37:42.968000 02:00,Incydent,PL 00200 Krakow 07 Szewska,200,Krakow 07 Szewska,Abs nie nalewa wszystkich napoi,abs nie nalewa wszystkich napoi,inne,0.5
SD 171888,Pomoc w założeniu zgłoszenia,2025 07 17 21:33:42.901000 02:00,Usługa,PL 00419 MOP Brwinow A2 North,419,MOP Brwinow A2 North,Pomoc w założeniu zgłoszenia,pomoc w założeniu zgłoszenia,inne,0.5
SD 171887,MFA Wygenerowanie nowych kodów,2025 07 17 21:26:30.551000 02:00,Usługa,PL 00383 Bialystok 03 Kopernika,383,Bialystok 03 Kopernika,MFA Wygenerowanie nowych kodów,mfa wygenerowanie nowych kodów,inne,0.5
SD 171886,COD Skaner brak wiązki światła,2025 07 17 21:26:11.623000 02:00,Incydent,PL 00467 Zary,467,Zary,COD Skaner brak wiązki światła,cod skaner brak wiązki światła,inne,0.5
SD 171885,Drukarka drukuje drukuje losowe wydruki,2025 07 17 21:16:46.051000 02:00,Incydent,PL 00338 Odolion,338,Odolion,Drukarka drukuje drukuje losowe wydruki,drukarka drukuje drukuje losowe wydruki,inne,0.5
SD 171884,MyStore Kadrowe zapisz nie podświetla się,2025 07 17 21:15:00.842000 02:00,Incydent,PL 00289 MOP Leka,289,MOP Leka,MyStore Kadrowe zapisz nie podświetla się,mystore kadrowe zapisz nie podświetla się,inne,0.5
SD 171883,Wyłączenie MOP,2025 07 17 21:09:31.069000 02:00,Incydent,PL 00644 Walbrzych 2,644,Walbrzych 2,Wyłączenie MOP,wyłączenie mop,MOP Prośba o włączenie/wyłączenie,0.9
SD 171880,Mystore problem z zapisem korekty odbić czasowych i testów jakości,2025 07 17 21:00:38.047000 02:00,Incydent,PL 00084 Zielona Gora 1,084,Zielona Gora 1,Mystore problem z zapisem korekty odbić czasowych i testów jakości,mystore problem z zapisem korekty odbić czasowych i testów jakości,MyStore Prośba o pomoc w edycji odbić czasowych,0.9
SD 171879,skaner cod nie skanuje,2025 07 17 20:54:58.548000 02:00,Incydent,PL 00430 MOP Polesie A2 South,430,MOP Polesie A2 South,skaner cod nie skanuje,skaner cod nie skanuje,inne,0.5
SD 171878,Nieprawidłowe tapety na kioskach,2025 07 17 20:51:26.314000 02:00,Incydent,PL 00622 Lukow,622,Lukow,Nieprawidłowe tapety na kioskach,nieprawidłowe tapety na kioskach,inne,0.5
SD 171877,Nieudane logowanie się do outlook,2025 07 17 20:35:59.189000 02:00,Incydent,PL 00049 W wa 11 Pelikanow,049,W wa 11 Pelikanow,Nieudane logowanie się do outlook,nieudane logowanie się do outlook,inne,0.5
SD 171876,pos03 brak kafelków,2025 07 17 20:33:37.276000 02:00,Incydent,PL 00648 Wola Korycka,648,Wola Korycka,pos03 brak kafelków,pos03 brak kafelków,POS brak kafelków,0.9
SD 171875,mop prośba o wyłączenie,2025 07 17 20:25:13.231000 02:00,Usługa,PL 00268 Gdansk 08 Galeria Baltycka,268,Gdansk 08 Galeria Baltycka,mop prośba o wyłączenie,mop prośba o wyłączenie,MOP Prośba o włączenie/wyłączenie,0.9
SD 171873,Skaner COD nie działa,2025 07 17 20:22:00.472000 02:00,Incydent,PL 00284 Wroclaw 16 Muchobor,284,Wroclaw 16 Muchobor,Skaner COD nie działa,skaner cod nie działa,POS/CSO/DT skaner nie działa,0.9
SD 171872,McDonald s Poland Coates Support Case 00377480 Acknowledgment,2025 07 17 20:15:21.744000 02:00,Usługa,pl asista,Asystent,Asystent systemowy,McDonald s Poland Coates Support Case 00377480 Acknowledgment,mcdonald s poland coates support case 00377480 acknowledgment,inne,0.5
SD 171871,scner nie działa na dt,2025 07 17 20:12:09.073000 02:00,Incydent,PL 00082 W wa 12 Radzyminska,082,W wa 12 Radzyminska,scner nie działa na dt,scner nie działa na dt,POS/CSO/DT skaner nie działa,0.9
SD 171870,ABS nie nalewa napoi automatycznie,2025 07 17 20:04:51.387000 02:00,Incydent,pl 00708,708,pl 00708,ABS nie nalewa napoi automatycznie,abs nie nalewa napoi automatycznie,inne,0.5
SD 171869,mystore minus na rozliczeniu gotówka,2025 07 17 20:03:30.870000 02:00,Incydent,PL 00583 MOP Kochlice Zachód,583,MOP Kochlice Zachód,mystore minus na rozliczeniu gotówka,mystore minus na rozliczeniu gotówka,inne,0.5
SD 171868,MOP Prośba o wyłączenie MOP,2025 07 17 20:02:02.361000 02:00,Usługa,PL 00648 Wola Korycka,648,Wola Korycka,MOP Prośba o wyłączenie MOP,mop prośba o wyłączenie mop,MOP Prośba o włączenie/wyłączenie,0.9
SD 171867,Problem podczas nabijania kuponu na mcdrive,2025 07 17 19:57:50.225000 02:00,Incydent,PL 00245 Poznan 11 Komorniki,245,Poznan 11 Komorniki,Problem podczas nabijania kuponu na mcdrive,problem podczas nabijania kuponu na mcdrive,inne,0.5
SD 171866,nie działa zegar do odbić czasowych,2025 07 17 19:57:35.746000 02:00,Incydent,PL 00575 Czechowice Dziedzice,575,Czechowice Dziedzice,nie działa zegar do odbić czasowych,nie działa zegar do odbić czasowych,inne,0.5
SD 171865,skaner cod nie skanuje,2025 07 17 19:53:59.062000 02:00,Incydent,PL 00353 Kobylka,353,Kobylka,skaner cod nie skanuje,skaner cod nie skanuje,inne,0.5
SD 171863,Drukarka offline,2025 07 17 19:35:16.455000 02:00,Incydent,PL 00264 Lodz 13 Manufaktura,264,Lodz 13 Manufaktura,Drukarka offline,drukarka offline,inne,0.5
SD 171862,CSO25 nie uruchamia się,2025 07 17 19:34:04.034000 02:00,Incydent,PL 00111 Pszczyna 1,111,Pszczyna 1,CSO25 nie uruchamia się,cso25 nie uruchamia się,inne,0.5
SD 171861,Rozmazany obraz kamery na linii Drive.,2025 07 17 19:33:49.113000 02:00,Incydent,PL 00140 Mikolow 1,140,Mikolow 1,Rozmazany obraz kamery na linii Drive.,rozmazany obraz kamery na linii drive.,inne,0.5
SD 171860,CSO25 Terminal Błąd połączenia,2025 07 17 19:20:18.273000 02:00,Incydent,PL 00053 Sosnowiec 2,053,Sosnowiec 2,CSO25 Terminal Błąd połączenia,cso25 terminal błąd połączenia,inne,0.5
SD 171859,Wyświetlanie oferty nocnej pomimo zamkniętej restauracji,2025 07 17 19:17:40.324000 02:00,Incydent,PL 00678 Kedzierzyn Kozle,678,Kedzierzyn Kozle,Wyświetlanie oferty nocnej pomimo zamkniętej restauracji,wyświetlanie oferty nocnej pomimo zamkniętej restauracji,inne,0.5
SD 171858,"Rekalkulacja, sprawdzenie paczek/receptur",2025 07 17 19:13:28.378000 02:00,Incydent,PL 00678 Kedzierzyn Kozle,678,Kedzierzyn Kozle,"Rekalkulacja, sprawdzenie paczek/receptur","rekalkulacja, sprawdzenie paczek/receptur",inne,0.5
SD 171857,mystore pytanie o wrin,2025 07 17 19:12:24.041000 02:00,Usługa,PL 00325 Chrzanow,325,Chrzanow,mystore pytanie o wrin,mystore pytanie o wrin,inne,0.5
SD 171856,KVS11 zacięte zamówienie,2025 07 17 19:08:04.101000 02:00,Incydent,PL 00111 Pszczyna 1,111,Pszczyna 1,KVS11 zacięte zamówienie,kvs11 zacięte zamówienie,inne,0.5
SD 171855,pos 6 i 7 skaner nie skanuje,2025 07 17 18:59:48.820000 02:00,Incydent,PL 00520 W Wa 58 Atrium Promena,520,W Wa 58 Atrium Promena,pos 6 i 7 skaner nie skanuje,pos 6 i 7 skaner nie skanuje,POS/CSO/DT skaner nie działa,0.9
SD 171854,COD nie skanuje kodów,2025 07 17 18:43:38.104000 02:00,Incydent,PL 00334 Tarnobrzeg,334,Tarnobrzeg,COD nie skanuje kodów,cod nie skanuje kodów,inne,0.5
SD 171853,Skaner COD pierwsza linia Nie świeci,2025 07 17 18:41:53.287000 02:00,Incydent,PL 00553 Kutno 02,553,Kutno 02,Skaner COD pierwsza linia Nie świeci,skaner cod pierwsza linia nie świeci,inne,0.5
SD 171852,abs nie rozwadnia napoi,2025 07 17 18:36:22.881000 02:00,Incydent,Grudziadz PL 00661,661,Grudziadz,abs nie rozwadnia napoi,abs nie rozwadnia napoi,inne,0.5
SD 171851,cso30 nie skanuje kuponów,2025 07 17 18:34:25.567000 02:00,Incydent,PL 00378 Gdansk 09 MPH,378,Gdansk 09 MPH,cso30 nie skanuje kuponów,cso30 nie skanuje kuponów,inne,0.5
SD 171850,MOP Rest prosi o sprawdzenie czy zamówienia mobilne działają poprawnie,2025 07 17 18:32:55.733000 02:00,Usługa,PL 00714 Lodz Nowa Sukcesja,714,Lodz Nowa Sukcesja,MOP Rest prosi o sprawdzenie czy zamówienia mobilne działają poprawnie,mop rest prosi o sprawdzenie czy zamówienia mobilne działają poprawnie,MOP zamówienia nie drukują się/odrzuca zamówienia,0.9
SD 171849,COD skanery nie skanują na kasę,2025 07 17 18:31:09.973000 02:00,Incydent,PL 00556 Wieliczka,556,Wieliczka,COD skanery nie skanują na kasę,cod skanery nie skanują na kasę,inne,0.5
SD 171846,kvs 19 niepoprawna konfiguracja,2025 07 17 18:17:52.726000 02:00,Incydent,PL 00427 W wa 46 Dworzec Centralny,427,W wa 46 Dworzec Centralny,kvs 19 niepoprawna konfiguracja,kvs 19 niepoprawna konfiguracja,inne,0.5
SD 171845,pos24 nie reaguje,2025 07 17 18:15:49.575000 02:00,Incydent,PL 00458 Airport Landside,458,Airport Landside,pos24 nie reaguje,pos24 nie reaguje,POS/CSO zawieszony,0.9
SD 171844,POS03 Waystation offline brak prczyczyny,2025 07 17 18:06:24.762000 02:00,Incydent,PL 00222 Plock 2,222,Plock 2,POS03 Waystation offline brak prczyczyny,pos03 waystation offline brak prczyczyny,POS/CSO waystation offline,0.9
SD 171843,RE: McDonald s PL Wroclaw 61600185 Coates Support Case 00375578 Acknowledgment,2025 07 17 18:04:22.465000 02:00,Usługa,pl asista,Asystent,Asystent systemowy,RE: McDonald s PL Wroclaw 61600185 Coates Support Case 00375578 Acknowledgment,re: mcdonald s pl wroclaw 61600185 coates support case 00375578 acknowledgment,inne,0.5
SD 171842,nie działają obydwa skanery na dt,2025 07 17 17:58:41.918000 02:00,Incydent,PL 00630 Suwalki Dubowo,630,Suwalki Dubowo,nie działają obydwa skanery na dt,nie działają obydwa skanery na dt,POS/CSO/DT skaner nie działa,0.9
SD 171841,Nielogiczne rozbieżności w cenach niektórych produktów,2025 07 17 17:54:21.823000 02:00,Incydent,PL 00162 Poznan 09 Obornicka,162,Poznan 09 Obornicka,Nielogiczne rozbieżności w cenach niektórych produktów,nielogiczne rozbieżności w cenach niektórych produktów,inne,0.5
SD 171840,proszę webtool a,2025 07 17 17:51:41.378000 02:00,Incydent,PL 00305 Bielsko Biala 3 CH Sfera,305,Bielsko Biala 3 CH Sfera,proszę webtool a,proszę webtool a,inne,0.5
SD 171839,Prośba o przełączenie muzyki po awarii prądu,2025 07 17 17:47:49.802000 02:00,Incydent,PL 00666 Radzymin,666,Radzymin,Prośba o przełączenie muzyki po awarii prądu,prośba o przełączenie muzyki po awarii prądu,inne,0.5
SD 171838,Skaner speaker post,2025 07 17 17:45:11.511000 02:00,Incydent,Natalia Chrzanowska,Nieznany,Natalia Chrzanowska,Skaner speaker post,skaner speaker post,POS/CSO/DT skaner nie działa,0.9
SD 171835,CSO30 nie pinguje,2025 07 17 17:31:13.001000 02:00,Incydent,PL 00073 Bialystok 1,073,Bialystok 1,CSO30 nie pinguje,cso30 nie pinguje,inne,0.5
SD 171832,Telefon serwisowy Pytanie o kamerę .49 Prośba o sprawdzenie czy pinguje,2025 07 17 17:13:50.291000 02:00,Incydent,PL 00348 Plonsk,348,Plonsk,Telefon serwisowy Pytanie o kamerę .49 Prośba o sprawdzenie czy pinguje,telefon serwisowy pytanie o kamerę .49 prośba o sprawdzenie czy pinguje,telefon serwisowy,0.9
SD 171830,brak zuzycia,2025 07 17 17:05:39.192000 02:00,Incydent,PL 00643 Bytow,643,Bytow,brak zuzycia,brak zuzycia,inne,0.5
SD 171829,"Kiosk33 niedostępny, błąd drukarki fiskalnej screen",2025 07 17 17:05:21.699000 02:00,Incydent,PL 00480 Kraków 18 Grodzka,480,Kraków 18 Grodzka,"Kiosk33 niedostępny, błąd drukarki fiskalnej screen","kiosk33 niedostępny, błąd drukarki fiskalnej screen",CSOxx niedostępny,0.9
SD 171828,Kontynuacja SD 171817: Skaner COD linia1 nie przekazuje kodu do kasy,2025 07 17 17:03:21.882000 02:00,Incydent,PL 00460 Radom 06 Rondo Kozienieckie,460,Radom 06 Rondo Kozienieckie,Kontynuacja SD 171817: Skaner COD linia1 nie przekazuje kodu do kasy,kontynuacja sd 171817: skaner cod linia1 nie przekazuje kodu do kasy,inne,0.5
SD 171827,Skaner COD,2025 07 17 17:03:05.955000 02:00,Incydent,PL 00383 Bialystok 03 Kopernika,383,Bialystok 03 Kopernika,Skaner COD,skaner cod,inne,0.5
SD 171826,kasa przestała działać,2025 07 17 16:59:48.917000 02:00,Incydent,PL 00638 MOP Urzut S8,638,MOP Urzut S8,kasa przestała działać,kasa przestała działać,inne,0.5
SD 171824,"Brakuje odpowiednich numerów wrin w stratach produktów gotowych, co powoduje niepoprawne liczenie strat na restauracji.",2025 07 17 16:57:05.351000 02:00,Incydent,PL 00457 Wroclaw 20 Dworzec PKP 2,457,Wroclaw 20 Dworzec PKP 2,"Brakuje odpowiednich numerów wrin w stratach produktów gotowych, co powoduje niepoprawne liczenie strat na restauracji.","brakuje odpowiednich numerów wrin w stratach produktów gotowych, co powoduje niepoprawne liczenie strat na restauracji.",inne,0.5
SD 171823,backoffice logon attempt failed,2025 07 17 16:55:32.271000 02:00,Incydent,PL 00430 MOP Polesie A2 South,430,MOP Polesie A2 South,backoffice logon attempt failed,backoffice logon attempt failed,inne,0.5
SD 171822,POS24 Nie pinguje,2025 07 17 16:55:24.012000 02:00,Incydent,PL 00466 W wa 50 Zachodnia,466,W wa 50 Zachodnia,POS24 Nie pinguje,pos24 nie pinguje,inne,0.5
SD 171821,Nie skanuje kuponów,2025 07 17 16:53:49.971000 02:00,Incydent,PL 00637 Rzeszow Rzecha,637,Rzeszow Rzecha,Nie skanuje kuponów,nie skanuje kuponów,inne,0.5
SD 171820,FOE63 problem z zalogowaniem,2025 07 17 16:53:02.096000 02:00,Incydent,PL 00666 Radzymin,666,Radzymin,FOE63 problem z zalogowaniem,foe63 problem z zalogowaniem,inne,0.5
SD 171819,oDMB presell linia 1 Nie aktualizuje się kontent,2025 07 17 16:49:04.766000 02:00,Incydent,PL 00563 Skarzysko Kamienna,563,Skarzysko Kamienna,oDMB presell linia 1 Nie aktualizuje się kontent,odmb presell linia 1 nie aktualizuje się kontent,inne,0.5
SD 171817,skaner cod nie skanuje,2025 07 17 16:41:51.924000 02:00,Incydent,PL 00460 Radom 06 Rondo Kozienieckie,460,Radom 06 Rondo Kozienieckie,skaner cod nie skanuje,skaner cod nie skanuje,inne,0.5
SD 171816,Telefon serwisowy CSO30 ADMIN LOGON,2025 07 17 16:40:50.255000 02:00,Incydent,PL 00092 Slupsk 1,092,Slupsk 1,Telefon serwisowy CSO30 ADMIN LOGON,telefon serwisowy cso30 admin logon,POS/CSO/KVS admin logon,0.9
SD 171813,Zablokowane produkty pomimo statusu włączonego,2025 07 17 16:29:15.438000 02:00,Incydent,pl 00754,754,pl 00754,Zablokowane produkty pomimo statusu włączonego,zablokowane produkty pomimo statusu włączonego,inne,0.5
SD 171812,Problem z CR,2025 07 17 16:27:21.197000 02:00,Incydent,PL 00522 Piekary Slaskie,522,Piekary Slaskie,Problem z CR,problem z cr,inne,0.5
SD 171810,Mystore problem ze zmianą hasła,2025 07 17 16:21:17.209000 02:00,Incydent,PL 00444 W wa 49 Swietokrzyska,444,W wa 49 Swietokrzyska,Mystore problem ze zmianą hasła,mystore problem ze zmianą hasła,inne,0.5
SD 171808,pos03 waystation offline,2025 07 17 16:01:07.448000 02:00,Incydent,PL 00501 Mrągowo,501,Mrągowo,pos03 waystation offline,pos03 waystation offline,POS/CSO waystation offline,0.9
SD 171807,Pytanie o komunikat PUSH na kasach,2025 07 17 16:00:33.312000 02:00,Usługa,PL 00508 Kalisz 3,508,Kalisz 3,Pytanie o komunikat PUSH na kasach,pytanie o komunikat push na kasach,inne,0.5
SD 171806,ABS Nie nalewa automatycznie napojów,2025 07 17 15:59:01.106000 02:00,Incydent,PL 00638 MOP Urzut S8,638,MOP Urzut S8,ABS Nie nalewa automatycznie napojów,abs nie nalewa automatycznie napojów,inne,0.5
SD 171805,Prosiłabym o wszystkie numery pod którymi znajduje się produkt cheeseburger ale TYLKO w 2forU. Potrzebuję również informacji dotyczącej numerów obecnej promocji lokalnej z puszką coca coli gratis potrzebuję stworzyć raporty w PMX by analizować dane.,2025 07 17 15:54:57.141000 02:00,Incydent,PL 00162 Poznan 09 Obornicka,162,Poznan 09 Obornicka,Prosiłabym o wszystkie numery pod którymi znajduje się produkt cheeseburger ale TYLKO w 2forU. Potrzebuję również informacji dotyczącej numerów obecnej promocji lokalnej z puszką coca coli gratis potrzebuję stworzyć raporty w PMX by analizować dane.,prosiłabym o wszystkie numery pod którymi znajduje się produkt cheeseburger ale tylko w 2foru. potrzebuję również informacji dotyczącej numerów obecnej promocji lokalnej z puszką coca coli gratis potrzebuję stworzyć raporty w pmx by analizować dane.,Mystore brak danych w raporcie PMX,0.9
SD 171804,mystore zablokowane konto,2025 07 17 15:53:40.423000 02:00,Incydent,PL 00469 Bydgoszcz 06 ECE,469,Bydgoszcz 06 ECE,mystore zablokowane konto,mystore zablokowane konto,inne,0.5
SD 171803,zużycie na szklankach,2025 07 17 15:51:46.518000 02:00,Incydent,PL 00623 Nowa Sol,623,Nowa Sol,zużycie na szklankach,zużycie na szklankach,inne,0.5
SD 171802,"kiosk się notorycznie zawiesza, jest resetowany i zaraz znowu jest zawieszony",2025 07 17 15:44:37.761000 02:00,Incydent,PL 00297 Brodnica,297,Brodnica,"kiosk się notorycznie zawiesza, jest resetowany i zaraz znowu jest zawieszony","kiosk się notorycznie zawiesza, jest resetowany i zaraz znowu jest zawieszony",POS/CSO zawieszony,0.9
SD 171801,Nie można wybrać Mleka owsianego 1.5l w MyStore.,2025 07 17 15:42:07.990000 02:00,Usługa,PL 00629 Lodz Aleksandrowska,629,Lodz Aleksandrowska,Nie można wybrać Mleka owsianego 1.5l w MyStore.,nie można wybrać mleka owsianego 1.5l w mystore.,inne,0.5
SD 171799,POS01 brak połączenia z drukarką fiskalną,2025 07 17 15:34:39.760000 02:00,Incydent,PL 00698 MOP Obroki W,698,MOP Obroki W,POS01 brak połączenia z drukarką fiskalną,pos01 brak połączenia z drukarką fiskalną,inne,0.5
SD 171798,KVS17 Nie drukuje drukarka grillowa,2025 07 17 15:32:23.503000 02:00,Incydent,PL 00370 Gdansk 10 Swietokrzyska,370,Gdansk 10 Swietokrzyska,KVS17 Nie drukuje drukarka grillowa,kvs17 nie drukuje drukarka grillowa,inne,0.5
SD 171797,brak grill slip,2025 07 17 15:30:27.942000 02:00,Incydent,PL 00520 W Wa 58 Atrium Promena,520,W Wa 58 Atrium Promena,brak grill slip,brak grill slip,inne,0.5
SD 171796,kvs 09 zamówienia z kuchni nie wpadaja na serwis,2025 07 17 15:29:42.735000 02:00,Incydent,PL 00014 Zakopane 1,014,Zakopane 1,kvs 09 zamówienia z kuchni nie wpadaja na serwis,kvs 09 zamówienia z kuchni nie wpadaja na serwis,inne,0.5
SD 171795,Na kioskach pokazuje się hit maka,2025 07 17 15:22:49.467000 02:00,Incydent,PL 00622 Lukow,622,Lukow,Na kioskach pokazuje się hit maka,na kioskach pokazuje się hit maka,inne,0.5
SD 171794,Testowy telefon awaria c2a,2025 07 17 15:18:11.506000 02:00,Usługa,Mateusz Banaszek,Nieznany,Mateusz Banaszek,Testowy telefon awaria c2a,testowy telefon awaria c2a,inne,0.5
SD 171793,Na monitorze ORB1 nie pokazuje się animacja,2025 07 17 15:17:55.541000 02:00,Incydent,PL 00447 Radom 5 Galeria Sloneczna,447,Radom 5 Galeria Sloneczna,Na monitorze ORB1 nie pokazuje się animacja,na monitorze orb1 nie pokazuje się animacja,inne,0.5
SD 171792,Połączenie,2025 07 17 15:16:23.499000 02:00,Usługa,PL 00260 W wa 37 Arkadia,260,W wa 37 Arkadia,Połączenie,połączenie,inne,0.5
SD 171791,Nie dziala logowanie nowego MGR s,2025 07 17 15:00:23.326000 02:00,Usługa,PL 00205 Tychy 2,205,Tychy 2,Nie dziala logowanie nowego MGR s,nie dziala logowanie nowego mgr s,inne,0.5
SD 171788,Nie wyświetla ekranu Niebieska dioda sie świeci,2025 07 17 14:55:01.089000 02:00,Incydent,PL 00205 Tychy 2,205,Tychy 2,Nie wyświetla ekranu Niebieska dioda sie świeci,nie wyświetla ekranu niebieska dioda sie świeci,inne,0.5
SD 171787,pos19 ładuje się,2025 07 17 14:51:20.688000 02:00,Incydent,pl 00626,626,pl 00626,pos19 ładuje się,pos19 ładuje się,inne,0.5
SD 171786,Zła godzina na zegarze TR,2025 07 17 14:51:14.548000 02:00,Incydent,PL 00318 Nadarzyn Maximus,318,Nadarzyn Maximus,Zła godzina na zegarze TR,zła godzina na zegarze tr,inne,0.5
SD 171785,title,2025 07 17 14:48:56.483000 02:00,Usługa,Artur Cholewski,Nieznany,Artur Cholewski,title,title,inne,0.5
SD 171784,CFS DT SBS Niepoprawnie przypisane do kas,2025 07 17 14:43:40.984000 02:00,Incydent,PL 00219 Inowroclaw,219,Inowroclaw,CFS DT SBS Niepoprawnie przypisane do kas,cfs dt sbs niepoprawnie przypisane do kas,inne,0.5
SD 171782,title,2025 07 17 14:41:09.866000 02:00,Usługa,Artur Cholewski,Nieznany,Artur Cholewski,title,title,inne,0.5
SD 171781,Korekta błędnie wbitych strat,2025 07 17 14:40:53.343000 02:00,Usługa,PL 00240 Tczew,240,Tczew,Korekta błędnie wbitych strat,korekta błędnie wbitych strat,inne,0.5
SD 171779,RE: McDonald s PL 61600207 Coates Support Case 00377226 Acknowledgment,2025 07 17 14:37:21.858000 02:00,Usługa,pl asista,Asystent,Asystent systemowy,RE: McDonald s PL 61600207 Coates Support Case 00377226 Acknowledgment,re: mcdonald s pl 61600207 coates support case 00377226 acknowledgment,inne,0.5
SD 171778,cso28 ładuje się,2025 07 17 14:36:53.954000 02:00,Incydent,PL 00279 Koszalin 2,279,Koszalin 2,cso28 ładuje się,cso28 ładuje się,inne,0.5
SD 171777,"Kiosk co jakiś czas, kilkanaście razy w ciągu dnia, zawiesza się, co przerywa proces składania zamówienia. Jest to szczególnie uciążliwe przy zamówieniach z kuponami w aplikacji kuponów nie można wykorzystać na innym urządzeniu.",2025 07 17 14:33:39.320000 02:00,Incydent,PL 00559 Swiecie,559,Swiecie,"Kiosk co jakiś czas, kilkanaście razy w ciągu dnia, zawiesza się, co przerywa proces składania zamówienia. Jest to szczególnie uciążliwe przy zamówieniach z kuponami w aplikacji kuponów nie można wykorzystać na innym urządzeniu.","kiosk co jakiś czas, kilkanaście razy w ciągu dnia, zawiesza się, co przerywa proces składania zamówienia. jest to szczególnie uciążliwe przy zamówieniach z kuponami w aplikacji kuponów nie można wykorzystać na innym urządzeniu.",POS/CSO zawieszony,0.9
SD 171776,ODMB zamówienia pokazują się na odwrót,2025 07 17 14:33:34.800000 02:00,Incydent,Rydultowy PL 00681,681,Rydultowy,ODMB zamówienia pokazują się na odwrót,odmb zamówienia pokazują się na odwrót,inne,0.5
SD 171775,POS03 prosi o wprowadzenie kwoty dla dyspensera,2025 07 17 14:32:53.181000 02:00,Incydent,PL 00329 Pulawy,329,Pulawy,POS03 prosi o wprowadzenie kwoty dla dyspensera,pos03 prosi o wprowadzenie kwoty dla dyspensera,inne,0.5
SD 171773,pos01 admin log on,2025 07 17 14:28:25.550000 02:00,Incydent,PL 00595 Znin,595,Znin,pos01 admin log on,pos01 admin log on,inne,0.5
SD 171772,Połączenie,2025 07 17 14:27:56.424000 02:00,Usługa,PL 00332 Poznan 14 Baltycka,332,Poznan 14 Baltycka,Połączenie,połączenie,inne,0.5
SD 171771,POS07 produkty pokazują się jako niedostępne,2025 07 17 14:24:29.954000 02:00,Incydent,PL 00095 Gdansk 04 OW,095,Gdansk 04 OW,POS07 produkty pokazują się jako niedostępne,pos07 produkty pokazują się jako niedostępne,inne,0.5
SD 171770,McDonald s PL 61600207 Coates Support Case 00377226 Acknowledgment,2025 07 17 14:18:30.500000 02:00,Usługa,pl asista,Asystent,Asystent systemowy,McDonald s PL 61600207 Coates Support Case 00377226 Acknowledgment,mcdonald s pl 61600207 coates support case 00377226 acknowledgment,inne,0.5
SD 171768,problem z webtool,2025 07 17 14:06:33.181000 02:00,Incydent,Katarzyna Czerepak,Nieznany,Katarzyna Czerepak,problem z webtool,problem z webtool,inne,0.5
SD 171766,Głuchy telefon,2025 07 17 13:58:59.850000 02:00,Usługa,PL 00222 Plock 2,222,Plock 2,Głuchy telefon,głuchy telefon,inne,0.5
SD 171765,Telefon serwisowy Pytanie o porty Lennox,2025 07 17 13:55:52.669000 02:00,Incydent,PL 00167 Raciborz 1,167,Raciborz 1,Telefon serwisowy Pytanie o porty Lennox,telefon serwisowy pytanie o porty lennox,telefon serwisowy,0.9
SD 171764,Zablokowane shaki i kawa z shake,2025 07 17 13:54:59.902000 02:00,Incydent,PL 00245 Poznan 11 Komorniki,245,Poznan 11 Komorniki,Zablokowane shaki i kawa z shake,zablokowane shaki i kawa z shake,inne,0.5
SD 171763,Ms9 nie da się zrobic transferu do suchego,2025 07 17 13:52:03.233000 02:00,Incydent,PL 00332 Poznan 14 Baltycka,332,Poznan 14 Baltycka,Ms9 nie da się zrobic transferu do suchego,ms9 nie da się zrobic transferu do suchego,inne,0.5
SD 171762,Skanery DT Nie skanują,2025 07 17 13:52:03.147000 02:00,Incydent,PL 00379 Nieporet,379,Nieporet,Skanery DT Nie skanują,skanery dt nie skanują,POS/CSO/DT skaner nie działa,0.9
SD 171760,POS6 nie otwiera szuflady,2025 07 17 13:46:41.370000 02:00,Incydent,pl 00120,120,pl 00120,POS6 nie otwiera szuflady,pos6 nie otwiera szuflady,inne,0.5
SD 171759,McDonald s Poland Coates Support Case 00377226 Acknowledgment,2025 07 17 13:46:22.653000 02:00,Usługa,pl asista,Asystent,Asystent systemowy,McDonald s Poland Coates Support Case 00377226 Acknowledgment,mcdonald s poland coates support case 00377226 acknowledgment,inne,0.5
SD 171758,Brak WRINu na napój owsiany w MyStore,2025 07 17 13:38:58.557000 02:00,Usługa,PL 00283 W wa 43 AL.Jerozolimskie,283,W wa 43 AL.Jerozolimskie,Brak WRINu na napój owsiany w MyStore,brak wrinu na napój owsiany w mystore,inne,0.5
SD 171756,Cso29 Obcinacz nie obcina,2025 07 17 13:32:28.725000 02:00,Incydent,pl 00684,684,pl 00684,Cso29 Obcinacz nie obcina,cso29 obcinacz nie obcina,inne,0.5
SD 171755,"Wizyta technika w lokalizacji MCD418 ul. Górnośląska 82, 62 803 Kalisz // INC000013983295",2025 07 17 13:22:26.882000 02:00,Usługa,pl asista,Asystent,Asystent systemowy,"Wizyta technika w lokalizacji MCD418 ul. Górnośląska 82, 62 803 Kalisz // INC000013983295","wizyta technika w lokalizacji mcd418 ul. górnośląska 82, 62 803 kalisz // inc000013983295",inne,0.5
SD 171754,Re: ODP: Prośba o weryfikacja maszyn wirtualnych,2025 07 17 13:17:21.456000 02:00,Usługa,pl asista,Asystent,Asystent systemowy,Re: ODP: Prośba o weryfikacja maszyn wirtualnych,re: odp: prośba o weryfikacja maszyn wirtualnych,inne,0.5
SD 171752,"Kabel do laptopa otrzymałam uszkodzony, podczas podłączenia do prądu lecą iskry i wydobywa się zapach spalenizny.",2025 07 17 13:10:28.947000 02:00,Incydent,Kinga Winiarska,Nieznany,Kinga Winiarska,"Kabel do laptopa otrzymałam uszkodzony, podczas podłączenia do prądu lecą iskry i wydobywa się zapach spalenizny.","kabel do laptopa otrzymałam uszkodzony, podczas podłączenia do prądu lecą iskry i wydobywa się zapach spalenizny.",inne,0.5
SD 171751,ODP: Prośba o weryfikacja maszyn wirtualnych,2025 07 17 13:10:27.158000 02:00,Usługa,pl asista,Asystent,Asystent systemowy,ODP: Prośba o weryfikacja maszyn wirtualnych,odp: prośba o weryfikacja maszyn wirtualnych,inne,0.5
SD 171749,Invo2 nie pobiera danych o paragonach i cały czas się zawiesza,2025 07 17 13:05:14.463000 02:00,Usługa,PL 00147 W wa 22 Pulkowa,147,W wa 22 Pulkowa,Invo2 nie pobiera danych o paragonach i cały czas się zawiesza,invo2 nie pobiera danych o paragonach i cały czas się zawiesza,POS/CSO zawieszony,0.9
SD 171748,COD skanery nie skanują kuponów,2025 07 17 12:52:33.927000 02:00,Incydent,PL 00678 Kedzierzyn Kozle,678,Kedzierzyn Kozle,COD skanery nie skanują kuponów,cod skanery nie skanują kuponów,inne,0.5
SD 171747,Cr25/26 wyświetla komunikat załaduj gotowkę,2025 07 17 12:52:22.016000 02:00,Incydent,PL 00149 Bielsko 2 Batory,149,Bielsko 2 Batory,Cr25/26 wyświetla komunikat załaduj gotowkę,cr25/26 wyświetla komunikat załaduj gotowkę,inne,0.5
SD 171745,CSO26 Kiosk niedostępny,2025 07 17 12:50:58.562000 02:00,Incydent,PL 00507 Wrocław 21 CH Wroclavia,507,Wrocław 21 CH Wroclavia,CSO26 Kiosk niedostępny,cso26 kiosk niedostępny,CSOxx niedostępny,0.9
SD 171744,Błąd tabletu Zebra,2025 07 17 12:50:49.756000 02:00,Incydent,PL 00500 Stargard,500,Stargard,Błąd tabletu Zebra,błąd tabletu zebra,inne,0.5
SD 171743,Na kiosku wyświetla się nie aktualna promocja McRoyal Cheesy i Jalapeno Bacon,2025 07 17 12:49:15.153000 02:00,Incydent,pl 00663,663,pl 00663,Na kiosku wyświetla się nie aktualna promocja McRoyal Cheesy i Jalapeno Bacon,na kiosku wyświetla się nie aktualna promocja mcroyal cheesy i jalapeno bacon,inne,0.5
SD 171742,POS24 anulowanie zwrotu,2025 07 17 12:41:40.567000 02:00,Usługa,PL 00296 Czestochowa 5,296,Czestochowa 5,POS24 anulowanie zwrotu,pos24 anulowanie zwrotu,inne,0.5
SD 171741,Promocja lokalna po aktualizacji problem z wyborem promocji na CSO,2025 07 17 12:40:48.070000 02:00,Incydent,PL 00300 W wa 41 Zlote Tarasy,300,W wa 41 Zlote Tarasy,Promocja lokalna po aktualizacji problem z wyborem promocji na CSO,promocja lokalna po aktualizacji problem z wyborem promocji na cso,inne,0.5
SD 171739,Kvs11 Nieskalibrowany dotyk,2025 07 17 12:33:09.847000 02:00,Incydent,PL 00334 Tarnobrzeg,334,Tarnobrzeg,Kvs11 Nieskalibrowany dotyk,kvs11 nieskalibrowany dotyk,inne,0.5
SD 171737,GF MOD Logowanie/MFA,2025 07 17 12:23:22.253000 02:00,Usługa,pl asista,Asystent,Asystent systemowy,GF MOD Logowanie/MFA,gf mod logowanie/mfa,inne,0.5
SD 171736,ORB01 nie działa,2025 07 17 12:22:35.807000 02:00,Incydent,PL 00267 W wa 38 Solidarnosci,267,W wa 38 Solidarnosci,ORB01 nie działa,orb01 nie działa,inne,0.5
SD 171733,Drukarka Grillowa Nie drukuje,2025 07 17 12:15:24.349000 02:00,Incydent,PL 00031 Radom 1,031,Radom 1,Drukarka Grillowa Nie drukuje,drukarka grillowa nie drukuje,inne,0.5
SD 171731,POS07 AdminLogon,2025 07 17 12:11:13.584000 02:00,Incydent,PL 00031 Radom 1,031,Radom 1,POS07 AdminLogon,pos07 adminlogon,POS/CSO/KVS admin logon,0.9
SD 171730,Autorelease nie wpada automatycznie,2025 07 17 12:08:20.686000 02:00,Incydent,PL 00281 W wa 40 Wilenska,281,W wa 40 Wilenska,Autorelease nie wpada automatycznie,autorelease nie wpada automatycznie,Autorelease nie wpada automatycznie,0.9
SD 171729,POS02 Kasa zacięła się,2025 07 17 12:06:46.681000 02:00,Incydent,pl 00696,696,pl 00696,POS02 Kasa zacięła się,pos02 kasa zacięła się,POS/CSO zawieszony,0.9
SD 171728,POS7 skaner nie skanuje kuponów,2025 07 17 12:02:42.241000 02:00,Incydent,pl 00754,754,pl 00754,POS7 skaner nie skanuje kuponów,pos7 skaner nie skanuje kuponów,POS/CSO/DT skaner nie działa,0.9
SD 171727,czarny ekran,2025 07 17 12:02:41.526000 02:00,Incydent,PL 00394 Wrzesnia,394,Wrzesnia,czarny ekran,czarny ekran,inne,0.5
SD 171725,Problem z zalogowaniem się do MAP01,2025 07 17 11:57:31.304000 02:00,Incydent,pl 00720,720,pl 00720,Problem z zalogowaniem się do MAP01,problem z zalogowaniem się do map01,inne,0.5
SD 171724,POS/CSO/KVS admin logon,2025 07 17 11:53:15.017000 02:00,Incydent,PL 00363 Sosnowiec 3 Plaza,363,Sosnowiec 3 Plaza,POS/CSO/KVS admin logon,pos/cso/kvs admin logon,POS/CSO/KVS admin logon,0.9
SD 171723,DT2 nie działa kamera,2025 07 17 11:49:24.187000 02:00,Incydent,PL 00348 Plonsk,348,Plonsk,DT2 nie działa kamera,dt2 nie działa kamera,POS/CSO/DT skaner nie działa,0.9
SD 171722,COD skaner nie daje wiązki światła,2025 07 17 11:48:57.755000 02:00,Incydent,PL 00568 Pultusk,568,Pultusk,COD skaner nie daje wiązki światła,cod skaner nie daje wiązki światła,inne,0.5
SD 171721,e production nie pokazuje mięs plain,2025 07 17 11:44:52.897000 02:00,Incydent,PL 00266 Krakow 13 Mogilany,266,Krakow 13 Mogilany,e production nie pokazuje mięs plain,e production nie pokazuje mięs plain,inne,0.5
SD 171720,Na ekranie Hold wyświetlania się widok na 4 podglady zamiast 1,2025 07 17 11:43:38.290000 02:00,Incydent,PL 00455 Grodzisk Wielkopolski,455,Grodzisk Wielkopolski,Na ekranie Hold wyświetlania się widok na 4 podglady zamiast 1,na ekranie hold wyświetlania się widok na 4 podglady zamiast 1,inne,0.5
SD 171715,"Re: RE: INC000013981173/ 891774 / McDonalds ul. Władysława Jagiełły 2027/6, 64 800 Chodzież",2025 07 17 11:26:25.868000 02:00,Usługa,pl asista,Asystent,Asystent systemowy,"Re: RE: INC000013981173/ 891774 / McDonalds ul. Władysława Jagiełły 2027/6, 64 800 Chodzież","re: re: inc000013981173/ 891774 / mcdonalds ul. władysława jagiełły 2027/6, 64 800 chodzież",inne,0.5
SD 171714,TAP45 nie można zalogować kasjera,2025 07 17 11:25:11.747000 02:00,Incydent,PL 00467 Zary,467,Zary,TAP45 nie można zalogować kasjera,tap45 nie można zalogować kasjera,MyStore background service nie gotowy/nie można się zalogować,0.9
SD 171713,ODMB nowy ekran z 3 szarymi kafelkami zamiast jednego normlanego podgladu,2025 07 17 11:16:40.610000 02:00,Incydent,PL 00455 Grodzisk Wielkopolski,455,Grodzisk Wielkopolski,ODMB nowy ekran z 3 szarymi kafelkami zamiast jednego normlanego podgladu,odmb nowy ekran z 3 szarymi kafelkami zamiast jednego normlanego podgladu,inne,0.5
SD 171712,Kody MFA,2025 07 17 11:14:27.448000 02:00,Usługa,PL 00554 Krapkowice,554,Krapkowice,Kody MFA,kody mfa,inne,0.5
SD 171711,CSO26 drukarka fiskalna niedostępna,2025 07 17 11:12:29.186000 02:00,Incydent,PL 00127 W wa 18 Ursynow,127,W wa 18 Ursynow,CSO26 drukarka fiskalna niedostępna,cso26 drukarka fiskalna niedostępna,inne,0.5
SD 171710,DT1 skaner nie działa,2025 07 17 11:11:09.841000 02:00,Incydent,PL 00245 Poznan 11 Komorniki,245,Poznan 11 Komorniki,DT1 skaner nie działa,dt1 skaner nie działa,POS/CSO/DT skaner nie działa,0.9
SD 171709,RE: McDonald s PL Koszalin 61600339 Coates Support Case 00376559 Acknowledgment,2025 07 17 11:08:24.505000 02:00,Usługa,pl asista,Asystent,Asystent systemowy,RE: McDonald s PL Koszalin 61600339 Coates Support Case 00376559 Acknowledgment,re: mcdonald s pl koszalin 61600339 coates support case 00376559 acknowledgment,inne,0.5
SD 171708,Kioski niedostępne mimo zalogowania,2025 07 17 11:08:08.348000 02:00,Usługa,pl 00684,684,pl 00684,Kioski niedostępne mimo zalogowania,kioski niedostępne mimo zalogowania,inne,0.5
SD 171707,Cso25 cena na terminalu rozni sie od tej w kiosku,2025 07 17 11:06:29.222000 02:00,Incydent,PL 00123 Kutno 1,123,Kutno 1,Cso25 cena na terminalu rozni sie od tej w kiosku,cso25 cena na terminalu rozni sie od tej w kiosku,CSOxx niedostępny,0.8
SD 171706,"BOS, MAP nie można się zalogować",2025 07 17 11:06:23.943000 02:00,Incydent,PL 00536 Mala Holandia,536,Mala Holandia,"BOS, MAP nie można się zalogować","bos, map nie można się zalogować",BOS/MAP nie można się zalogować,0.9
SD 171705,ACTION NEEDED : We are awaiting a response for Case : 00375442 for McDonald s PL Sochaczew 61600386,2025 07 17 11:05:29.011000 02:00,Usługa,pl asista,Asystent,Asystent systemowy,ACTION NEEDED : We are awaiting a response for Case : 00375442 for McDonald s PL Sochaczew 61600386,action needed : we are awaiting a response for case : 00375442 for mcdonald s pl sochaczew 61600386,inne,0.5
SD 171704,ACTION NEEDED : We are awaiting a response for Case : 00375430 for McDonald s Poland,2025 07 17 11:04:22.979000 02:00,Usługa,pl asista,Asystent,Asystent systemowy,ACTION NEEDED : We are awaiting a response for Case : 00375430 for McDonald s Poland,action needed : we are awaiting a response for case : 00375430 for mcdonald s poland,inne,0.5
SD 171702,"RE: INC000013981173/ 891774 / McDonalds ul. Władysława Jagiełły 2027/6, 64 800 Chodzież",2025 07 17 11:00:23.446000 02:00,Usługa,pl asista,Asystent,Asystent systemowy,"RE: INC000013981173/ 891774 / McDonalds ul. Władysława Jagiełły 2027/6, 64 800 Chodzież","re: inc000013981173/ 891774 / mcdonalds ul. władysława jagiełły 2027/6, 64 800 chodzież",inne,0.5
SD 171700,"INC000013981173/ 891774 / McDonalds ul. Władysława Jagiełły 2027/6, 64 800 Chodzież",2025 07 17 10:58:25.488000 02:00,Usługa,pl asista,Asystent,Asystent systemowy,"INC000013981173/ 891774 / McDonalds ul. Władysława Jagiełły 2027/6, 64 800 Chodzież","inc000013981173/ 891774 / mcdonalds ul. władysława jagiełły 2027/6, 64 800 chodzież",inne,0.5
SD 171699,"ekran jest włączony na dwóch monitorach, na których się powinien wyświetlać podgląd kamery, aczkolwiek nic się na nim nie wyświetla",2025 07 17 10:58:05.984000 02:00,Incydent,PL 00370 Gdansk 10 Swietokrzyska,370,Gdansk 10 Swietokrzyska,"ekran jest włączony na dwóch monitorach, na których się powinien wyświetlać podgląd kamery, aczkolwiek nic się na nim nie wyświetla","ekran jest włączony na dwóch monitorach, na których się powinien wyświetlać podgląd kamery, aczkolwiek nic się na nim nie wyświetla",inne,0.5
SD 171698,Brak możliwości utworzenia zgłoszenia,2025 07 17 10:51:27.445000 02:00,Usługa,PL 00307 Ostrow Wielkopolski,307,Ostrow Wielkopolski,Brak możliwości utworzenia zgłoszenia,brak możliwości utworzenia zgłoszenia,inne,0.5
SD 171695,na kiosksch wyświetla się reklama Hit Maka,2025 07 17 10:43:21.230000 02:00,Incydent,PL 00617 Wejherowo,617,Wejherowo,na kiosksch wyświetla się reklama Hit Maka,na kiosksch wyświetla się reklama hit maka,inne,0.5
SD 171694,ABS Nie nalewa automatycznie napojów,2025 07 17 10:34:26.514000 02:00,Incydent,pl 00696,696,pl 00696,ABS Nie nalewa automatycznie napojów,abs nie nalewa automatycznie napojów,inne,0.5
SD 171693,Logują się po zamknięciu dnia.,2025 07 17 10:33:07.745000 02:00,Incydent,PL 00416 Poznan 16 Avenida Galeria,416,Poznan 16 Avenida Galeria,Logują się po zamknięciu dnia.,logują się po zamknięciu dnia.,inne,0.5
SD 171692,RHS01 Nie uruchomił się po awarii prądu,2025 07 17 10:24:14.319000 02:00,Incydent,PL 00296 Czestochowa 5,296,Czestochowa 5,RHS01 Nie uruchomił się po awarii prądu,rhs01 nie uruchomił się po awarii prądu,inne,0.5
SD 171691,UPS pokazuje niski poziom energii,2025 07 17 10:24:13.244000 02:00,Incydent,PL 00298 Konin 2,298,Konin 2,UPS pokazuje niski poziom energii,ups pokazuje niski poziom energii,inne,0.5
SD 171688,brak grill slip,2025 07 17 10:09:57.890000 02:00,Incydent,PL 00520 W Wa 58 Atrium Promena,520,W Wa 58 Atrium Promena,brak grill slip,brak grill slip,inne,0.5
SD 171687,Zwrot drukarki Posnet HD Online SN: PO114022618,2025 07 17 10:09:16.399000 02:00,Poważny Incydent,PL 00032 W wa 06 Janki,032,W wa 06 Janki,Zwrot drukarki Posnet HD Online SN: PO114022618,zwrot drukarki posnet hd online sn: po114022618,inne,0.5
SD 171685,POS6 nie załadował się NP do końca,2025 07 17 10:05:26.752000 02:00,Incydent,PL 00528 Jozefow,528,Jozefow,POS6 nie załadował się NP do końca,pos6 nie załadował się np do końca,POS brak kafelków,0.9
SD 171684,"McDonalds, McDonald s Poland, Coates Support Case 00375473, PLHFS 8437 Request to change CFS configuration 15/16.07.2025 , Case Resolution",2025 07 17 10:02:32.850000 02:00,Usługa,pl asista,Asystent,Asystent systemowy,"McDonalds, McDonald s Poland, Coates Support Case 00375473, PLHFS 8437 Request to change CFS configuration 15/16.07.2025 , Case Resolution","mcdonalds, mcdonald s poland, coates support case 00375473, plhfs 8437 request to change cfs configuration 15/16.07.2025 , case resolution",inne,0.5
SD 171683,Mystore błędne hasło,2025 07 17 09:59:01.759000 02:00,Incydent,PL 00536 Mala Holandia,536,Mala Holandia,Mystore błędne hasło,mystore błędne hasło,inne,0.5
SD 171681,DT dashboard czarny ekran,2025 07 17 09:58:36.310000 02:00,Incydent,PL 00017 Czestochowa 2,017,Czestochowa 2,DT dashboard czarny ekran,dt dashboard czarny ekran,inne,0.5
SD 171679,Szafa Serwerowa brak zasilania,2025 07 17 09:54:41.586000 02:00,Incydent,PL 00296 Czestochowa 5,296,Czestochowa 5,Szafa Serwerowa brak zasilania,szafa serwerowa brak zasilania,inne,0.5
SD 171678,iDMB cennik czarny obraz,2025 07 17 09:53:20.530000 02:00,Incydent,PL 00306 Minsk Mazowiecki,306,Minsk Mazowiecki,iDMB cennik czarny obraz,idmb cennik czarny obraz,inne,0.5
SD 171677,"KVS31, KVS05 i KVS06 M na czerwonym tle",2025 07 17 09:50:29.755000 02:00,Incydent,PL 00487 MOP Aleksandrowice A4 N,487,MOP Aleksandrowice A4 N,"KVS31, KVS05 i KVS06 M na czerwonym tle","kvs31, kvs05 i kvs06 m na czerwonym tle",inne,0.5
SD 171675,KVSy brak powiadomień dźwiękowych,2025 07 17 09:43:53.286000 02:00,Incydent,PL 00248 W wa 34 Park Wola,248,W wa 34 Park Wola,KVSy brak powiadomień dźwiękowych,kvsy brak powiadomień dźwiękowych,inne,0.5
SD 171674,"Newpos problem z klientem, który zrealizował nie aktualną ofertę",2025 07 17 09:39:29.355000 02:00,Usługa,PL 00305 Bielsko Biala 3 CH Sfera,305,Bielsko Biala 3 CH Sfera,"Newpos problem z klientem, który zrealizował nie aktualną ofertę","newpos problem z klientem, który zrealizował nie aktualną ofertę",inne,0.5
SD 171673,Kasa 45 zebra zły dzień biznesowy,2025 07 17 09:33:51.202000 02:00,Incydent,PL 00264 Lodz 13 Manufaktura,264,Lodz 13 Manufaktura,Kasa 45 zebra zły dzień biznesowy,kasa 45 zebra zły dzień biznesowy,inne,0.5
SD 171672,Mystore nie uruchamia się,2025 07 17 09:27:05.294000 02:00,Incydent,PL 00203 Gdansk 06 Staw,203,Gdansk 06 Staw,Mystore nie uruchamia się,mystore nie uruchamia się,inne,0.5
SD 171671,Jeden z czasów nie zaczytuje się.,2025 07 17 09:26:09.903000 02:00,Incydent,PL 00523 Stary Sacz,523,Stary Sacz,Jeden z czasów nie zaczytuje się.,jeden z czasów nie zaczytuje się.,inne,0.5
SD 171670,KVS11 Nie działa dotyk,2025 07 17 09:24:06.085000 02:00,Incydent,PL 00520 W Wa 58 Atrium Promena,520,W Wa 58 Atrium Promena,KVS11 Nie działa dotyk,kvs11 nie działa dotyk,inne,0.5
SD 171669,HWA01 ekran się zaciął i nie reaguje,2025 07 17 09:22:17.654000 02:00,Incydent,PL 00357 Rzeszow 3 Millenium Hall,357,Rzeszow 3 Millenium Hall,HWA01 ekran się zaciął i nie reaguje,hwa01 ekran się zaciął i nie reaguje,POS/CSO zawieszony,0.9
SD 171668,dzień dobry w dalszym ciągu nie możemy otworzyć pendrive kingston iron Key konkretnie oprogramowania do niego,2025 07 17 09:20:34.860000 02:00,Incydent,Joanna Łakomy,Nieznany,Joanna Łakomy,dzień dobry w dalszym ciągu nie możemy otworzyć pendrive kingston iron Key konkretnie oprogramowania do niego,dzień dobry w dalszym ciągu nie możemy otworzyć pendrive kingston iron key konkretnie oprogramowania do niego,inne,0.5
SD 171667,KVS Brak czasów na ekranach,2025 07 17 09:19:04.425000 02:00,Incydent,PL 00381 Kielce 5 Korona,381,Kielce 5 Korona,KVS Brak czasów na ekranach,kvs brak czasów na ekranach,inne,0.5
SD 171666,MyStore nie uruchamia się,2025 07 17 09:18:36.661000 02:00,Usługa,PL 00471 Starogard Gdański,471,Starogard Gdański,MyStore nie uruchamia się,mystore nie uruchamia się,inne,0.5
SD 171665,POS07 nie otwiera się szuflada,2025 07 17 09:17:41.302000 02:00,Incydent,Warszawa Reguly PL 00689,689,Warszawa Reguly,POS07 nie otwiera się szuflada,pos07 nie otwiera się szuflada,inne,0.5
SD 171664,Druakra OAT Niewłaściwy margines,2025 07 17 09:16:34.430000 02:00,Incydent,PL 00116 Lublin 1,116,Lublin 1,Druakra OAT Niewłaściwy margines,druakra oat niewłaściwy margines,inne,0.5
SD 171662,RE: Brak danych PMIX rest 427,2025 07 17 09:09:27.174000 02:00,Usługa,pl asista,Asystent,Asystent systemowy,RE: Brak danych PMIX rest 427,re: brak danych pmix rest 427,inne,0.5
SD 171661,KVS08 nie uruchamia się do końca,2025 07 17 09:05:29.247000 02:00,Incydent,PL 00552 Jawczyce,552,Jawczyce,KVS08 nie uruchamia się do końca,kvs08 nie uruchamia się do końca,inne,0.5
SD 171660,McDonald s PL Radom 61600105 Coates Support Case 00376866 Acknowledgment,2025 07 17 09:03:26.442000 02:00,Usługa,pl asista,Asystent,Asystent systemowy,McDonald s PL Radom 61600105 Coates Support Case 00376866 Acknowledgment,mcdonald s pl radom 61600105 coates support case 00376866 acknowledgment,inne,0.5
SD 171659,wyse .9 tabelka system information,2025 07 17 09:03:17.617000 02:00,Incydent,PL 00323 Biala Podlaska,323,Biala Podlaska,wyse .9 tabelka system information,wyse .9 tabelka system information,inne,0.5
SD 171658,CSO czerone M/ admin logon,2025 07 17 09:00:19.647000 02:00,Incydent,pl 00567,567,pl 00567,CSO czerone M/ admin logon,cso czerone m/ admin logon,POS/CSO/KVS admin logon,0.9
SD 171657,CSO25 Zamówienia anulowane,2025 07 17 08:59:38.200000 02:00,Incydent,PL 00378 Gdansk 09 MPH,378,Gdansk 09 MPH,CSO25 Zamówienia anulowane,cso25 zamówienia anulowane,inne,0.5
SD 171656,CSO25 CSO28 offline,2025 07 17 08:56:13.476000 02:00,Incydent,PL 00407 Katowice 08 PKP Galeria,407,Katowice 08 PKP Galeria,CSO25 CSO28 offline,cso25 cso28 offline,inne,0.5
SD 171655,Brak dźwięku na kuchni przy nowych zamówieniach,2025 07 17 08:48:33.221000 02:00,Incydent,pl 00754,754,pl 00754,Brak dźwięku na kuchni przy nowych zamówieniach,brak dźwięku na kuchni przy nowych zamówieniach,inne,0.5
SD 171654,kvs09 nie działa dotyk,2025 07 17 08:45:51.526000 02:00,Incydent,PL 00277 Bydgoszcz 5 Galeria,277,Bydgoszcz 5 Galeria,kvs09 nie działa dotyk,kvs09 nie działa dotyk,inne,0.5
SD 171653,HWA01 nie wyświetla pracowników,2025 07 17 08:45:40.808000 02:00,Incydent,PL 00471 Starogard Gdański,471,Starogard Gdański,HWA01 nie wyświetla pracowników,hwa01 nie wyświetla pracowników,inne,0.5
SD 171652,KVS09 brak dotyku na ekranie,2025 07 17 08:44:06.942000 02:00,Incydent,PL 00476 Bydgoszcz 07 Focus,476,Bydgoszcz 07 Focus,KVS09 brak dotyku na ekranie,kvs09 brak dotyku na ekranie,inne,0.5
SD 171651,POS02 Kupony odrzucane,2025 07 17 08:42:48.577000 02:00,Incydent,pl 00696,696,pl 00696,POS02 Kupony odrzucane,pos02 kupony odrzucane,inne,0.5
SD 171650,MOP prośba o włączenie,2025 07 17 08:41:03.845000 02:00,Usługa,PL 00212 Gdansk 07 Morena,212,Gdansk 07 Morena,MOP prośba o włączenie,mop prośba o włączenie,MOP Prośba o włączenie/wyłączenie,0.9
SD 171649,MOP prośba o włącznie,2025 07 17 08:39:20.113000 02:00,Usługa,PL 00267 W wa 38 Solidarnosci,267,W wa 38 Solidarnosci,MOP prośba o włącznie,mop prośba o włącznie,inne,0.5
SD 171648,MOP wykryto brak fiskalizacji,2025 07 17 08:33:46.926000 02:00,Incydent,Kozienice PL 00673,673,Kozienice,MOP wykryto brak fiskalizacji,mop wykryto brak fiskalizacji,MOP brak fiskalizacji,0.9
SD 171646,Brak tostów w eproduction,2025 07 17 08:30:35.263000 02:00,Incydent,pl 00754,754,pl 00754,Brak tostów w eproduction,brak tostów w eproduction,inne,0.5
SD 171645,MS9 nie uruchamia się,2025 07 17 08:27:42.495000 02:00,Incydent,PL 00623 Nowa Sol,623,Nowa Sol,MS9 nie uruchamia się,ms9 nie uruchamia się,inne,0.5
SD 171642,wyse .5 przerywany ping,2025 07 17 08:18:09.281000 02:00,Incydent,PL 00155 Poznan 10 Kino,155,Poznan 10 Kino,wyse .5 przerywany ping,wyse .5 przerywany ping,inne,0.5
SD 171641,MS9 nie można się zalogować,2025 07 17 08:16:44.828000 02:00,Incydent,PL 00517 W wa Galeria Mlociny,517,W wa Galeria Mlociny,MS9 nie można się zalogować,ms9 nie można się zalogować,MyStore background service nie gotowy/nie można się zalogować,0.9
SD 171640,Drukarka grill MFY1 błąd papieru,2025 07 17 08:16:31.598000 02:00,Incydent,pl 00695,695,pl 00695,Drukarka grill MFY1 błąd papieru,drukarka grill mfy1 błąd papieru,inne,0.5
SD 171639,kvs17 czerwone tło i logo mcd,2025 07 17 08:16:19.111000 02:00,Incydent,PL 00516 Czluchow,516,Czluchow,kvs17 czerwone tło i logo mcd,kvs17 czerwone tło i logo mcd,POS/CSO/KVS czerwona M,0.9
SD 171637,Brak kopi refund z dnia 13.07.2025,2025 07 17 08:11:22.419000 02:00,Usługa,pl asista,Asystent,Asystent systemowy,Brak kopi refund z dnia 13.07.2025,brak kopi refund z dnia 13.07.2025,inne,0.5
SD 171634,GPR Drukarki podłączone pod POS nie działają,2025 07 17 08:06:43.387000 02:00,Incydent,PL 00298 Konin 2,298,Konin 2,GPR Drukarki podłączone pod POS nie działają,gpr drukarki podłączone pod pos nie działają,POS/CSO/DT skaner nie działa,0.9
SD 171633,MOP prośba o włączenie,2025 07 17 08:05:19.592000 02:00,Usługa,PL 00323 Biala Podlaska,323,Biala Podlaska,MOP prośba o włączenie,mop prośba o włączenie,MOP Prośba o włączenie/wyłączenie,0.9
SD 171632,Backoffice błędna godzina,2025 07 17 08:04:41.957000 02:00,Incydent,PL 00078 Poznan 07 Swarzedz,078,Poznan 07 Swarzedz,Backoffice błędna godzina,backoffice błędna godzina,inne,0.5
SD 171631,KVS17 Nie działa dotyk,2025 07 17 08:03:48.013000 02:00,Incydent,PL 00457 Wroclaw 20 Dworzec PKP 2,457,Wroclaw 20 Dworzec PKP 2,KVS17 Nie działa dotyk,kvs17 nie działa dotyk,inne,0.5
SD 171629,Połączenie,2025 07 17 08:00:26.026000 02:00,Usługa,PL 00367 Wroclaw 18 SkyTower,367,Wroclaw 18 SkyTower,Połączenie,połączenie,inne,0.5
SD 171627,Głuchy telefon,2025 07 17 07:59:27.969000 02:00,Usługa,PL 00595 Znin,595,Znin,Głuchy telefon,głuchy telefon,inne,0.5
SD 171626,IDMB bo awarii prądu ekrany nie uruchamiają się,2025 07 17 07:59:01.826000 02:00,Incydent,PL 00333 MOP Wymyslow,333,MOP Wymyslow,IDMB bo awarii prądu ekrany nie uruchamiają się,idmb bo awarii prądu ekrany nie uruchamiają się,inne,0.5
SD 171625,Nie uruchamia się,2025 07 17 07:57:45.366000 02:00,Incydent,Natalia Chrzanowska,Nieznany,Natalia Chrzanowska,Nie uruchamia się,nie uruchamia się,inne,0.5
SD 171624,MOP prośba o wyłączenie,2025 07 17 07:55:58.960000 02:00,Usługa,PL 00212 Gdansk 07 Morena,212,Gdansk 07 Morena,MOP prośba o wyłączenie,mop prośba o wyłączenie,MOP Prośba o włączenie/wyłączenie,0.9
SD 171622,MOP Prośba o włączenie,2025 07 17 07:54:03.336000 02:00,Usługa,PL 00595 Znin,595,Znin,MOP Prośba o włączenie,mop prośba o włączenie,MOP Prośba o włączenie/wyłączenie,0.9
SD 171621,FOE63 Nieprawidłowa data biznesowa,2025 07 17 07:52:24.340000 02:00,Incydent,pl 00555,555,pl 00555,FOE63 Nieprawidłowa data biznesowa,foe63 nieprawidłowa data biznesowa,FOE63 nieprawidłowy dzień biznesowy,0.9
SD 171619,CSO30 DF Nie odpowiada,2025 07 17 07:50:37.726000 02:00,Incydent,PL 00251 Olsztyn 2,251,Olsztyn 2,CSO30 DF Nie odpowiada,cso30 df nie odpowiada,inne,0.5
SD 171614,FOE63 closed na 16.07,2025 07 17 07:37:03.396000 02:00,Incydent,pl 00754,754,pl 00754,FOE63 closed na 16.07,foe63 closed na 16.07,inne,0.5
SD 171613,Skanery COD i ODMB nie działa,2025 07 17 07:36:21.433000 02:00,Incydent,PL 00591 Zamosc 2,591,Zamosc 2,Skanery COD i ODMB nie działa,skanery cod i odmb nie działa,POS/CSO/DT skaner nie działa,0.9
SD 171612,CFS Nie działa,2025 07 17 07:35:29.753000 02:00,Incydent,PL 00424 Kornik,424,Kornik,CFS Nie działa,cfs nie działa,inne,0.5
SD 171611,IDMB FC brak reklam / wyświetla się HDMI,2025 07 17 07:35:03.640000 02:00,Incydent,PL 00645 Wroclaw Kazimierza Wielkiego,645,Wroclaw Kazimierza Wielkiego,IDMB FC brak reklam / wyświetla się HDMI,idmb fc brak reklam / wyświetla się hdmi,inne,0.5
SD 171610,ODMB Odwrotnie wpadają zamówienia 1 na 2 i na odwrot,2025 07 17 07:33:36.757000 02:00,Incydent,PL 00675 MOP S8 Budykierz,675,MOP S8 Budykierz,ODMB Odwrotnie wpadają zamówienia 1 na 2 i na odwrot,odmb odwrotnie wpadają zamówienia 1 na 2 i na odwrot,inne,0.5
SD 171609,DF MOP nie działa prawidłowo,2025 07 17 07:33:31.805000 02:00,Incydent,pl 00567,567,pl 00567,DF MOP nie działa prawidłowo,df mop nie działa prawidłowo,inne,0.5
SD 171608,MOP Prośba o włączenie,2025 07 17 07:30:48.366000 02:00,Usługa,PL 00245 Poznan 11 Komorniki,245,Poznan 11 Komorniki,MOP Prośba o włączenie,mop prośba o włączenie,MOP Prośba o włączenie/wyłączenie,0.9
SD 171607,POS24 Nie załadował się,2025 07 17 07:30:22.013000 02:00,Incydent,PL 00439 Oswiecim,439,Oswiecim,POS24 Nie załadował się,pos24 nie załadował się,POS brak kafelków,0.9
SD 171605,POS01 Nie załadował się,2025 07 17 07:25:58.935000 02:00,Incydent,pl 00654,654,pl 00654,POS01 Nie załadował się,pos01 nie załadował się,POS brak kafelków,0.9
SD 171604,Pos03 brak kafelków,2025 07 17 07:24:25.542000 02:00,Incydent,PL 00042 Bydgoszcz 2 Torpedo,042,Bydgoszcz 2 Torpedo,Pos03 brak kafelków,pos03 brak kafelków,POS brak kafelków,0.9
SD 171603,MyStore prośba o zmianę hasła,2025 07 17 07:23:49.129000 02:00,Usługa,PL 00646 Tuchola,646,Tuchola,MyStore prośba o zmianę hasła,mystore prośba o zmianę hasła,inne,0.5
SD 171602,POS03 komunikat o otwartej szufladzie mimo braku szuflady,2025 07 17 07:22:05.377000 02:00,Usługa,PL 00077 W wa 13 Pruszkow,077,W wa 13 Pruszkow,POS03 komunikat o otwartej szufladzie mimo braku szuflady,pos03 komunikat o otwartej szufladzie mimo braku szuflady,POS brak kafelków,0.9
SD 171600,FOE63 zły dzień biznesowy,2025 07 17 07:21:06.760000 02:00,Incydent,PL 00323 Biala Podlaska,323,Biala Podlaska,FOE63 zły dzień biznesowy,foe63 zły dzień biznesowy,FOE63 nieprawidłowy dzień biznesowy,0.9
SD 171599,Ms9 Brak czasów szybkości obsługi za dzień 16.07 od godziny 14,2025 07 17 07:19:31.613000 02:00,Incydent,PL 00437 MOP Wisniowa Gora A1 W,437,MOP Wisniowa Gora A1 W,Ms9 Brak czasów szybkości obsługi za dzień 16.07 od godziny 14,ms9 brak czasów szybkości obsługi za dzień 16.07 od godziny 14,MyStore brak czasów szybkości obsługi,0.9
SD 171598,POS07 Szuflada nie otwiera się automatycznie,2025 07 17 07:18:21.905000 02:00,Incydent,PL 00698 MOP Obroki W,698,MOP Obroki W,POS07 Szuflada nie otwiera się automatycznie,pos07 szuflada nie otwiera się automatycznie,inne,0.5
SD 171596,MOP odrzucona zamówienia,2025 07 17 07:11:19.512000 02:00,Incydent,PL 00595 Znin,595,Znin,MOP odrzucona zamówienia,mop odrzucona zamówienia,MOP zamówienia nie drukują się/odrzuca zamówienia,0.9
SD 171595,Pusty ekran,2025 07 17 07:10:53.865000 02:00,Incydent,PL 00347 Szczecin 08 PZ,347,Szczecin 08 PZ,Pusty ekran,pusty ekran,inne,0.5
SD 171594,Bos01 connection failed,2025 07 17 07:10:05.254000 02:00,Incydent,PL 00338 Odolion,338,Odolion,Bos01 connection failed,bos01 connection failed,inne,0.5
SD 171593,Brak widocznego panelu kasowego na kasie nr 6,2025 07 17 07:09:50.919000 02:00,Incydent,PL 00336 Nysa,336,Nysa,Brak widocznego panelu kasowego na kasie nr 6,brak widocznego panelu kasowego na kasie nr 6,inne,0.5
SD 171592,POS24 brak ikon,2025 07 17 07:09:42.560000 02:00,Incydent,PL 00425 Poznan 17 Marcelin,425,Poznan 17 Marcelin,POS24 brak ikon,pos24 brak ikon,POS brak kafelków,0.9
SD 171590,Nie drukuje z PC Office,2025 07 17 07:08:30.190000 02:00,Incydent,PL 00203 Gdansk 06 Staw,203,Gdansk 06 Staw,Nie drukuje z PC Office,nie drukuje z pc office,inne,0.5
SD 171589,GPR Drukarki podłączone pod POS nie działają,2025 07 17 07:08:24.016000 02:00,Incydent,PL 00453 Pruszcz Gdanski,453,Pruszcz Gdanski,GPR Drukarki podłączone pod POS nie działają,gpr drukarki podłączone pod pos nie działają,POS/CSO/DT skaner nie działa,0.9
SD 171588,CSO problem z zalogowaniem,2025 07 17 07:05:14.440000 02:00,Incydent,PL 00267 W wa 38 Solidarnosci,267,W wa 38 Solidarnosci,CSO problem z zalogowaniem,cso problem z zalogowaniem,inne,0.5
SD 171585,GPR Drukarki podłączone pod POS nie działają,2025 07 17 06:56:44.012000 02:00,Incydent,PL 00411 MOP Markuszow S17 North,411,MOP Markuszow S17 North,GPR Drukarki podłączone pod POS nie działają,gpr drukarki podłączone pod pos nie działają,POS/CSO/DT skaner nie działa,0.9
SD 171584,FOE63 Nie prawidłowy dzień biznesowy,2025 07 17 06:55:57.833000 02:00,Incydent,PL 00466 W wa 50 Zachodnia,466,W wa 50 Zachodnia,FOE63 Nie prawidłowy dzień biznesowy,foe63 nie prawidłowy dzień biznesowy,FOE63 nieprawidłowy dzień biznesowy,0.9
SD 171583,DT1 nie działa,2025 07 17 06:55:41.579000 02:00,Incydent,PL 00678 Kedzierzyn Kozle,678,Kedzierzyn Kozle,DT1 nie działa,dt1 nie działa,POS/CSO/DT skaner nie działa,0.9
SD 171582,HWA01 brak obrazu,2025 07 17 06:55:20.732000 02:00,Incydent,PL 00140 Mikolow 1,140,Mikolow 1,HWA01 brak obrazu,hwa01 brak obrazu,inne,0.5
SD 171581,DT SBS kody się skanują na nieodpowiedniej kasie,2025 07 17 06:55:14.743000 02:00,Incydent,PL 00635 Prudnik,635,Prudnik,DT SBS kody się skanują na nieodpowiedniej kasie,dt sbs kody się skanują na nieodpowiedniej kasie,inne,0.5
SD 171580,TR Podwójne odbicie na zegarze,2025 07 17 06:52:25.132000 02:00,Usługa,PL 00369 MOP Chociszewo,369,MOP Chociszewo,TR Podwójne odbicie na zegarze,tr podwójne odbicie na zegarze,inne,0.5
SD 171578,KVS białe ekrany,2025 07 17 06:51:38.405000 02:00,Incydent,PL 00445 Stalowa Wola,445,Stalowa Wola,KVS białe ekrany,kvs białe ekrany,inne,0.5
SD 171577,EPR nie pinguje,2025 07 17 06:51:02.593000 02:00,Incydent,PL 00085 W wa 16 Bemowo,085,W wa 16 Bemowo,EPR nie pinguje,epr nie pinguje,inne,0.5
SD 171576,"monitory nie działają, na przemian wyświetla się biały i czerwony ekran",2025 07 17 06:50:23.656000 02:00,Incydent,PL 00242 Krakow 08 Metro,242,Krakow 08 Metro,"monitory nie działają, na przemian wyświetla się biały i czerwony ekran","monitory nie działają, na przemian wyświetla się biały i czerwony ekran",inne,0.5
SD 171575,POS01 Brak kafelków,2025 07 17 06:49:54.016000 02:00,Incydent,PL 00360 Poznan 13 Grunwaldzka,360,Poznan 13 Grunwaldzka,POS01 Brak kafelków,pos01 brak kafelków,POS brak kafelków,0.9
SD 171574,Włączenie MOP,2025 07 17 06:49:29.779000 02:00,Usługa,PL 00304 Ostrowiec Swietokrzyski,304,Ostrowiec Swietokrzyski,Włączenie MOP,włączenie mop,MOP Prośba o włączenie/wyłączenie,0.9
SD 171573,MOP włączenie usługi,2025 07 17 06:47:56.573000 02:00,Usługa,PL 00436 Gdynia 05 Dworzec PKP,436,Gdynia 05 Dworzec PKP,MOP włączenie usługi,mop włączenie usługi,MOP Prośba o włączenie/wyłączenie,0.9
SD 171571,Połączenie,2025 07 17 06:45:46.653000 02:00,Usługa,PL 00445 Stalowa Wola,445,Stalowa Wola,Połączenie,połączenie,inne,0.5
SD 171570,GPR Drukarki podłączone pod POS nie działają,2025 07 17 06:45:37.638000 02:00,Incydent,PL 00291 MOP Witowice,291,MOP Witowice,GPR Drukarki podłączone pod POS nie działają,gpr drukarki podłączone pod pos nie działają,POS/CSO/DT skaner nie działa,0.9
SD 171569,Spadek,2025 07 17 06:45:35.645000 02:00,Usługa,pl asista,Asystent,Asystent systemowy,Spadek,spadek,inne,0.5
SD 171567,POS02 Nie załadował się,2025 07 17 06:43:20.466000 02:00,Incydent,PL 00328 Mielec,328,Mielec,POS02 Nie załadował się,pos02 nie załadował się,POS brak kafelków,0.9
SD 171566,DT2 nie działa CFS,2025 07 17 06:42:38.452000 02:00,Incydent,PL 00424 Kornik,424,Kornik,DT2 nie działa CFS,dt2 nie działa cfs,POS/CSO/DT skaner nie działa,0.9
SD 171565,MFA Prośba o wygenerowanie kodów,2025 07 17 06:40:42.282000 02:00,Usługa,PL 00365 Zywiec,365,Zywiec,MFA Prośba o wygenerowanie kodów,mfa prośba o wygenerowanie kodów,inne,0.5
SD 171564,POS24 Time Blocked,2025 07 17 06:40:41.777000 02:00,Incydent,PL 00142 Gdynia 03 Spoldzielnia,142,Gdynia 03 Spoldzielnia,POS24 Time Blocked,pos24 time blocked,inne,0.5
SD 171563,Drukarka Grilowa nie drukuje,2025 07 17 06:40:22.900000 02:00,Incydent,PL 00072 Rzeszow 1,072,Rzeszow 1,Drukarka Grilowa nie drukuje,drukarka grilowa nie drukuje,inne,0.5
SD 171561,DF MOP nie działa prawidłowo,2025 07 17 06:37:02.075000 02:00,Incydent,PL 00125 Wroclaw 06 Serek,125,Wroclaw 06 Serek,DF MOP nie działa prawidłowo,df mop nie działa prawidłowo,inne,0.5
SD 171560,brak ikon na ekranie,2025 07 17 06:36:38.258000 02:00,Incydent,PL 00228 Kepno,228,Kepno,brak ikon na ekranie,brak ikon na ekranie,inne,0.5
SD 171559,POS7 poprzedni dzień biznesowy,2025 07 17 06:34:35.711000 02:00,Incydent,PL 00678 Kedzierzyn Kozle,678,Kedzierzyn Kozle,POS7 poprzedni dzień biznesowy,pos7 poprzedni dzień biznesowy,Newpos Zamknięcie nie przeszło na kasie z której był zamykany dzień,0.9
SD 171558,Spadek,2025 07 17 06:34:09.247000 02:00,Usługa,PL 00251 Olsztyn 2,251,Olsztyn 2,Spadek,spadek,inne,0.5
SD 171557,Spadek,2025 07 17 06:33:56.086000 02:00,Usługa,PL 00242 Krakow 08 Metro,242,Krakow 08 Metro,Spadek,spadek,inne,0.5
SD 171556,POS03 Brak kafelków,2025 07 17 06:33:29.523000 02:00,Incydent,PL 00564 Tomaszkowo,564,Tomaszkowo,POS03 Brak kafelków,pos03 brak kafelków,POS brak kafelków,0.9
SD 171555,MOP prośba o włączenie / wyłączenie,2025 07 17 06:33:04.283000 02:00,Usługa,PL 00436 Gdynia 05 Dworzec PKP,436,Gdynia 05 Dworzec PKP,MOP prośba o włączenie / wyłączenie,mop prośba o włączenie / wyłączenie,MOP Prośba o włączenie/wyłączenie,0.9
SD 171554,POS03 error 65542,2025 07 17 06:28:27.399000 02:00,Incydent,PL 00638 MOP Urzut S8,638,MOP Urzut S8,POS03 error 65542,pos03 error 65542,inne,0.5
SD 171553,MOP wyłączenie usługi,2025 07 17 06:27:27.567000 02:00,Usługa,pl 00708,708,pl 00708,MOP wyłączenie usługi,mop wyłączenie usługi,MOP Prośba o włączenie/wyłączenie,0.9
SD 171552,Klamka na kartę nie działa,2025 07 17 06:27:26.469000 02:00,Usługa,PL 00635 Prudnik,635,Prudnik,Klamka na kartę nie działa,klamka na kartę nie działa,inne,0.5
SD 171551,Spadek,2025 07 17 06:26:12.234000 02:00,Usługa,MOP Stobiecko Szlacheckie Zach,Nieznany,MOP Stobiecko Szlacheckie Zach,Spadek,spadek,inne,0.5
SD 171550,Spadek,2025 07 17 06:23:13.535000 02:00,Usługa,PL 00638 MOP Urzut S8,638,MOP Urzut S8,Spadek,spadek,inne,0.5
SD 171549,POS02 Czerwona M,2025 07 17 06:22:58.154000 02:00,Incydent,pl 00626,626,pl 00626,POS02 Czerwona M,pos02 czerwona m,POS/CSO/KVS czerwona M,0.9
SD 171548,Wprowadzenie sprzedaży za dzień 16.07.2025,2025 07 17 06:22:23.210000 02:00,Usługa,Slawomir Malewicz,Nieznany,Slawomir Malewicz,Wprowadzenie sprzedaży za dzień 16.07.2025,wprowadzenie sprzedaży za dzień 16.07.2025,inne,0.5
SD 171547,NP nie wpadają zamówienia na kvs po aktualizacji,2025 07 17 06:22:20.401000 02:00,Incydent,PL 00586 Mlawa,586,Mlawa,NP nie wpadają zamówienia na kvs po aktualizacji,np nie wpadają zamówienia na kvs po aktualizacji,inne,0.5
SD 171545,Aktualizacja RTM nie zgadza się między waystation a POS/CSO,2025 07 17 06:20:15.922000 02:00,Incydent,MOP Stobiecko Szlacheckie Wschod,Nieznany,MOP Stobiecko Szlacheckie Wschod,Aktualizacja RTM nie zgadza się między waystation a POS/CSO,aktualizacja rtm nie zgadza się między waystation a pos/cso,POS/CSO waystation offline,0.9
SD 171543,DT1 zamówienie nie wskoczyło na kuchnie,2025 07 17 06:17:45.133000 02:00,Incydent,pl 00684,684,pl 00684,DT1 zamówienie nie wskoczyło na kuchnie,dt1 zamówienie nie wskoczyło na kuchnie,inne,0.5
SD 171541,Problem z produkcją,2025 07 17 06:14:27.918000 02:00,Incydent,PL 00723 Gryfice,723,Gryfice,Problem z produkcją,problem z produkcją,inne,0.5
SD 171539,CSO30 i 31 niedostępny,2025 07 17 06:12:40.623000 02:00,Incydent,PL 00520 W Wa 58 Atrium Promena,520,W Wa 58 Atrium Promena,CSO30 i 31 niedostępny,cso30 i 31 niedostępny,CSOxx niedostępny,0.9
SD 171538,Spadek,2025 07 17 06:11:40.631000 02:00,Usługa,MOP Stobiecko Szlacheckie Wschod,Nieznany,MOP Stobiecko Szlacheckie Wschod,Spadek,spadek,inne,0.5
SD 171537,MOP Brak fiskalizacji zamówień,2025 07 17 06:11:25.274000 02:00,Incydent,PL 00169 Katowice 3 Aral,169,Katowice 3 Aral,MOP Brak fiskalizacji zamówień,mop brak fiskalizacji zamówień,MOP brak fiskalizacji,0.9
SD 171535,POS01/06 czerwone M,2025 07 17 06:10:27.087000 02:00,Incydent,PL 00621 Nowogard Autohof,621,Nowogard Autohof,POS01/06 czerwone M,pos01/06 czerwone m,inne,0.5
SD 171534,Spadek,2025 07 17 06:10:19.011000 02:00,Usługa,pl 00733,733,pl 00733,Spadek,spadek,inne,0.5
SD 171532,POS06 nie przeszła transakcja na terminalu,2025 07 17 06:08:12.696000 02:00,Incydent,MOP Stobiecko Szlacheckie Zach,Nieznany,MOP Stobiecko Szlacheckie Zach,POS06 nie przeszła transakcja na terminalu,pos06 nie przeszła transakcja na terminalu,Terminal nie działa,0.9
SD 171531,POS02 Nie przesyła zamówień,2025 07 17 06:06:35.639000 02:00,Incydent,PL 00043 Sosnowiec 1,043,Sosnowiec 1,POS02 Nie przesyła zamówień,pos02 nie przesyła zamówień,inne,0.5
SD 171530,NP nie wpadają zamówienia na kvs po aktualizacji,2025 07 17 06:05:08.089000 02:00,Incydent,pl 00696,696,pl 00696,NP nie wpadają zamówienia na kvs po aktualizacji,np nie wpadają zamówienia na kvs po aktualizacji,inne,0.5
SD 171529,Aktualizacja RTM nie wgrała się na POS/CSO,2025 07 17 06:05:01.978000 02:00,Incydent,pl 00655,655,pl 00655,Aktualizacja RTM nie wgrała się na POS/CSO,aktualizacja rtm nie wgrała się na pos/cso,POS/CSO zawieszony,0.9
SD 171528,Spadek,2025 07 17 06:04:20.724000 02:00,Usługa,MOP Stobiecko Szlacheckie Wschod,Nieznany,MOP Stobiecko Szlacheckie Wschod,Spadek,spadek,inne,0.5
SD 171527,MOP brak fiskalizacji zamówień,2025 07 17 06:04:12.589000 02:00,Incydent,PL 00740 MOP S6 Kamien Polnoc,740,MOP S6 Kamien Polnoc,MOP brak fiskalizacji zamówień,mop brak fiskalizacji zamówień,MOP brak fiskalizacji,0.9
SD 171526,Spadek,2025 07 17 06:03:48.872000 02:00,Usługa,PL 00552 Jawczyce,552,Jawczyce,Spadek,spadek,inne,0.5
SD 171525,POS 63,2025 07 17 06:03:28.930000 02:00,Incydent,PL 00251 Olsztyn 2,251,Olsztyn 2,POS 63,pos 63,inne,0.5
SD 171524,DF MOP nie działo prawidłowo,2025 07 17 06:03:18.951000 02:00,Incydent,PL 00032 W wa 06 Janki,032,W wa 06 Janki,DF MOP nie działo prawidłowo,df mop nie działo prawidłowo,inne,0.5
SD 171523,MOP odrzucone zamówienia,2025 07 17 06:03:04.259000 02:00,Incydent,PL 00466 W wa 50 Zachodnia,466,W wa 50 Zachodnia,MOP odrzucone zamówienia,mop odrzucone zamówienia,MOP zamówienia nie drukują się/odrzuca zamówienia,0.9
SD 171520,Jeden z monitorów CFS unassigned,2025 07 17 05:37:34.171000 02:00,Incydent,PL 00712 Mysliborz,712,Mysliborz,Jeden z monitorów CFS unassigned,jeden z monitorów cfs unassigned,inne,0.5
SD 171519,FOE63 nieprawidłowy dzień biznesowy,2025 07 17 05:31:51.069000 02:00,Incydent,pl 00663,663,pl 00663,FOE63 nieprawidłowy dzień biznesowy,foe63 nieprawidłowy dzień biznesowy,FOE63 nieprawidłowy dzień biznesowy,0.9
SD 171517,FOE63 Zły dzień biznesowy.,2025 07 17 05:26:50.561000 02:00,Incydent,pl 00702,702,pl 00702,FOE63 Zły dzień biznesowy.,foe63 zły dzień biznesowy.,FOE63 nieprawidłowy dzień biznesowy,0.9
SD 171516,POS24 Ładowanie NewPos stanęło na 50,2025 07 17 05:25:59.864000 02:00,Incydent,PL 00617 Wejherowo,617,Wejherowo,POS24 Ładowanie NewPos stanęło na 50,pos24 ładowanie newpos stanęło na 50,inne,0.5
SD 171515,KVSY Nie uruchomiły po rfm,2025 07 17 05:25:50.816000 02:00,Incydent,PL 00552 Jawczyce,552,Jawczyce,KVSY Nie uruchomiły po rfm,kvsy nie uruchomiły po rfm,inne,0.5
SD 171511,Nieprawidłowy dzień biznesowy na FOE63,2025 07 17 05:15:39.761000 02:00,Incydent,pl 00707,707,pl 00707,Nieprawidłowy dzień biznesowy na FOE63,nieprawidłowy dzień biznesowy na foe63,FOE63 nieprawidłowy dzień biznesowy,0.9
SD 171509,MOP prośba o włączenie,2025 07 17 05:05:01.548000 02:00,Usługa,PL 00466 W wa 50 Zachodnia,466,W wa 50 Zachodnia,MOP prośba o włączenie,mop prośba o włączenie,MOP Prośba o włączenie/wyłączenie,0.9
SD 171508,FOE 63 nieprawidłowy dzień biznesowy,2025 07 17 04:55:37.548000 02:00,Incydent,PL 00020 W wa 04 Przejscie,020,W wa 04 Przejscie,FOE 63 nieprawidłowy dzień biznesowy,foe 63 nieprawidłowy dzień biznesowy,FOE63 nieprawidłowy dzień biznesowy,0.9
SD 171506,POS02 Brak kafelków na pos,2025 07 17 04:45:49.500000 02:00,Incydent,PL 00399 Jawornik,399,Jawornik,POS02 Brak kafelków na pos,pos02 brak kafelków na pos,POS brak kafelków,0.9
SD 171505,FOE63 Network Off,2025 07 17 04:36:25.535000 02:00,Incydent,PL 00020 W wa 04 Przejscie,020,W wa 04 Przejscie,FOE63 Network Off,foe63 network off,inne,0.5
SD 171504,FOE63 nie jest otwarty nowy dzień biznesowy,2025 07 17 04:35:44.243000 02:00,Incydent,pl 00708,708,pl 00708,FOE63 nie jest otwarty nowy dzień biznesowy,foe63 nie jest otwarty nowy dzień biznesowy,FOE63 nieprawidłowy dzień biznesowy,0.9
SD 171501,Prośba o włączenie MOP.,2025 07 17 04:13:53.528000 02:00,Usługa,PL 00455 Grodzisk Wielkopolski,455,Grodzisk Wielkopolski,Prośba o włączenie MOP.,prośba o włączenie mop.,MOP Prośba o włączenie/wyłączenie,0.9
SD 171500,Mystore Dostawa nie zaczytała się do mystore,2025 07 17 04:13:53.079000 02:00,Incydent,PL 00471 Starogard Gdański,471,Starogard Gdański,Mystore Dostawa nie zaczytała się do mystore,mystore dostawa nie zaczytała się do mystore,MyStore dostawa nie zaksięgowała się,0.9
SD 171499,MOP brak fiskalizacji,2025 07 17 04:13:49.517000 02:00,Incydent,MOP Stobiecko Szlacheckie Zach,Nieznany,MOP Stobiecko Szlacheckie Zach,MOP brak fiskalizacji,mop brak fiskalizacji,MOP brak fiskalizacji,0.9
SD 171498,FOE63 Błędne posnet.ini.,2025 07 17 04:10:02.655000 02:00,Incydent,PL 00245 Poznan 11 Komorniki,245,Poznan 11 Komorniki,FOE63 Błędne posnet.ini.,foe63 błędne posnet.ini.,inne,0.5
SD 171497,Połączenie spadek,2025 07 17 04:05:42.734000 02:00,Usługa,pl asista,Asystent,Asystent systemowy,Połączenie spadek,połączenie spadek,inne,0.5
SD 171496,FOE63 RPS offline,2025 07 17 04:02:02.528000 02:00,Incydent,pl 00696,696,pl 00696,FOE63 RPS offline,foe63 rps offline,Waystation offline,0.8
SD 171495,POS03 brak kafelków,2025 07 17 04:01:27.196000 02:00,Incydent,PL 00740 MOP S6 Kamien Polnoc,740,MOP S6 Kamien Polnoc,POS03 brak kafelków,pos03 brak kafelków,POS brak kafelków,0.9
SD 171493,"Problem z zamknięciem POS02 nie przeszło na kasie, z której był zamykany dzień.",2025 07 17 03:52:52.792000 02:00,Incydent,pl 00759,759,pl 00759,"Problem z zamknięciem POS02 nie przeszło na kasie, z której był zamykany dzień.","problem z zamknięciem pos02 nie przeszło na kasie, z której był zamykany dzień.",Newpos Zamknięcie nie przeszło na kasie z której był zamykany dzień,0.9
SD 171491,"Na kilku kioskach ponad panelem wyboru języka i rozpoczęcia zamówienia nie wyświetlały się obecne promocje, ale po restarcie kiosków już działają prawidłowo. Poza tym wszystko w porządku. Wydruki BEV i Grill Slip prawidłowe. Aktualizacja sprawdzona.",2025 07 17 03:50:34.032000 02:00,Incydent,PL 00300 W wa 41 Zlote Tarasy,300,W wa 41 Zlote Tarasy,"Na kilku kioskach ponad panelem wyboru języka i rozpoczęcia zamówienia nie wyświetlały się obecne promocje, ale po restarcie kiosków już działają prawidłowo. Poza tym wszystko w porządku. Wydruki BEV i Grill Slip prawidłowe. Aktualizacja sprawdzona.","na kilku kioskach ponad panelem wyboru języka i rozpoczęcia zamówienia nie wyświetlały się obecne promocje, ale po restarcie kiosków już działają prawidłowo. poza tym wszystko w porządku. wydruki bev i grill slip prawidłowe. aktualizacja sprawdzona.",inne,0.5
SD 171490,"Foe63 Rps off,drukarka nie otworzyła sie na nowy dzien biznesowy",2025 07 17 03:50:32.539000 02:00,Incydent,PL 00323 Biala Podlaska,323,Biala Podlaska,"Foe63 Rps off,drukarka nie otworzyła sie na nowy dzien biznesowy","foe63 rps off,drukarka nie otworzyła sie na nowy dzien biznesowy",FOE63 nieprawidłowy dzień biznesowy,0.9
SD 171487,POS01 50%,2025 07 17 03:41:47.325000 02:00,Incydent,PL 00675 MOP S8 Budykierz,675,MOP S8 Budykierz,POS01 50%,pos01 50%,inne,0.5
SD 171486,POS02 Zawiesiła się,2025 07 17 03:33:17.846000 02:00,Incydent,PL 00320 Klodzko,320,Klodzko,POS02 Zawiesiła się,pos02 zawiesiła się,POS/CSO zawieszony,0.9
SD 171485,CSO problem z pinpadami,2025 07 17 03:28:06.396000 02:00,Incydent,PL 00462 Airport Airside,462,Airport Airside,CSO problem z pinpadami,cso problem z pinpadami,Terminal nie działa,0.9
SD 171484,"Problem z zamknięciem POS06 nie przeszło na kasie, z której był zamykany dzień.",2025 07 17 03:27:47.740000 02:00,Incydent,PL 00203 Gdansk 06 Staw,203,Gdansk 06 Staw,"Problem z zamknięciem POS06 nie przeszło na kasie, z której był zamykany dzień.","problem z zamknięciem pos06 nie przeszło na kasie, z której był zamykany dzień.",Newpos Zamknięcie nie przeszło na kasie z której był zamykany dzień,0.9
SD 171482,Mop prośba o włączenie usługi,2025 07 17 03:24:26.396000 02:00,Usługa,PL 00586 Mlawa,586,Mlawa,Mop prośba o włączenie usługi,mop prośba o włączenie usługi,MOP Prośba o włączenie/wyłączenie,0.9
SD 171481,MS9 Zablokowanie użytkownika,2025 07 17 03:19:08.680000 02:00,Incydent,PL 00324 Zdunska Wola,324,Zdunska Wola,MS9 Zablokowanie użytkownika,ms9 zablokowanie użytkownika,inne,0.5
SD 171480,POS03 brak kafelków,2025 07 17 03:18:27.598000 02:00,Incydent,PL 00565 W wa Radzymińska 2,565,W wa Radzymińska 2,POS03 brak kafelków,pos03 brak kafelków,POS brak kafelków,0.9
SD 171479,"Newpos Zamknięcie nie przeszło na kasie, z której był zamykany dzień.",2025 07 17 03:13:14.865000 02:00,Incydent,PL 00473 Białystok 05 Produkcyjna,473,Białystok 05 Produkcyjna,"Newpos Zamknięcie nie przeszło na kasie, z której był zamykany dzień.","newpos zamknięcie nie przeszło na kasie, z której był zamykany dzień.",Newpos Zamknięcie nie przeszło na kasie z której był zamykany dzień,0.9
SD 171478,"Foe63 Rps off,drukarka nie otworzyła sie na nowy dzien biznesowy",2025 07 17 03:12:24.191000 02:00,Incydent,PL 00595 Znin,595,Znin,"Foe63 Rps off,drukarka nie otworzyła sie na nowy dzien biznesowy","foe63 rps off,drukarka nie otworzyła sie na nowy dzien biznesowy",FOE63 nieprawidłowy dzień biznesowy,0.9
SD 171477,MyStore brak czasów od 20:00 za 16.07,2025 07 17 03:10:55.999000 02:00,Incydent,PL 00266 Krakow 13 Mogilany,266,Krakow 13 Mogilany,MyStore brak czasów od 20:00 za 16.07,mystore brak czasów od 20:00 za 16.07,inne,0.5
SD 171476,Nie drukuje drukarka biurowa,2025 07 17 03:10:39.554000 02:00,Incydent,PL 00338 Odolion,338,Odolion,Nie drukuje drukarka biurowa,nie drukuje drukarka biurowa,inne,0.5
SD 171474,"MyStore zużycie na mleku owsianym 1,5L",2025 07 17 02:57:42.609000 02:00,Incydent,PL 00536 Mala Holandia,536,Mala Holandia,"MyStore zużycie na mleku owsianym 1,5L","mystore zużycie na mleku owsianym 1,5l",inne,0.5
SD 171473,Połączenie spadek,2025 07 17 02:55:39.445000 02:00,Usługa,PL 00266 Krakow 13 Mogilany,266,Krakow 13 Mogilany,Połączenie spadek,połączenie spadek,inne,0.5
SD 171472,"Foe63 Rps off,drukarka nie otworzyła sie na nowy dzien biznesowy",2025 07 17 02:55:34.436000 02:00,Incydent,pl 00626,626,pl 00626,"Foe63 Rps off,drukarka nie otworzyła sie na nowy dzien biznesowy","foe63 rps off,drukarka nie otworzyła sie na nowy dzien biznesowy",FOE63 nieprawidłowy dzień biznesowy,0.9
SD 171471,Newpos Nie przechodzi zamknięcie POS.,2025 07 17 02:52:43.284000 02:00,Incydent,PL 00348 Plonsk,348,Plonsk,Newpos Nie przechodzi zamknięcie POS.,newpos nie przechodzi zamknięcie pos.,Newpos Zamknięcie nie przeszło na kasie z której był zamykany dzień,0.9
SD 171469,"Foe63 Rps off,drukarka nie otworzyła sie na nowy dzien biznesowy",2025 07 17 02:48:47.645000 02:00,Incydent,pl 00708,708,pl 00708,"Foe63 Rps off,drukarka nie otworzyła sie na nowy dzien biznesowy","foe63 rps off,drukarka nie otworzyła sie na nowy dzien biznesowy",FOE63 nieprawidłowy dzień biznesowy,0.9
SD 171467,"CSO25,26,27,28 Niedostępne.",2025 07 17 02:48:36.544000 02:00,Incydent,PL 00125 Wroclaw 06 Serek,125,Wroclaw 06 Serek,"CSO25,26,27,28 Niedostępne.","cso25,26,27,28 niedostępne.",inne,0.5
SD 171466,CSO26 Drukarka fiskalna trwa pobieranie pamięci chronionej,2025 07 17 02:44:55.919000 02:00,Incydent,PL 00289 MOP Leka,289,MOP Leka,CSO26 Drukarka fiskalna trwa pobieranie pamięci chronionej,cso26 drukarka fiskalna trwa pobieranie pamięci chronionej,inne,0.5
SD 171465,"Newpos Zamknięcie nie przeszło na kasie, z której był zamykany dzień.",2025 07 17 02:40:24.734000 02:00,Incydent,PL 00487 MOP Aleksandrowice A4 N,487,MOP Aleksandrowice A4 N,"Newpos Zamknięcie nie przeszło na kasie, z której był zamykany dzień.","newpos zamknięcie nie przeszło na kasie, z której był zamykany dzień.",Newpos Zamknięcie nie przeszło na kasie z której był zamykany dzień,0.9
SD 171464,"Problem z zamknięciem POS24 nie przeszło na kasie, z której był zamykany dzień.",2025 07 17 02:38:43.385000 02:00,Incydent,PL 00119 Zgorzelec 1,119,Zgorzelec 1,"Problem z zamknięciem POS24 nie przeszło na kasie, z której był zamykany dzień.","problem z zamknięciem pos24 nie przeszło na kasie, z której był zamykany dzień.",Newpos Zamknięcie nie przeszło na kasie z której był zamykany dzień,0.9
SD 171463,POS19 Nie otwiera się szuflada.,2025 07 17 02:35:31.699000 02:00,Incydent,PL 00042 Bydgoszcz 2 Torpedo,042,Bydgoszcz 2 Torpedo,POS19 Nie otwiera się szuflada.,pos19 nie otwiera się szuflada.,inne,0.5
SD 171462,MyStore problem z ustaleniem hasła,2025 07 17 02:35:20.527000 02:00,Incydent,PL 00640 Słupsk 2 Boh. Westerplatte,640,Słupsk 2 Boh. Westerplatte,MyStore problem z ustaleniem hasła,mystore problem z ustaleniem hasła,inne,0.5
SD 171461,"Problem z zamknięciem POS24 nie przeszło na kasie, z której był zamykany dzień.",2025 07 17 02:25:41.063000 02:00,Incydent,PL 00186 Walbrzych,186,Walbrzych,"Problem z zamknięciem POS24 nie przeszło na kasie, z której był zamykany dzień.","problem z zamknięciem pos24 nie przeszło na kasie, z której był zamykany dzień.",Newpos Zamknięcie nie przeszło na kasie z której był zamykany dzień,0.9
SD 171460,FOE63 Network Offline,2025 07 17 02:23:57.992000 02:00,Incydent,PL 00586 Mlawa,586,Mlawa,FOE63 Network Offline,foe63 network offline,Waystation offline,0.8
SD 171459,MyStore ładuje się import podczas zamykania,2025 07 17 02:23:23.675000 02:00,Usługa,PL 00024 Olsztyn 1,024,Olsztyn 1,MyStore ładuje się import podczas zamykania,mystore ładuje się import podczas zamykania,inne,0.5
SD 171457,MS9 Zamknięcie nie przeszło przez inwentaryzacji.,2025 07 17 02:23:04.548000 02:00,Incydent,PL 00621 Nowogard Autohof,621,Nowogard Autohof,MS9 Zamknięcie nie przeszło przez inwentaryzacji.,ms9 zamknięcie nie przeszło przez inwentaryzacji.,inne,0.5
SD 171455,Spadek,2025 07 17 02:16:34.286000 02:00,Usługa,pl 00626,626,pl 00626,Spadek,spadek,inne,0.5
SD 171454,POS24 nie zamknął się dzień,2025 07 17 02:15:59.673000 02:00,Incydent,PL 00458 Airport Landside,458,Airport Landside,POS24 nie zamknął się dzień,pos24 nie zamknął się dzień,inne,0.5
SD 171453,Głuchy telefon,2025 07 17 02:14:57.120000 02:00,Usługa,PL 00323 Biala Podlaska,323,Biala Podlaska,Głuchy telefon,głuchy telefon,inne,0.5
SD 171452,Waystation prośba o otwarcie dnia,2025 07 17 02:13:58.497000 02:00,Incydent,PL 00042 Bydgoszcz 2 Torpedo,042,Bydgoszcz 2 Torpedo,Waystation prośba o otwarcie dnia,waystation prośba o otwarcie dnia,Waystation offline,0.8
SD 171450,POS07 zły dzień biznesowy,2025 07 17 02:06:49.224000 02:00,Incydent,PL 00730 MOP Kania Poludnie,730,MOP Kania Poludnie,POS07 zły dzień biznesowy,pos07 zły dzień biznesowy,Newpos Zamknięcie nie przeszło na kasie z której był zamykany dzień,0.9
SD 171449,SBS Nie wczytuje się jeden z CFS.,2025 07 17 02:06:02.519000 02:00,Incydent,PL 00219 Inowroclaw,219,Inowroclaw,SBS Nie wczytuje się jeden z CFS.,sbs nie wczytuje się jeden z cfs.,inne,0.5
SD 171447,IDMB Błędne godziny uruchamiania,2025 07 17 01:55:51.079000 02:00,Incydent,PL 00100 Leszno 1,100,Leszno 1,IDMB Błędne godziny uruchamiania,idmb błędne godziny uruchamiania,inne,0.5
SD 171445,MS9 Błędnie rozliczona gotówka.,2025 07 17 01:51:10.036000 02:00,Incydent,PL 00362 Olesnica Autohof S8,362,Olesnica Autohof S8,MS9 Błędnie rozliczona gotówka.,ms9 błędnie rozliczona gotówka.,inne,0.5
SD 171444,ZAwieszone zamówienie na KVS22,2025 07 17 01:48:37.113000 02:00,Incydent,PL 00105 Radom 2 Ustronie,105,Radom 2 Ustronie,ZAwieszone zamówienie na KVS22,zawieszone zamówienie na kvs22,KVSxx zawieszone zamówienie,0.9
SD 171443,Kiosk nr 25 nie chce się załadować,2025 07 17 01:47:31.094000 02:00,Incydent,PL 00336 Nysa,336,Nysa,Kiosk nr 25 nie chce się załadować,kiosk nr 25 nie chce się załadować,inne,0.5
SD 171442,zamowienia na dt wyswietlaja sie jak dotychczas,2025 07 17 01:47:29.448000 02:00,Incydent,PL 00487 MOP Aleksandrowice A4 N,487,MOP Aleksandrowice A4 N,zamowienia na dt wyswietlaja sie jak dotychczas,zamowienia na dt wyswietlaja sie jak dotychczas,inne,0.5
SD 171441,CSO32 Brak papieru w drukarkce fiskalnej,2025 07 17 01:45:39.720000 02:00,Incydent,PL 00640 Słupsk 2 Boh. Westerplatte,640,Słupsk 2 Boh. Westerplatte,CSO32 Brak papieru w drukarkce fiskalnej,cso32 brak papieru w drukarkce fiskalnej,inne,0.5
SD 171440,Waystation prośba o zamknięcie dnia,2025 07 17 01:45:37.418000 02:00,Incydent,PL 00267 W wa 38 Solidarnosci,267,W wa 38 Solidarnosci,Waystation prośba o zamknięcie dnia,waystation prośba o zamknięcie dnia,Waystation offline,0.8
SD 171439,FOE63 zamknięty dzień biznesowy.,2025 07 17 01:44:19.608000 02:00,Incydent,PL 00617 Wejherowo,617,Wejherowo,FOE63 zamknięty dzień biznesowy.,foe63 zamknięty dzień biznesowy.,FOE63 nieprawidłowy dzień biznesowy,0.9
SD 171438,Pytanie o komunikat z DF na kasach w trakcie aktualizacji Sesame.,2025 07 17 01:43:58.206000 02:00,Usługa,pl 00567,567,pl 00567,Pytanie o komunikat z DF na kasach w trakcie aktualizacji Sesame.,pytanie o komunikat z df na kasach w trakcie aktualizacji sesame.,inne,0.5
SD 171437,Zapytanie na temat linii drive sbs,2025 07 17 01:39:30.416000 02:00,Usługa,PL 00635 Prudnik,635,Prudnik,Zapytanie na temat linii drive sbs,zapytanie na temat linii drive sbs,inne,0.5
SD 171435,"Newpos Zamknięcie nie przeszło na kasie, z której był zamykany dzień. POS1",2025 07 17 01:24:43.034000 02:00,Incydent,PL 00024 Olsztyn 1,024,Olsztyn 1,"Newpos Zamknięcie nie przeszło na kasie, z której był zamykany dzień. POS1","newpos zamknięcie nie przeszło na kasie, z której był zamykany dzień. pos1",Newpos Zamknięcie nie przeszło na kasie z której był zamykany dzień,0.9
SD 171434,Nie można zamknąć PC,2025 07 17 01:22:37.249000 02:00,Incydent,PL 00471 Starogard Gdański,471,Starogard Gdański,Nie można zamknąć PC,nie można zamknąć pc,inne,0.5
SD 171433,Zapytanie o SBS.,2025 07 17 01:20:09.060000 02:00,Usługa,PL 00635 Prudnik,635,Prudnik,Zapytanie o SBS.,zapytanie o sbs.,inne,0.5
SD 171432,Zapytanie na temat linii drive sbs,2025 07 17 01:19:14.829000 02:00,Usługa,PL 00219 Inowroclaw,219,Inowroclaw,Zapytanie na temat linii drive sbs,zapytanie na temat linii drive sbs,inne,0.5
SD 171431,MS9 Zamknięcie nie przechodzi przez inwentaryzację.,2025 07 17 01:12:58.108000 02:00,Incydent,PL 00481 MOP Chojny Wieluń S8 E,481,MOP Chojny Wieluń S8 E,MS9 Zamknięcie nie przechodzi przez inwentaryzację.,ms9 zamknięcie nie przechodzi przez inwentaryzację.,inne,0.5
SD 171430,POS02/08 nie zamknął się dzień,2025 07 17 01:12:50.205000 02:00,Incydent,PL 00508 Kalisz 3,508,Kalisz 3,POS02/08 nie zamknął się dzień,pos02/08 nie zamknął się dzień,inne,0.5
SD 171429,Pytanie o komunikat o odzyskiwaniu offline w Ms9,2025 07 17 01:12:29.431000 02:00,Incydent,PL 00111 Pszczyna 1,111,Pszczyna 1,Pytanie o komunikat o odzyskiwaniu offline w Ms9,pytanie o komunikat o odzyskiwaniu offline w ms9,inne,0.5
SD 171428,SBS skanery skanują na odwrót,2025 07 17 01:10:56.343000 02:00,Incydent,PL 00487 MOP Aleksandrowice A4 N,487,MOP Aleksandrowice A4 N,SBS skanery skanują na odwrót,sbs skanery skanują na odwrót,inne,0.5
SD 171427,Po aktualizacji wszystkie kasy i kioski przestały się łączyć z drukarkami.,2025 07 17 01:09:37.155000 02:00,Usługa,PL 00323 Biala Podlaska,323,Biala Podlaska,Po aktualizacji wszystkie kasy i kioski przestały się łączyć z drukarkami.,po aktualizacji wszystkie kasy i kioski przestały się łączyć z drukarkami.,inne,0.5
SD 171425,SBS problem z wdrożeniem,2025 07 17 01:04:52.005000 02:00,Incydent,PL 00678 Kedzierzyn Kozle,678,Kedzierzyn Kozle,SBS problem z wdrożeniem,sbs problem z wdrożeniem,inne,0.5
SD 171424,Zapytanie na temat zmiany na linii drive sbs,2025 07 17 01:03:30.483000 02:00,Usługa,PL 00219 Inowroclaw,219,Inowroclaw,Zapytanie na temat zmiany na linii drive sbs,zapytanie na temat zmiany na linii drive sbs,inne,0.5
SD 171423,Pytanie o aktualizacje,2025 07 17 01:02:30.902000 02:00,Usługa,PL 00740 MOP S6 Kamien Polnoc,740,MOP S6 Kamien Polnoc,Pytanie o aktualizacje,pytanie o aktualizacje,inne,0.5
SD 171422,Po aktualizacji wszystkie kasy i kioski przestały się łączyć z drukarkami.,2025 07 17 01:02:17.067000 02:00,Usługa,pl 00702,702,pl 00702,Po aktualizacji wszystkie kasy i kioski przestały się łączyć z drukarkami.,po aktualizacji wszystkie kasy i kioski przestały się łączyć z drukarkami.,inne,0.5
SD 171419,Nie działa monitor CFS na 1 oknie po zmianie SBS,2025 07 17 00:59:23.260000 02:00,Incydent,PL 00635 Prudnik,635,Prudnik,Nie działa monitor CFS na 1 oknie po zmianie SBS,nie działa monitor cfs na 1 oknie po zmianie sbs,inne,0.5
SD 171416,Pytanie DT SBS,2025 07 17 00:51:10.712000 02:00,Usługa,PL 00678 Kedzierzyn Kozle,678,Kedzierzyn Kozle,Pytanie DT SBS,pytanie dt sbs,inne,0.5
SD 171415,Spadek,2025 07 17 00:50:23.740000 02:00,Usługa,PL 00678 Kedzierzyn Kozle,678,Kedzierzyn Kozle,Spadek,spadek,inne,0.5
SD 171414,Telefon zwrotny na nieodebrane połączenie od SD,2025 07 17 00:48:31.358000 02:00,Incydent,PL 00323 Biala Podlaska,323,Biala Podlaska,Telefon zwrotny na nieodebrane połączenie od SD,telefon zwrotny na nieodebrane połączenie od sd,inne,0.5
SD 171413,Newpos Nie przechodzi zamkniecie POS.,2025 07 17 00:45:48.017000 02:00,Incydent,PL 00366 Szczecin 09 Ster,366,Szczecin 09 Ster,Newpos Nie przechodzi zamkniecie POS.,newpos nie przechodzi zamkniecie pos.,Newpos Zamknięcie nie przeszło na kasie z której był zamykany dzień,0.9
SD 171412,Połączenie,2025 07 17 00:45:36.446000 02:00,Usługa,pl 00684,684,pl 00684,Połączenie,połączenie,inne,0.5
SD 171410,MS9 Dostawa nie wczytuje się w raportach.,2025 07 17 00:43:48.076000 02:00,Incydent,PL 00581 Kolo,581,Kolo,MS9 Dostawa nie wczytuje się w raportach.,ms9 dostawa nie wczytuje się w raportach.,MyStore dostawa nie zaksięgowała się,0.9
SD 171409,KVS09 komunikat o braku fiskalizacji MOP,2025 07 17 00:41:36.095000 02:00,Incydent,PL 00622 Lukow,622,Lukow,KVS09 komunikat o braku fiskalizacji MOP,kvs09 komunikat o braku fiskalizacji mop,MOP brak fiskalizacji,0.9
SD 171408,Spadek,2025 07 17 00:38:18.047000 02:00,Usługa,PL 00694 Tarnow,694,Tarnow,Spadek,spadek,inne,0.5
SD 171407,POS brak kafelków. POS3,2025 07 17 00:34:57.918000 02:00,Incydent,PL 00114 Tarnowskie Gory 1,114,Tarnowskie Gory 1,POS brak kafelków. POS3,pos brak kafelków. pos3,POS brak kafelków,0.9
SD 171404,KVS09 komunikat o braku fiskalizacji MOP,2025 07 17 00:32:59.298000 02:00,Incydent,pl 00708,708,pl 00708,KVS09 komunikat o braku fiskalizacji MOP,kvs09 komunikat o braku fiskalizacji mop,MOP brak fiskalizacji,0.9
SD 171403,Newpos Nie przechodzi zamknięcie POS.,2025 07 17 00:31:58.481000 02:00,Incydent,PL 00453 Pruszcz Gdanski,453,Pruszcz Gdanski,Newpos Nie przechodzi zamknięcie POS.,newpos nie przechodzi zamknięcie pos.,Newpos Zamknięcie nie przeszło na kasie z której był zamykany dzień,0.9
SD 171401,MS9 Nie przechodzi zmaknięcie.,2025 07 17 00:30:42.690000 02:00,Incydent,PL 00554 Krapkowice,554,Krapkowice,MS9 Nie przechodzi zmaknięcie.,ms9 nie przechodzi zmaknięcie.,inne,0.5
SD 171400,POS03 Brak kafelków,2025 07 17 00:30:01.592000 02:00,Incydent,PL 00241 Tomaszow Mazowiecki,241,Tomaszow Mazowiecki,POS03 Brak kafelków,pos03 brak kafelków,POS brak kafelków,0.9
SD 171398,Prośba o detach POS24.,2025 07 17 00:28:36.272000 02:00,Incydent,PL 00516 Czluchow,516,Czluchow,Prośba o detach POS24.,prośba o detach pos24.,inne,0.5
SD 171397,Zapytanie na temat zmiany na linid drive,2025 07 17 00:27:34.910000 02:00,Usługa,PL 00635 Prudnik,635,Prudnik,Zapytanie na temat zmiany na linid drive,zapytanie na temat zmiany na linid drive,inne,0.5
SD 171396,kasa nie dziala,2025 07 17 00:27:34.445000 02:00,Incydent,PL 00092 Slupsk 1,092,Slupsk 1,kasa nie dziala,kasa nie dziala,inne,0.5
SD 171395,MyStore Prośba o pomoc w edycji odbić czasowych,2025 07 17 00:27:01.791000 02:00,Usługa,PL 00447 Radom 5 Galeria Sloneczna,447,Radom 5 Galeria Sloneczna,MyStore Prośba o pomoc w edycji odbić czasowych,mystore prośba o pomoc w edycji odbić czasowych,MyStore Prośba o pomoc w edycji odbić czasowych,0.9
SD 171394,Problem z zamknięciem dnia biznesowego.,2025 07 17 00:26:22.660000 02:00,Incydent,Natalia Chrzanowska,Nieznany,Natalia Chrzanowska,Problem z zamknięciem dnia biznesowego.,problem z zamknięciem dnia biznesowego.,inne,0.5
SD 171392,Zapytanie o SBS.,2025 07 17 00:23:09.847000 02:00,Usługa,PL 00712 Mysliborz,712,Mysliborz,Zapytanie o SBS.,zapytanie o sbs.,inne,0.5
SD 171390,"Problem z zamknięciem POS01 nie przeszło na kasie, z której był zamykany dzień.",2025 07 17 00:20:14.035000 02:00,Incydent,pl 00733,733,pl 00733,"Problem z zamknięciem POS01 nie przeszło na kasie, z której był zamykany dzień.","problem z zamknięciem pos01 nie przeszło na kasie, z której był zamykany dzień.",Newpos Zamknięcie nie przeszło na kasie z której był zamykany dzień,0.9
SD 171389,SBS problem z wdrożeniem,2025 07 17 00:18:26.996000 02:00,Usługa,PL 00219 Inowroclaw,219,Inowroclaw,SBS problem z wdrożeniem,sbs problem z wdrożeniem,inne,0.5
SD 171388,POS19 Adapter is Busy.,2025 07 17 00:18:16.904000 02:00,Incydent,PL 00133 Szczecin 5 Poludniowa,133,Szczecin 5 Poludniowa,POS19 Adapter is Busy.,pos19 adapter is busy.,inne,0.5
SD 171387,Pytanie DT SBS,2025 07 17 00:13:31.715000 02:00,Usługa,PL 00635 Prudnik,635,Prudnik,Pytanie DT SBS,pytanie dt sbs,inne,0.5
SD 171386,CSO30 Nie pinguje,2025 07 17 00:09:49.468000 02:00,Incydent,PL 00328 Mielec,328,Mielec,CSO30 Nie pinguje,cso30 nie pinguje,inne,0.5
SD 171385,Pytanie o możliwość otwarcia dnia 16.07 w MS9,2025 07 17 00:09:34.495000 02:00,Incydent,pl 00759,759,pl 00759,Pytanie o możliwość otwarcia dnia 16.07 w MS9,pytanie o możliwość otwarcia dnia 16.07 w ms9,inne,0.5
SD 171384,CSO28 czerwony ekran.,2025 07 17 00:05:17.486000 02:00,Incydent,PL 00460 Radom 06 Rondo Kozienieckie,460,Radom 06 Rondo Kozienieckie,CSO28 czerwony ekran.,cso28 czerwony ekran.,inne,0.5
SD 171383,MyStore prośba o restart hasła,2025 07 17 00:03:46.242000 02:00,Incydent,pl 00759,759,pl 00759,MyStore prośba o restart hasła,mystore prośba o restart hasła,inne,0.5
SD 171382,Mystore Brak zuzycia na pos,2025 07 17 00:03:28.240000 02:00,Incydent,PL 00309 W wa 42 Janki 2,309,W wa 42 Janki 2,Mystore Brak zuzycia na pos,mystore brak zuzycia na pos,inne,0.5
