{
  "classification_rules": {
    "Newpos  Zamknięcie nie przeszło na kasie z której był zamykany dzień": {
      "keywords": [
        "zamknięcie",
        "zamkniecie",
        "nie przeszło",
        "nie przeszlo",
        "kasie",
        "pos",
        "newpos",
        "zamykany",
        "dzień",
        "dzien",
        "biznesowy",
        "wykonywany"
      ],
      "min_score": 3,
      "required_combinations": [
        [
          "zamknięcie",
          "pos"
        ],
        [
          "zamkniecie",
          "pos"
        ],
        [
          "nie przeszło",
          "kasie"
        ],
        [
          "nie przeszlo",
          "kasie"
        ],
        [
          "zamykany",
          "dzień"
        ],
        [
          "zamykany",
          "dzien"
        ]
      ],
      "forbidden": [
        "mystore",
        "ms",
        "waystation",
        "kafelk",
        "background",
        "cso",
        "kvs",
        "kiosk",
        "mop",
        "tr",
        "foe",
        "dostaw",
        "autorelease",
        "ar",
        "detach",
        "0%",
        "80%",
        "network",
        "detach",
        "ikon",
        "df",
        "import",
        "95%",
        "pc"
      ]
    },
    "MyStore  Prośba o pomoc w edycji odbić czasowych": {
      "keywords": [
        "mystore",
        "ms",
        "odbić",
        "odbic",
        "czasowych",
        "edycja",
        "odbicia"
      ],
      "min_score": 3,
      "required_combinations": [
        [
          "mystore",
          "odbić"
        ],
        [
          "mystore",
          "odbic"
        ],
        [
          "ms",
          "czasowych"
        ],
        [
          "ms",
          "odbic"
        ],
        [
          "edycja",
          "odbić"
        ],
        [
          "edycja",
          "odbic"
        ]
      ],
      "forbidden": [
        "background",
        "service",
        "dostawa",
        "zerowe",
        "pos",
        "rozliczenie"
      ]
    },
    "MOP  Prośba o włączenie/wyłączenie": {
      "keywords": [
        "mop",
        "włączenie",
        "wlaczenie",
        "wyłączenie",
        "wylaczenie",
        "zablokowanie",
        "odblokowanie"
      ],
      "min_score": 3,
      "required_combinations": [
        [
          "mop",
          "włączenie"
        ],
        [
          "mop",
          "wlaczenie"
        ],
        [
          "mop",
          "wyłączenie"
        ],
        [
          "mop",
          "wylaczenie"
        ],
        [
          "mop",
          "zablokowanie"
        ],
        [
          "mop",
          "odblokowanie"
        ]
      ],
      "forbidden": [
        "pos",
        "mystore",
        "waystation",
        "cso",
        "kvs"
      ]
    },
    "POS  brak kafelków": {
      "keywords": [
        "pos",
        "brak",
        "kafelk",
        "kafelków",
        "kafelkow",
        "przycisk",
        "przyciski",
        "załadował",
        "nie"
      ],
      "min_score": 3,
      "required_combinations": [
        [
          "pos",
          "kafelk"
        ],
        [
          "pos",
          "brak"
        ],
        [
          "brak",
          "kafelk"
        ],
        [
          "pos",
          "przycisk"
        ]
      ],
      "forbidden": [
        "mystore",
        "rfm",
        "komunikacji",
        "dodania",
        "kasetk",
        "cfm",
        "zabawek",
        "waystation",
        "zamknięcie",
        "zamkniecie",
        "cso",
        "papier",
        "df",
        "drukark",
        "terminal",
        "pinpad",
        "zużycia",
        "intern",
        "alert",
        "mac",
        "połącze",
        "display",
        "mięso",
        "skaner",
        "refund",
        "netto",
        "combo",
        "dnia",
        "dotyk",
        "cod",
        "wiązk",
        "zdjęć"
      ]
    },
    "Autorelease  nie wpada automatycznie": {
      "keywords": [
        "autorelease",
        "automatycznie",
        "nie wpada",
        "glovo",
        "uber",
        "mop",
        "przesyłają",
        "przesylaja",
        "udrzuca zamówienia",
        "udrzuca zamowienia",
        "odrzucane zamówienia",
        "odrzucane zamówienia"
      ],
      "min_score": 3,
      "required_combinations": [
        [
          "automatycznie",
          "wpada"
        ],
        [
          "mop",
          "wpada"
        ],
        [
          "mop",
          "odrzuca"
        ]
      ],
      "forbidden": [
        "pos",
        "mystore",
        "waystation",
        "cso",
        "terminal",
        "hhot",
        "kupon",
        "daily",
        "dzienne",
        "drp",
        "cod",
        "menu",
        "abs"
      ]
    },
    "CSOxx  niedostępny": {
      "keywords": [
        "cso",
        "niedostępny",
        "niedostepny",
        "kiosk"
      ],
      "min_score": 2,
      "required_combinations": [
        [
          "cso",
          "niedostępny"
        ],
        [
          "cso",
          "niedostepny"
        ],
        [
          "kiosk",
          "niedostępny"
        ],
        [
          "kiosk",
          "niedostepny"
        ]
      ],
      "forbidden": [
        "waystation",
        "pos",
        "mystore",
        "mop",
        "offline"
      ]
    },
    "BOS/MAP  nie można się zalogować": {
      "keywords": [
        "bos",
        "map",
        "zalogować",
        "zalogowac",
        "logowanie",
        "login"
      ],
      "min_score": 3,
      "required_combinations": [
        [
          "bos",
          "zalogować"
        ],
        [
          "bos",
          "zalogowac"
        ],
        [
          "map",
          "zalogować"
        ],
        [
          "bos",
          "logowanie"
        ]
      ],
      "forbidden": [
        "mystore",
        "pos",
        "waystation",
        "cso",
        "cr",
        "cash recycler",
        "gotówkomat"
      ]
    },
    "KVSxx  zawieszone zamówienie": {
      "keywords": [
        "kvs",
        "zawieszone",
        "zawieszony",
        "wiszące",
        "wiszace",
        "monitor",
        "zamówienie",
        "zamowienie"
      ],
      "min_score": 3,
      "required_combinations": [
        [
          "kvs",
          "zawieszone"
        ],
        [
          "kvs",
          "zawieszony"
        ],
        [
          "kvs",
          "wiszące"
        ],
        [
          "kvs",
          "wiszace"
        ]
      ],
      "forbidden": [
        "pos",
        "cso",
        "waystation",
        "mystore"
      ]
    },
    "MyStore  dostawa nie zaksięgowała się": {
      "keywords": [
        "mystore",
        "ms",
        "dostawa",
        "zaksięgowała",
        "zaksiegowala",
        "zaksięgować",
        "zaksiegowac",
        "pojawić",
        "przeszła",
        "zaczyt"
      ],
      "min_score": 3,
      "required_combinations": [
        [
          "mystore",
          "dostawa"
        ],
        [
          "ms",
          "dostawa"
        ],
        [
          "dostawa",
          "zaksięgowała"
        ],
        [
          "dostawa",
          "zaksiegowala"
        ],
        [
          "brak",
          "dostawa"
        ],
        [
          "mystore",
          "zaksięgować"
        ],
        [
          "ms",
          "zaksięgować"
        ]
      ],
      "forbidden": [
        "background",
        "odbić",
        "odbic",
        "zerowe",
        "pos",
        "kaset",
        "półprodu"
      ]
    },
    "MyStore  brak czasów szybkości obsługi": {
      "keywords": [
        "mystore",
        "ms",
        "szybkości",
        "szybkosci",
        "obsługi",
        "obslugi",
        "czasów",
        "czasow",
        "szybkość",
        "szybkosc",
        "godzinow"
      ],
      "min_score": 3,
      "required_combinations": [
        [
          "mystore",
          "szybkości"
        ],
        [
          "mystore",
          "szybkosci"
        ],
        [
          "ms",
          "obsługi"
        ],
        [
          "ms",
          "obslugi"
        ],
        [
          "czasów",
          "obsługi"
        ],
        [
          "czasow",
          "obslugi"
        ]
      ],
      "forbidden": [
        "background",
        "dostawa",
        "zerowe",
        "pos",
        "kvs",
        "dt dashboard"
      ]
    },
    "Waystation  Nieprawidłowy dzień biznesowy": {
      "keywords": [
        "waystation",
        "dzień",
        "dzien",
        "biznesowy",
        "nieprawidłowy",
        "nieprawidlowy",
        "zły",
        "błędn",
        "way"
      ],
      "min_score": 4,
      "required_combinations": [
        [
          "waystation",
          "dzień"
        ],
        [
          "waystation",
          "dzien"
        ],
        [
          "waystation",
          "biznesowy"
        ],
        [
          "dzień",
          "biznesowy"
        ],
        [
          "dzien",
          "biznesowy"
        ]
      ],
      "forbidden": [
        "pos",
        "mystore",
        "offline",
        "cso",
        "przyczyny",
        "tr",
        "foe",
        "mop",
        "tap",
        "tablet",
        "zebra",
        "tab",
        "zuży"
      ]
    },
    "MyStore  zerowe wartości w dziennym rozliczeniu pieniędzy": {
      "keywords": [
        "mystore",
        "ms",
        "zerowe",
        "rozliczenie",
        "pieniądze",
        "pieniadze",
        "wartości",
        "wartosci",
        "drp",
        "dziennym"
      ],
      "min_score": 3,
      "required_combinations": [
        [
          "mystore",
          "zerowe"
        ],
        [
          "ms",
          "zerowe"
        ],
        [
          "ms",
          "rozliczenie"
        ],
        [
          "zerowe",
          "wartości"
        ],
        [
          "zerowe",
          "wartosci"
        ]
      ],
      "forbidden": [
        "background",
        "dostawa",
        "odbić",
        "odbic",
        "pos",
        "zużycie",
        "kasetek",
        "dostawa",
        "cr",
        "pos",
        "cso",
        "kiosk",
        "kasa"
      ]
    },
    "FOE63 - nieprawidłowy dzień biznesowy": {
      "keywords": [
        "foe",
        "nieprawid",
        "63",
        "dzie",
        "biznes",
        "dni",
        "mop"
      ],
      "min_score": 4,
      "required_combinations": [
        [
          "foe",
          "nieprawid",
          "mop"
        ],
        [
          "foe",
          "nieprawid"
        ],
        [
          "nieprawid",
          "dzie"
        ],
        [
          "nieprawid",
          "biznes"
        ],
        [
          "nieprawid",
          "dni"
        ]
      ],
      "forbidden": [
        "pos",
        "cso",
        "kvs",
        "ms",
        "mystore",
        "dt",
        "kiosk",
        "kasa",
        "tap45"
      ]
    },
    "MOP - brak fiskalizacji": {
      "keywords": [
        "mop",
        "brak",
        "fiskali",
        "zamówień",
        "df",
        "drukarka fiskalna",
        "foe"
      ],
      "min_score": 3,
      "required_combinations": [
        [
          "brak",
          "fiskalizacji"
        ]
      ],
      "forbidden": [
        "ms",
        "mystore",
        "pos",
        "kasa",
        "kiosk",
        "monitor"
      ]
    },
    "Mystore - brak zużycia": {
      "keywords": [
        "mystore",
        "ms",
        "brak",
        "zużycia"
      ],
      "min_score": 3,
      "required_combinations": [
        [
          "brak",
          "zużycia"
        ]
      ],
      "forbidden": [
        "kasa",
        "pos",
        "cso",
        "kiosk",
        "kvs",
        "monitor",
        "way"
      ]
    },
    "Mystore - brak danych w raporcie PMX": {
      "keywords": [
        "mystore",
        "ms",
        "brak",
        "dany",
        "dane",
        "raporcie",
        "raport",
        "pmx",
        "pmix"
      ],
      "min_score": 4,
      "required_combinations": [
        [
          "brak",
          "danych"
        ],
        [
          "raport",
          "pmx"
        ],
        [
          "ms",
          "pmx"
        ],
        [
          "mystore",
          "pmx"
        ]
      ],
      "forbidden": [
        "pos",
        "kasa",
        "cso",
        "kiosk",
        "zużycie",
        "dostawa",
        "kasetk",
        "way",
        "re",
        "kod",
        "obsługi",
        "obslugi",
        "inwentar",
        "hhot",
        "webcocpit",
        "drp",
        "godzinowej"
      ]
    },
    "POS - not initalized": {
      "keywords": [
        "pos",
        "kasa",
        "not",
        "initalized",
        "initialized"
      ],
      "min_score": 3,
      "required_combinations": [
        [
          "not",
          "initalized"
        ],
        [
          "POS",
          "Not",
          "initalized"
        ]
      ],
      "forbidden": [
        "cso",
        "kiosk",
        "way",
        "monitor",
        "kvs",
        "ms",
        "mystore",
        "terminal",
        "pinpad",
        "df",
        "drukarka fiskalna",
        "cr",
        "cash recycler",
        "gotówkomat",
        "skaner"
      ]
    },
    "POS/CSO - waystation offline": {
      "keywords": [
        "pos",
        "cso",
        "waystation",
        "way",
        "offline"
      ],
      "min_score": 3,
      "required_combinations": [
        [
          "way",
          "offline"
        ],
        [
          "waystation",
          "offline"
        ]
      ],
      "forbidden": [
        "monitor",
        "mystore",
        "ms",
        "kvs"
      ]
    },
    "POS/CSO - zawieszony": {
      "keywords": [
        "pos",
        "cso",
        "kasa",
        "kiosk",
        "wiesza",
        "zawieszony",
        "zawiesza",
        "zacięta",
        "zacina",
        "zacięty",
        "zacinają",
        "zaciął",
        "się",
        "nie reaguje",
        "zawieszona kasa",
        "ładowanie na 50%"
      ],
      "min_score": 3,
      "required_combinations": [
        [
          "pos",
          "zawieszony"
        ],
        [
          "cso",
          "zawieszony"
        ],
        [
          "cso",
          "zacięty"
        ],
        [
          "pos",
          "zacięta"
        ],
        [
          "pos",
          "zawiesiła"
        ],
        [
          "pos",
          "nie reaguje"
        ]
      ],
      "forbidden": [
        "kvs",
        "monitor",
        "way",
        "ms",
        "mystore",
        "dt",
        "dashboard",
        "acrelec",
        "pinpad",
        "terminal",
        "df",
        "drukarka fiskalna",
        "cr",
        "cash recycler",
        "gotówkomat",
        "skaner",
        "map",
        "bos",
        "waystation",
        "office",
        "backoffice",
        "back office"
      ]
    },
    "POS/CSO/DT - skaner nie działa": {
      "keywords": [
        "pos",
        "kasa",
        "cso",
        "dt",
        "skaner",
        "nie",
        "działa"
      ],
      "min_score": 3,
      "required_combinations": [
        [
          "pos",
          "skaner"
        ],
        [
          "cso",
          "skaner"
        ],
        [
          "dt",
          "skaner"
        ],
        [
          "skaner",
          "działa"
        ]
      ],
      "forbidden": [
        "kvs",
        "monitor",
        "ms",
        "mystore",
        "way",
        "waystation"
      ]
    },
    "POS/CSO/KVS - admin logon": {
      "keywords": [
        "pos",
        "cso",
        "kvs",
        "monitor",
        "kasa",
        "kiosk",
        "admin",
        "logon"
      ],
      "min_score": 3,
      "required_combinations": [
        [
          "admin",
          "logon"
        ]
      ],
      "forbidden": [
        "ms",
        "mystore",
        "way",
        "waystation"
      ]
    },
    "POS/CSO/KVS - czerwona M": {
      "keywords": [
        "pos",
        "kasa",
        "kiosk",
        "cso",
        "kvs",
        "monitor",
        "czerwona",
        "m",
        "żółt",
        "tło"
      ],
      "min_score": 3,
      "required_combinations": [
        [
          "żółte",
          "tło"
        ],
        [
          "czerwona",
          "m"
        ]
      ],
      "forbidden": [
        "way",
        "waystation",
        "ms",
        "mystore",
        "błąd komunikacji",
        "rfm",
        "bumbpar",
        "zamknięcie pos",
        "detach",
        "komunikacja"
      ]
    },
    "Waystation offline": {
      "keywords": [
        "way",
        "waystation",
        "offline",
        "off",
        "brak przyczny wystąpienia"
      ],
      "min_score": 2,
      "required_combinations": [
        [
          "waystation",
          "offline"
        ],
        [
          "way",
          "offline"
        ],
        [
          "waystation",
          "off"
        ],
        [
          "brak",
          "przyczyny",
          "wystąpienia"
        ],
        [
          "produkcja",
          "offline"
        ]
      ],
      "forbidden": [
        "kasa",
        "pos",
        "cso",
        "kiosk",
        "ms",
        "mystore",
        "kvs",
        "monitor",
        "terminal",
        "pinpad",
        "df",
        "drukarka",
        "cr",
        "cash recycler",
        "gotówkomat",
        "skaner",
        "hwa",
        "kasetk",
        "odzyskiwanie"
      ]
    },
    "Terminal - nie działa": {
      "keywords": [
        "terminal",
        "nie",
        "działa",
        "pinguje",
        "uszkodzony",
        "uszkodzone",
        "problem",
        "pinpad",
        "odrzuca",
        "płatność",
        "transakcję",
        "irruption",
        "iruption",
        "przyjmuje",
        "przechodzi"
      ],
      "min_score": 3,
      "required_combinations": [
        [
          "terminal",
          "nie"
        ],
        [
          "terminal",
          "działa"
        ],
        [
          "terminal",
          "uszkodzony"
        ],
        [
          "terminal",
          "problem"
        ],
        [
          "pinpad",
          "problem"
        ]
      ],
      "forbidden": [
        "monitor",
        "kvs",
        "mystore",
        "ms",
        "way",
        "waystation",
        "serwer"
      ]
    },
    "MyStore  background service nie gotowy/nie można się zalogować": {
      "keywords": [
        "mystore",
        "ms",
        "background",
        "service",
        "nie gotowy",
        "niedostępny",
        "niedostepny",
        "niegotow",
        "zalogować",
        "nie można"
      ],
      "min_score": 3,
      "required_combinations": [
        [
          "mystore",
          "background"
        ],
        [
          "ms",
          "background"
        ],
        [
          "background",
          "service"
        ],
        [
          "service",
          "nie"
        ],
        [
          "nie można",
          "zalogować"
        ],
        [
          "mystore",
          "zalogować"
        ],
        [
          "ms",
          "zalogować"
        ]
      ],
      "forbidden": [
        "odbić",
        "odbic",
        "dostawa",
        "zerowe",
        "pos",
        "czasowych",
        "table",
        "kiosk",
        "cso",
        "bo",
        "bos",
        "payroll",
        "map",
        "wyse",
        "office",
        "backoffice",
        "back office",
        "cash",
        "outlook",
        "cr",
        "kvs",
        "kasjera",
        "dnia"
      ]
    },
    "telefon serwisowy": {
      "keywords": [
        "telefon",
        "serwis"
      ],
      "min_score": 2,
      "required_combinations": [
        [
          "telefon",
          "serwisowy"
        ]
      ]
    }
  },
  "metadata": {
    "last_updated": "2025-08-05T10:53:30.241687",
    "version": "2.0",
    "rules_count": 26
  }
}